model;dataset;n_time_steps;MSE;RMSE;MAE;MAPE;sMAPE;Duration;Best Params
LSTM;IBM Stock prices;12;164,6319;12,830896;1,4711914;2,7708305045962334;1,44;364,83985447883606;LSTM (100,20,60) n_time_steps=12 epochs=200
LSTM;IBM Stock prices;24;46,656677;6,8305693;3,7622986;2,991961874067784;1,49;326,0359752178192;LSTM (60,20,100) n_time_steps=24 epochs=200
LSTM;IBM Stock prices;18;58,405926;7,642377;3,674034;3,063221648335457;1,53;220,04908394813532;LSTM (20,20,60) n_time_steps=18 epochs=200
LSTM;IBM Stock prices;3;107,792366;10,38231;2,9697266;3,049212694168091;1,54;52,99634003639221;LSTM (20,100,60) n_time_steps=3 epochs=200
LSTM;IBM Stock prices;18;52,275734;7,230196;3,9739914;3,146439790725708;1,56;232,8711004257202;LSTM (20,20,100) n_time_steps=18 epochs=200
LSTM;IBM Stock prices;3;165,29346;12,85665;2,1371613;3,082132153213024;1,59;44,96261596679688;LSTM (20,60,60) n_time_steps=3 epochs=200
LSTM;IBM Stock prices;15;59,237797;7,6966095;3,9023132;3,212383389472961;1,6;221,8142647743225;LSTM (20,20,60) n_time_steps=15 epochs=200
LSTM;TSLA Stock prices;9;129,97464;11,400642;7,3489456;3,3302173018455505;1,64;152,64830374717712;LSTM (100,100,60) n_time_steps=9 epochs=200
LSTM;TSLA Stock prices;9;157,89503;12,565629;7,5661926;3,394884243607521;1,67;135,9757914543152;LSTM (100,60,60) n_time_steps=9 epochs=200
LSTM;IBM Stock prices;3;188,50449;13,729693;2,1434937;3,251979500055313;1,68;49,37498712539673;LSTM (20,60,100) n_time_steps=3 epochs=200
LSTM;TSLA Stock prices;15;168,8492;12,994199;8,404297;3,663900122046471;1,81;169,3935363292694;LSTM (100,60,60) n_time_steps=15 epochs=200
LSTM;IBM Stock prices;15;80,941864;8,99677;4,293625;3,632872179150581;1,81;194,35889434814453;LSTM (20,20,20) n_time_steps=15 epochs=200
LSTM;IBM Stock prices;24;217,3864;14,744029;2,2645264;3,5106539726257324;1,82;305,683655500412;LSTM (20,100,20) n_time_steps=24 epochs=200
LSTM;IBM Stock prices;6;208,50125;14,439572;2,6467133;3,545964136719704;1,83;185,29752802848816;LSTM (100,100,20) n_time_steps=6 epochs=200
LSTM;IBM Stock prices;15;93,26576;9,65742;4,172226;3,652827814221382;1,83;255,7432563304901;LSTM (60,20,100) n_time_steps=15 epochs=200
LSTM;IBM Stock prices;3;229,85567;15,160992;2,2677307;3,529738634824753;1,84;46,96698713302612;LSTM (60,60,60) n_time_steps=3 epochs=200
LSTM;IBM Stock prices;3;199,92163;14,139364;2,7405243;3,5680368542671204;1,84;42,57077431678772;LSTM (20,60,20) n_time_steps=3 epochs=200
LSTM;TSLA Stock prices;9;177,76958;13,333026;8,310356;3,777571022510529;1,85;131,83807039260864;LSTM (20,20,100) n_time_steps=9 epochs=200
LSTM;IBM Stock prices;3;211,74808;14,551566;2,6865387;3,61010879278183;1,86;44,82559251785278;LSTM (20,20,60) n_time_steps=3 epochs=200
LSTM;TSLA Stock prices;9;153,84875;12,403579;8,455856;3,829279914498329;1,88;121,1675136089325;LSTM (20,20,60) n_time_steps=9 epochs=200
LSTM;TSLA Stock prices;9;248,08;15,750556;8,280441;3,880701214075089;1,9;154,2113287448883;LSTM (100,60,100) n_time_steps=9 epochs=200
LSTM;TSLA Stock prices;15;164,42537;12,822845;9,269897;3,8696367293596254;1,9;183,25694727897644;LSTM (100,100,60) n_time_steps=15 epochs=200
LSTM;IBM Stock prices;18;140,09586;11,836209;3,667389;3,779769316315651;1,92;246,4583051204681;LSTM (60,20,60) n_time_steps=18 epochs=200
LSTM;IBM Stock prices;12;111,74471;10,570937;4,223854;3,815798461437225;1,92;192,0790867805481;LSTM (20,20,60) n_time_steps=12 epochs=200
LSTM;IBM Stock prices;21;154,37048;12,424592;3,5355835;3,772428631782532;1,92;223,83443307876587;LSTM (20,20,60) n_time_steps=21 epochs=200
LSTM;IBM Stock prices;15;192,2428;13,865165;3,1651764;3,779876232147217;1,94;260,65119671821594;LSTM (100,60,100) n_time_steps=15 epochs=200
LSTM;IBM Stock prices;24;204,51599;14,300909;2,9971352;3,8380399346351615;1,98;259,0873954296112;LSTM (60,20,60) n_time_steps=24 epochs=200
LSTM;IBM Stock prices;18;280,74088;16,755323;2,1266823;3,790557384490967;1,99;302,7078821659088;LSTM (100,100,60) n_time_steps=18 epochs=200
LSTM;TSLA Stock prices;3;244,95175;15,650934;8,479088;3,9638973772525774;2,0;20,91858530044556;LSTM (20,60,60) n_time_steps=3 epochs=200
LSTM;IBM Stock prices;18;217,72974;14,755668;3,16391;3,884425386786461;2,0;269,2513916492462;LSTM (100,100,20) n_time_steps=18 epochs=200
LSTM;IBM Stock prices;18;230,61485;15,186008;2,8555145;3,8834132254123688;2,01;245,80064940452576;LSTM (60,60,60) n_time_steps=18 epochs=200
LSTM;IBM Stock prices;21;260,21115;16,131062;2,555252;3,885015845298767;2,02;298,95656538009644;LSTM (60,100,60) n_time_steps=21 epochs=200
LSTM;TSLA Stock prices;21;174,54042;13,211374;9,702492;4,126366972923279;2,02;223,8106553554535;LSTM (100,100,60) n_time_steps=21 epochs=200
LSTM;IBM Stock prices;21;142,75908;11,948183;4,105072;3,986908867955208;2,02;201,8781702518463;LSTM (20,20,20) n_time_steps=21 epochs=200
LSTM;IBM Stock prices;24;155,14572;12,45575;3,9643936;4,005370661616325;2,03;280,62078404426575;LSTM (100,20,20) n_time_steps=24 epochs=200
LSTM;IBM Stock prices;21;177,43681;13,320541;3,6885986;4,000924155116081;2,04;255,0153031349182;LSTM (60,20,100) n_time_steps=21 epochs=200
LSTM;IBM Stock prices;12;188,27615;13,721375;3,6118698;3,981157392263413;2,04;186,75211215019223;LSTM (60,60,20) n_time_steps=12 epochs=200
LSTM;IBM Stock prices;18;163,33478;12,78025;3,8974228;4,021123051643372;2,04;191,4518320560456;LSTM (20,20,20) n_time_steps=18 epochs=200
LSTM;IBM Stock prices;21;206,22012;14,360367;3,4765701;4,004931449890137;2,05;265,4418365955353;LSTM (20,100,20) n_time_steps=21 epochs=200
LSTM;IBM Stock prices;3;231,55034;15,216778;3,356247;4,000573232769966;2,06;45,15837669372559;LSTM (20,100,20) n_time_steps=3 epochs=200
LSTM;IBM Stock prices;6;200,50726;14,160059;3,7473755;4,036691039800644;2,06;156,68296599388125;LSTM (60,100,20) n_time_steps=6 epochs=200
LSTM;IBM Stock prices;18;272,78796;16,516294;2,5567703;3,956640511751175;2,07;273,9373004436493;LSTM (100,60,100) n_time_steps=18 epochs=200
LSTM;TSLA Stock prices;24;250,79674;15,836563;9,848389;4,166270419955254;2,07;290,07270097732544;LSTM (100,100,100) n_time_steps=24 epochs=200
LSTM;TSLA Stock prices;18;205,188;14,324385;9,795258;4,263045638799667;2,1;186,3835892677307;LSTM (100,60,60) n_time_steps=18 epochs=200
LSTM;TSLA Stock prices;9;243,96631;15,619421;9,954323;4,230721667408943;2,1;127,669118642807;LSTM (60,100,60) n_time_steps=9 epochs=200
LSTM;IBM Stock prices;15;201,38104;14,190879;3,710167;4,129632189869881;2,11;262,5346386432648;LSTM (100,100,60) n_time_steps=15 epochs=200
LSTM;TSLA Stock prices;3;261,98248;16,185873;9,076248;4,23719547688961;2,11;21,17830801010132;LSTM (60,20,100) n_time_steps=3 epochs=200
LSTM;IBM Stock prices;3;282,66544;16,812656;2,7640533;4,041063413023949;2,11;50,14073204994202;LSTM (100,60,60) n_time_steps=3 epochs=200
LSTM;IBM Stock prices;6;278,98636;16,702885;3,0384445;4,087775573134422;2,13;158,78188967704773;LSTM (60,100,60) n_time_steps=6 epochs=200
LSTM;TSLA Stock prices;12;260,72852;16,14709;9,889893;4,3029747903347015;2,14;140,43580722808838;LSTM (100,20,100) n_time_steps=12 epochs=200
LSTM;IBM Stock prices;12;139,51096;11,811476;4,889366;4,279549419879913;2,15;189,93577790260315;LSTM (20,20,100) n_time_steps=12 epochs=200
LSTM;IBM Stock prices;3;291,7805;17,081583;2,990265;4,166603833436966;2,17;46,55058932304382;LSTM (60,60,20) n_time_steps=3 epochs=200
LSTM;IBM Stock prices;18;307,19205;17,526896;2,5528603;4,142052680253983;2,17;290,38238048553467;LSTM (100,100,100) n_time_steps=18 epochs=200
LSTM;TSLA Stock prices;24;275,2159;16,589632;10,198425;4,349458962678909;2,17;233,7066874504089;LSTM (20,100,100) n_time_steps=24 epochs=200
LSTM;IBM Stock prices;12;279,08127;16,705725;3,101143;4,203341156244278;2,19;236,16620182991028;LSTM (100,100,100) n_time_steps=12 epochs=200
LSTM;IBM Stock prices;9;226,14699;15,038184;3,887146;4,281327873468399;2,19;174,71776747703552;LSTM (20,60,100) n_time_steps=9 epochs=200
LSTM;IBM Stock prices;24;191,13322;13,825094;4,054863;4,3006282299757;2,19;240,12964963912964;LSTM (20,20,100) n_time_steps=24 epochs=200
LSTM;TSLA Stock prices;12;189,88934;13,780034;10,373077;4,51548844575882;2,19;146,0512993335724;LSTM (100,100,60) n_time_steps=12 epochs=200
LSTM;TSLA Stock prices;15;235,5772;15,348524;10,460213;4,4661931693553925;2,2;143,35210752487183;LSTM (20,20,100) n_time_steps=15 epochs=200
LSTM;TSLA Stock prices;24;244,26425;15,628956;10,759064;4,461070895195007;2,2;216,4834921360016;LSTM (60,60,20) n_time_steps=24 epochs=200
LSTM;IBM Stock prices;15;151,65485;12,314822;4,879471;4,390856251120567;2,21;191,8949978351593;LSTM (20,60,20) n_time_steps=15 epochs=200
LSTM;IBM Stock prices;9;168,93944;12,99767;4,750473;4,37483973801136;2,21;189,66916799545288;LSTM (20,100,100) n_time_steps=9 epochs=200
LSTM;IBM Stock prices;3;311,75473;17,656578;2,958191;4,244831204414368;2,22;48,09796214103699;LSTM (60,100,20) n_time_steps=3 epochs=200
LSTM;IBM Stock prices;24;234,18326;15,303047;3,7673416;4,337411746382713;2,23;302,1326463222504;LSTM (60,60,60) n_time_steps=24 epochs=200
LSTM;IBM Stock prices;12;200,03265;14,1432905;4,3137894;4,386423155665398;2,23;211,3685655593872;LSTM (60,20,20) n_time_steps=12 epochs=200
LSTM;TSLA Stock prices;12;224,2576;14,975233;10,894165;4,562646150588989;2,24;127,52883982658386;LSTM (100,20,60) n_time_steps=12 epochs=200
LSTM;IBM Stock prices;15;171,516;13,096412;4,744583;4,46121022105217;2,25;209,8218536376953;LSTM (20,20,100) n_time_steps=15 epochs=200
LSTM;IBM Stock prices;9;193,32935;13,904292;4,5970764;4,444253072142601;2,25;193,1721065044403;LSTM (20,100,60) n_time_steps=9 epochs=200
LSTM;IBM Stock prices;6;308,5657;17,566038;3,090454;4,313882812857628;2,25;182,8511517047882;LSTM (100,100,60) n_time_steps=6 epochs=200
LSTM;IBM Stock prices;18;141,04138;11,876084;5,2243385;4,504277557134628;2,26;268,50681495666504;LSTM (20,60,100) n_time_steps=18 epochs=200
LSTM;IBM Stock prices;21;257,39005;16,04338;3,512558;4,382390528917313;2,26;250,09619069099423;LSTM (100,20,60) n_time_steps=21 epochs=200
LSTM;IBM Stock prices;21;165,40065;12,860819;4,756935;4,475084692239761;2,26;232,8067791461945;LSTM (20,60,20) n_time_steps=21 epochs=200
LSTM;IBM Stock prices;12;270,66678;16,451954;3,5399246;4,36028465628624;2,26;224,22989654541016;LSTM (100,100,60) n_time_steps=12 epochs=200
LSTM;IBM Stock prices;21;243,05379;15,590182;3,6473312;4,40845713019371;2,27;218,25128030776972;LSTM (20,20,100) n_time_steps=21 epochs=200
LSTM;IBM Stock prices;9;196,33795;14,012065;4,6440735;4,481051489710808;2,27;157,86494851112366;LSTM (20,100,20) n_time_steps=9 epochs=200
LSTM;IBM Stock prices;9;255,77705;15,9930315;3,9141235;4,436596855521202;2,28;158,83730721473694;LSTM (20,60,60) n_time_steps=9 epochs=200
LSTM;IBM Stock prices;15;197,46645;14,052276;4,568573;4,490159451961517;2,28;212,9744443893433;LSTM (100,60,20) n_time_steps=15 epochs=200
LSTM;TSLA Stock prices;3;324,1968;18,005466;10,602661;4,655445367097855;2,29;30,89173436164856;LSTM (100,100,100) n_time_steps=3 epochs=200
LSTM;IBM Stock prices;24;258,94608;16,0918;3,6410599;4,435320943593979;2,29;226,66425609588623;LSTM (20,20,60) n_time_steps=24 epochs=200
LSTM;IBM Stock prices;12;239,54448;15,477224;4,110012;4,487063363194466;2,3;207,8122580051422;LSTM (100,60,100) n_time_steps=12 epochs=200
LSTM;IBM Stock prices;12;201,53046;14,196142;4,592903;4,527728259563446;2,3;165,24269604682922;LSTM (20,60,60) n_time_steps=12 epochs=200
LSTM;IBM Stock prices;15;143,76616;11,9902525;5,433304;4,6206284314394;2,31;222,9573624134064;LSTM (20,60,100) n_time_steps=15 epochs=200
LSTM;TSLA Stock prices;12;270,15665;16,436443;10,967209;4,668223485350609;2,31;133,5375952720642;LSTM (20,20,100) n_time_steps=12 epochs=200
LSTM;TSLA Stock prices;24;275,0352;16,584185;11,478806;4,66533750295639;2,31;230,320348739624;LSTM (100,60,100) n_time_steps=24 epochs=200
LSTM;IBM Stock prices;3;170,26343;13,048503;5,165085;4,583354294300079;2,31;56,75338006019592;LSTM (20,100,100) n_time_steps=3 epochs=200
LSTM;IBM Stock prices;9;208,03445;14,4234;4,6342316;4,557684063911438;2,31;144,92224383354187;LSTM (60,60,20) n_time_steps=9 epochs=200
LSTM;IBM Stock prices;3;349,70383;18,700369;2,9310913;4,409577697515488;2,32;54,37041616439819;LSTM (60,60,100) n_time_steps=3 epochs=200
LSTM;TSLA Stock prices;12;296,4928;17,218966;10,9339905;4,706306010484695;2,33;119,19317746162416;LSTM (60,60,60) n_time_steps=12 epochs=200
LSTM;IBM Stock prices;3;255,42805;15,982117;4,1511536;4,534167796373367;2,33;41,40517902374268;LSTM (20,20,20) n_time_steps=3 epochs=200
LSTM;TSLA Stock prices;3;320,65903;17,906954;10,089996;4,548029229044914;2,33;19,852986574172974;LSTM (20,100,20) n_time_steps=3 epochs=200
LSTM;TSLA Stock prices;3;361,81512;19,021439;9,957993;4,555756226181984;2,33;22,21446633338928;LSTM (60,60,60) n_time_steps=3 epochs=200
LSTM;IBM Stock prices;18;285,32004;16,891418;3,5850182;4,545745253562927;2,35;191,88761472702024;LSTM (20,60,20) n_time_steps=18 epochs=200
LSTM;IBM Stock prices;24;148,45747;12,184313;5,481289;4,701945930719376;2,36;229,2685434818268;LSTM (20,60,60) n_time_steps=24 epochs=200
LSTM;IBM Stock prices;12;119,558395;10,934277;5,933895;4,738300293684006;2,36;181,54719805717468;LSTM (60,20,60) n_time_steps=12 epochs=200
LSTM;IBM Stock prices;3;294,4128;17,158463;3,8937225;4,579668119549751;2,37;48,30519413948059;LSTM (20,20,100) n_time_steps=3 epochs=200
LSTM;IBM Stock prices;3;344,82147;18,569368;3,1919098;4,519025608897209;2,37;49,34209203720093;LSTM (100,60,20) n_time_steps=3 epochs=200
LSTM;TSLA Stock prices;21;278,76047;16,696121;11,142738;4,825801774859428;2,37;179,0286569595337;LSTM (100,20,60) n_time_steps=21 epochs=200
LSTM;IBM Stock prices;24;177,32428;13,316317;5,169586;4,712260887026787;2,38;272,0994358062744;LSTM (60,60,20) n_time_steps=24 epochs=200
LSTM;IBM Stock prices;18;188,19702;13,718492;5,119442;4,745499789714813;2,39;232,5898368358612;LSTM (20,100,100) n_time_steps=18 epochs=200
LSTM;IBM Stock prices;12;167,6029;12,946154;5,460228;4,760308191180229;2,39;178,24743103981018;LSTM (20,60,100) n_time_steps=12 epochs=200
LSTM;IBM Stock prices;24;151,49417;12,308297;5,715893;4,804740101099014;2,4;207,49133968353271;LSTM (20,60,20) n_time_steps=24 epochs=200
LSTM;TSLA Stock prices;24;330,68283;18,184687;11,530182;4,857385531067848;2,41;228,39816188812256;LSTM (60,20,60) n_time_steps=24 epochs=200
LSTM;TSLA Stock prices;15;312,84726;17,687489;11,339638;4,866104573011398;2,41;120,65265703201294;LSTM (60,60,20) n_time_steps=15 epochs=200
LSTM;IBM Stock prices;3;410,23203;20,254185;2,5959778;4,549488052725792;2,41;93,69449663162231;LSTM (60,100,100) n_time_steps=3 epochs=200
LSTM;TSLA Stock prices;21;323,9591;17,998863;11,541031;4,870438203215599;2,42;192,2267987728119;LSTM (100,60,100) n_time_steps=21 epochs=200
LSTM;TSLA Stock prices;9;261,88342;16,182812;11,062454;4,949117451906204;2,42;99,34523963928224;LSTM (20,20,20) n_time_steps=9 epochs=200
LSTM;IBM Stock prices;18;209,19003;14,463404;4,847252;4,770993441343308;2,42;211,07774448394773;LSTM (100,60,20) n_time_steps=18 epochs=200
LSTM;TSLA Stock prices;18;352,0439;18,762833;11,412476;4,871947690844536;2,43;160,70969152450562;LSTM (100,20,20) n_time_steps=18 epochs=200
LSTM;IBM Stock prices;18;137,00342;11,704846;5,993477;4,882195591926575;2,43;221,84609055519104;LSTM (20,60,60) n_time_steps=18 epochs=200
LSTM;IBM Stock prices;12;224,3774;14,979232;4,9324265;4,792444780468941;2,44;176,75863337516785;LSTM (60,100,20) n_time_steps=12 epochs=200
LSTM;IBM Stock prices;18;225,28986;15,009659;4,7813644;4,808451235294342;2,44;179,9863042831421;LSTM (20,100,20) n_time_steps=18 epochs=200
LSTM;IBM Stock prices;9;297,42087;17,245893;4,114929;4,747658222913742;2,45;159,8410336971283;LSTM (60,100,100) n_time_steps=9 epochs=200
LSTM;IBM Stock prices;12;202,36711;14,225579;5,244835;4,849143698811531;2,45;180,73893690109253;LSTM (20,100,20) n_time_steps=12 epochs=200
LSTM;IBM Stock prices;24;215,20598;14,669901;4,8512306;4,821314290165901;2,45;276,47886180877686;LSTM (100,20,100) n_time_steps=24 epochs=200
LSTM;IBM Stock prices;15;196,0372;14,001328;5,3099976;4,848365858197212;2,45;218,96513772010803;LSTM (100,100,20) n_time_steps=15 epochs=200
LSTM;IBM Stock prices;15;158,40244;12,585803;5,8888245;4,912874102592468;2,46;227,031272649765;LSTM (20,100,20) n_time_steps=15 epochs=200
LSTM;IBM Stock prices;3;406,42767;20,160051;2,9477692;4,650905728340149;2,46;79,12301087379456;LSTM (100,100,20) n_time_steps=3 epochs=200
LSTM;IBM Stock prices;24;244,1244;15,624481;4,740429;4,822195693850517;2,46;282,4887204170227;LSTM (60,100,20) n_time_steps=24 epochs=200
LSTM;IBM Stock prices;12;195,23387;13,972611;5,401306;4,891457781195641;2,47;178,43198680877686;LSTM (20,100,60) n_time_steps=12 epochs=200
LSTM;IBM Stock prices;24;280,02417;16,733923;4,1402283;4,788044840097427;2,47;268,07926964759827;LSTM (20,60,100) n_time_steps=24 epochs=200
LSTM;IBM Stock prices;12;192,64816;13,879775;5,4353027;4,9044061452150345;2,47;228,5024468898773;LSTM (100,100,20) n_time_steps=12 epochs=200
LSTM;TSLA Stock prices;18;347,28616;18,635616;11,977615;4,992415755987167;2,48;193,0660893917084;LSTM (100,100,100) n_time_steps=18 epochs=200
LSTM;TSLA Stock prices;18;277,4294;16,656212;12,397491;5,063028261065483;2,48;171,1562397480011;LSTM (100,100,20) n_time_steps=18 epochs=200
LSTM;IBM Stock prices;21;163,61064;12,791038;5,824272;4,978150129318237;2,49;195,3430328369141;LSTM (20,60,60) n_time_steps=21 epochs=200
LSTM;TSLA Stock prices;24;318,5138;17,846954;12,469025;5,0269510596990585;2,49;191,0224297046661;LSTM (20,100,60) n_time_steps=24 epochs=200
LSTM;TSLA Stock prices;15;365,97757;19,13054;11,927048;4,995790496468544;2,49;171,60473585128784;LSTM (100,100,100) n_time_steps=15 epochs=200
LSTM;IBM Stock prices;24;258,6393;16,082268;4,6473923;4,8754531890153885;2,5;312,0476038455963;LSTM (100,100,60) n_time_steps=24 epochs=200
LSTM;IBM Stock prices;12;260,6983;16,146154;4,7511063;4,90349642932415;2,51;174,3964512348175;LSTM (60,60,60) n_time_steps=12 epochs=200
LSTM;IBM Stock prices;9;264,886;16,275318;4,757904;4,910385236144066;2,51;168,58566999435425;LSTM (100,100,20) n_time_steps=9 epochs=200
LSTM;IBM Stock prices;15;225,37508;15,012497;5,146797;4,947316646575928;2,51;200,52141308784485;LSTM (60,60,60) n_time_steps=15 epochs=200
LSTM;IBM Stock prices;18;319,6703;17,879326;3,91053;4,867454245686531;2,52;194,6269147396088;LSTM (60,60,20) n_time_steps=18 epochs=200
LSTM;TSLA Stock prices;15;278,88577;16,699873;11,902824;5,158057436347008;2,52;103,16086745262146;LSTM (20,20,20) n_time_steps=15 epochs=200
LSTM;IBM Stock prices;6;343,7517;18,540543;3,7556953;4,847550019621849;2,52;61,19317317008972;LSTM (20,100,20) n_time_steps=6 epochs=200
LSTM;IBM Stock prices;12;311,08984;17,63774;4,263504;4,907099902629852;2,53;170,5299689769745;LSTM (100,60,20) n_time_steps=12 epochs=200
LSTM;TSLA Stock prices;18;325,49768;18,041553;12,346436;5,124512314796448;2,53;147,81459188461304;LSTM (100,60,20) n_time_steps=18 epochs=200
LSTM;TSLA Stock prices;21;335,96658;18,329391;12,62973;5,126463249325752;2,54;228,93908977508545;LSTM (100,100,100) n_time_steps=21 epochs=200
LSTM;TSLA Stock prices;12;312,86142;17,68789;12,3203125;5,1854208111763;2,55;117,62612390518188;LSTM (100,100,20) n_time_steps=12 epochs=200
LSTM;TSLA Stock prices;6;387,9323;19,695997;11,811523;5,112973600625992;2,55;92,11110186576845;LSTM (100,100,60) n_time_steps=6 epochs=200
LSTM;IBM Stock prices;21;350,42636;18,719679;3,7550964;4,888627305626869;2,55;225,8747582435608;LSTM (100,60,20) n_time_steps=21 epochs=200
LSTM;IBM Stock prices;6;399,08392;19,977085;3,494976;4,888597130775452;2,57;138,63889455795288;LSTM (60,100,100) n_time_steps=6 epochs=200
LSTM;IBM Stock prices;9;339,12225;18,415272;4,1600647;4,964733496308327;2,57;152,14518809318542;LSTM (60,60,100) n_time_steps=9 epochs=200
LSTM;TSLA Stock prices;18;349,60397;18,6977;12,9198;5,239090695977211;2,59;175,40999126434326;LSTM (60,100,100) n_time_steps=18 epochs=200
LSTM;TSLA Stock prices;3;436,57263;20,894321;12,245117;5,328372120857239;2,59;23,986588954925537;LSTM (100,60,100) n_time_steps=3 epochs=200
LSTM;TSLA Stock prices;24;363,0105;19,052834;12,7825165;5,256593972444534;2,6;220,35794115066528;LSTM (60,100,60) n_time_steps=24 epochs=200
LSTM;IBM Stock prices;9;330,86383;18,189663;4,389572;5,022439360618591;2,6;171,0044505596161;LSTM (100,60,60) n_time_steps=9 epochs=200
LSTM;TSLA Stock prices;9;360,0665;18,975418;12,4313965;5,259820073843002;2,6;105,48330974578856;LSTM (60,20,60) n_time_steps=9 epochs=200
LSTM;TSLA Stock prices;24;388,16684;19,70195;12,676605;5,245146527886391;2,61;210,05636858940125;LSTM (100,100,60) n_time_steps=24 epochs=200
LSTM;TSLA Stock prices;12;394,0496;19,850683;12,636688;5,246145650744438;2,61;126,99885034561156;LSTM (100,60,100) n_time_steps=12 epochs=200
LSTM;IBM Stock prices;9;255,56534;15,986411;5,3853226;5,176214128732681;2,63;151,69830107688904;LSTM (60,100,60) n_time_steps=9 epochs=200
LSTM;TSLA Stock prices;15;343,89813;18,54449;13,113625;5,34064881503582;2,64;123,22659182548524;LSTM (60,20,60) n_time_steps=15 epochs=200
LSTM;TSLA Stock prices;3;497,27002;22,299553;10,926651;5,231336131691933;2,64;94,93862891197205;LSTM (100,60,60) n_time_steps=3 epochs=200
LSTM;IBM Stock prices;24;161,18132;12,695721;6,5391808;5,315839499235153;2,65;268,70600056648254;LSTM (20,100,60) n_time_steps=24 epochs=200
LSTM;TSLA Stock prices;9;434,5924;20,84688;12,084267;5,294671654701233;2,65;118,752037525177;LSTM (100,100,100) n_time_steps=9 epochs=200
LSTM;IBM Stock prices;15;187,3103;13,686135;6,307846;5,3067851811647415;2,66;240,03731513023376;LSTM (20,100,60) n_time_steps=15 epochs=200
LSTM;IBM Stock prices;15;167,9274;12,95868;6,6151276;5,361794680356979;2,67;195,67790746688843;LSTM (20,60,60) n_time_steps=15 epochs=200
LSTM;TSLA Stock prices;24;378,96118;19,466925;13,350098;5,411040410399437;2,68;193,7405436038971;LSTM (100,20,100) n_time_steps=24 epochs=200
LSTM;TSLA Stock prices;15;348,9374;18,679867;13,277512;5,455625802278519;2,69;121,25609064102171;LSTM (20,60,60) n_time_steps=15 epochs=200
LSTM;IBM Stock prices;9;319,13663;17,864395;4,943367;5,238285288214684;2,69;182,36177945137024;LSTM (100,100,100) n_time_steps=9 epochs=200
LSTM;TSLA Stock prices;3;507,4577;22,526821;11,624428;5,234728381037712;2,69;22,50028419494629;LSTM (100,20,100) n_time_steps=3 epochs=200
LSTM;IBM Stock prices;12;164,59471;12,829447;6,7835083;5,42440377175808;2,7;185,1106765270233;LSTM (20,100,100) n_time_steps=12 epochs=200
LSTM;TSLA Stock prices;15;397,06967;19,926607;12,798607;5,441665649414063;2,7;119,51148724555968;LSTM (60,60,60) n_time_steps=15 epochs=200
LSTM;TSLA Stock prices;24;384,62262;19,611797;13,546173;5,450958013534546;2,7;171,72120118141174;LSTM (20,20,100) n_time_steps=24 epochs=200
LSTM;IBM Stock prices;9;358,37808;18,930876;4,4934464;5,199863389134407;2,7;173,0156388282776;LSTM (100,100,60) n_time_steps=9 epochs=200
LSTM;TSLA Stock prices;9;399,9694;19,999235;12,901375;5,450873076915741;2,7;107,7768542766571;LSTM (60,60,100) n_time_steps=9 epochs=200
LSTM;IBM Stock prices;3;414,65533;20,363087;3,837738;5,14647401869297;2,7;55,567609786987305;LSTM (100,60,100) n_time_steps=3 epochs=200
LSTM;TSLA Stock prices;18;373,36322;19,322609;12,882065;5,482057109475136;2,71;122,57069420814514;LSTM (20,60,20) n_time_steps=18 epochs=200
LSTM;IBM Stock prices;24;255,5342;15,985437;5,524193;5,321751162409782;2,71;311,9456825256348;LSTM (60,100,60) n_time_steps=24 epochs=200
LSTM;IBM Stock prices;24;191,17128;13,82647;6,376854;5,416513606905937;2,71;291,8383438587189;LSTM (60,60,100) n_time_steps=24 epochs=200
LSTM;IBM Stock prices;6;374,22647;19,344934;4,2793846;5,207564681768417;2,71;104,75104546546936;LSTM (20,100,60) n_time_steps=6 epochs=200
LSTM;IBM Stock prices;15;271,65643;16,482004;5,4734497;5,340362340211868;2,72;190,097971200943;LSTM (100,60,60) n_time_steps=15 epochs=200
LSTM;IBM Stock prices;21;150,72197;12,276888;7,0223846;5,482342839241028;2,72;241,79340744018555;LSTM (20,100,60) n_time_steps=21 epochs=200
LSTM;IBM Stock prices;18;233,43954;15,2787285;5,8274155;5,389481782913208;2,72;200,4563958644867;LSTM (60,60,100) n_time_steps=18 epochs=200
LSTM;TSLA Stock prices;6;466,8095;21,605776;12,426651;5,445017293095589;2,72;88,88191080093384;LSTM (60,60,100) n_time_steps=6 epochs=200
LSTM;TSLA Stock prices;21;404,63132;20,11545;13,001076;5,499900504946709;2,73;157,30854773521423;LSTM (60,100,60) n_time_steps=21 epochs=200
LSTM;TSLA Stock prices;21;359,8752;18,970377;13,72403;5,554885044693947;2,73;139,43610644340515;LSTM (20,60,20) n_time_steps=21 epochs=200
LSTM;IBM Stock prices;24;279,70926;16,72451;5,3846436;5,365244671702385;2,74;304,2811760902405;LSTM (100,60,100) n_time_steps=24 epochs=200
LSTM;IBM Stock prices;15;299,76743;17,313793;5,1535797;5,344626307487488;2,74;205,92124009132385;LSTM (60,60,100) n_time_steps=15 epochs=200
LSTM;TSLA Stock prices;21;407,38715;20,183834;13,761719;5,528714135289192;2,74;179,65080428123474;LSTM (100,20,100) n_time_steps=21 epochs=200
LSTM;IBM Stock prices;21;171,65942;13,101886;6,789871;5,519784986972809;2,75;289,0982069969177;LSTM (20,60,100) n_time_steps=21 epochs=200
LSTM;TSLA Stock prices;6;476,77374;21,83515;12,512238;5,502118915319443;2,75;79,91404628753662;LSTM (60,100,60) n_time_steps=6 epochs=200
LSTM;IBM Stock prices;18;264,1945;16,25406;5,720337;5,446207523345947;2,76;182,8405604362488;LSTM (60,100,20) n_time_steps=18 epochs=200
LSTM;IBM Stock prices;12;220,66916;14,854938;6,281227;5,497897043824196;2,77;178,9529254436493;LSTM (100,60,60) n_time_steps=12 epochs=200
LSTM;TSLA Stock prices;15;386,67886;19,664152;13,484291;5,5988069623708725;2,77;121,99390888214111;LSTM (100,20,100) n_time_steps=15 epochs=200
LSTM;TSLA Stock prices;12;425,2141;20,62072;13,258881;5,583135783672333;2,77;113,66027307510376;LSTM (20,100,60) n_time_steps=12 epochs=200
LSTM;TSLA Stock prices;24;399,3952;19,984875;14,128754;5,616766214370728;2,78;216,11318397521973;LSTM (60,60,100) n_time_steps=24 epochs=200
LSTM;TSLA Stock prices;18;376,71448;19,409134;13,888336;5,654295906424522;2,79;110,2183153629303;LSTM (20,20,60) n_time_steps=18 epochs=200
LSTM;TSLA Stock prices;18;380,33194;19,5021;13,609573;5,647817254066467;2,79;119,72215127944946;LSTM (60,20,60) n_time_steps=18 epochs=200
LSTM;IBM Stock prices;18;194,86513;13,95941;6,7051926;5,591040477156639;2,8;212,16312646865845;LSTM (100,60,60) n_time_steps=18 epochs=200
LSTM;TSLA Stock prices;18;388,10934;19,70049;13,869812;5,67568764090538;2,8;131,79017615318298;LSTM (60,20,20) n_time_steps=18 epochs=200
LSTM;TSLA Stock prices;18;458,2307;21,406324;13,222931;5,627220869064331;2,81;144,6731584072113;LSTM (100,100,60) n_time_steps=18 epochs=200
LSTM;IBM Stock prices;15;216,97598;14,730104;6,511795;5,591283738613129;2,81;214,7586886882782;LSTM (60,100,20) n_time_steps=15 epochs=200
LSTM;IBM Stock prices;18;244,42993;15,634255;6,100708;5,562789365649223;2,81;207,39909744262687;LSTM (60,100,100) n_time_steps=18 epochs=200
LSTM;TSLA Stock prices;3;600,6177;24,507502;11,6280365;5,572940409183502;2,83;84,10071086883545;LSTM (100,100,60) n_time_steps=3 epochs=200
LSTM;TSLA Stock prices;15;436,06052;20,882063;13,302307;5,692979320883751;2,83;118,4686198234558;LSTM (20,100,60) n_time_steps=15 epochs=200
LSTM;TSLA Stock prices;24;416,99176;20,420376;14,339157;5,7074107229709625;2,83;144,29837679862976;LSTM (20,20,20) n_time_steps=24 epochs=200
LSTM;TSLA Stock prices;21;484,38184;22,008677;13,416969;5,683775991201401;2,84;160,3907482624054;LSTM (60,60,100) n_time_steps=21 epochs=200
LSTM;IBM Stock prices;21;224,09485;14,969798;6,468994;5,6414250284433365;2,84;232,4666464328766;LSTM (100,60,60) n_time_steps=21 epochs=200
LSTM;TSLA Stock prices;9;474,74942;21,788746;13,133049;5,708848685026169;2,84;104,0875449180603;LSTM (60,100,20) n_time_steps=9 epochs=200
LSTM;TSLA Stock prices;21;448,04813;21,167147;14,407761;5,763804167509079;2,86;163,23222160339355;LSTM (60,20,100) n_time_steps=21 epochs=200
LSTM;TSLA Stock prices;6;476,0775;21,8192;12,196411;5,642405524849892;2,86;22,38716077804565;LSTM (60,20,60) n_time_steps=6 epochs=200
LSTM;IBM Stock prices;3;510,47546;22,593704;3,544304;5,392595008015633;2,87;69,55255722999573;LSTM (100,100,100) n_time_steps=3 epochs=200
LSTM;TSLA Stock prices;21;424,53006;20,604128;13,919006;5,788974091410637;2,87;110,3102195262909;LSTM (20,20,20) n_time_steps=21 epochs=200
LSTM;TSLA Stock prices;18;425,01373;20,615862;14,505035;5,812167376279831;2,87;144,2083170413971;LSTM (60,20,100) n_time_steps=18 epochs=200
LSTM;IBM Stock prices;18;180,34381;13,4292145;7,279396;5,794314295053482;2,88;229,7681052684784;LSTM (20,100,60) n_time_steps=18 epochs=200
LSTM;IBM Stock prices;6;424,49576;20,603294;4,5068016;5,511331558227539;2,88;94,67463660240172;LSTM (20,60,60) n_time_steps=6 epochs=200
LSTM;IBM Stock prices;24;348,1873;18,659777;5,2729797;5,610325187444687;2,88;190,68054246902463;LSTM (100,100,100) n_time_steps=24 epochs=200
LSTM;TSLA Stock prices;24;447,56564;21,155746;14,396072;5,840077623724937;2,89;201,98874950408936;LSTM (60,20,100) n_time_steps=24 epochs=200
LSTM;TSLA Stock prices;21;460,65384;21,462849;14,19519;5,851298570632935;2,9;173,39059376716614;LSTM (60,100,100) n_time_steps=21 epochs=200
LSTM;TSLA Stock prices;18;427,1634;20,66793;14,5612335;5,884180590510368;2,9;138,4607810974121;LSTM (60,100,20) n_time_steps=18 epochs=200
LSTM;IBM Stock prices;12;229,28036;15,142007;6,8793716;5,825310945510864;2,92;177,0024127960205;LSTM (60,100,100) n_time_steps=12 epochs=200
LSTM;IBM Stock prices;24;167,46674;12,940894;7,5813217;5,8996763080358505;2,92;223,6060721874237;LSTM (20,100,100) n_time_steps=24 epochs=200
LSTM;TSLA Stock prices;15;461,3855;21,479885;14,323914;5,891696736216545;2,92;141,58989429473877;LSTM (100,60,100) n_time_steps=15 epochs=200
LSTM;TSLA Stock prices;21;457,31006;21,38481;14,629974;5,919606238603592;2,93;153,67233753204346;LSTM (60,60,60) n_time_steps=21 epochs=200
LSTM;TSLA Stock prices;6;561,0443;23,686375;13,350967;5,84249421954155;2,93;91,23148274421692;LSTM (100,60,100) n_time_steps=6 epochs=200
LSTM;TSLA Stock prices;18;418,5201;20,457764;14,867355;5,989424511790276;2,94;124,39002346992493;LSTM (20,60,60) n_time_steps=18 epochs=200
LSTM;IBM Stock prices;21;350,39935;18,718958;5,4875793;5,727020278573036;2,94;167,57712197303772;LSTM (100,100,100) n_time_steps=21 epochs=200
LSTM;IBM Stock prices;21;185,49724;13,619737;7,4542694;5,913728848099709;2,94;217,5876953601837;LSTM (60,60,60) n_time_steps=21 epochs=200
LSTM;TSLA Stock prices;24;458,24844;21,406738;14,664459;5,955102667212486;2,95;142,39195775985718;LSTM (20,60,60) n_time_steps=24 epochs=200
LSTM;TSLA Stock prices;18;475,01974;21,794949;14,305435;5,942662060260773;2,95;142,03761506080627;LSTM (60,60,100) n_time_steps=18 epochs=200
LSTM;IBM Stock prices;9;440,6709;20,992163;4,662155;5,656731501221657;2,96;152,19254994392395;LSTM (60,60,60) n_time_steps=9 epochs=200
LSTM;IBM Stock prices;15;362,19843;19,031511;5,3616333;5,771571025252342;2,97;189,5209460258484;LSTM (60,60,20) n_time_steps=15 epochs=200
LSTM;IBM Stock prices;24;368,43613;19,19469;5,3949203;5,7768456637859344;2,97;166,97490000724792;LSTM (100,100,20) n_time_steps=24 epochs=200
LSTM;TSLA Stock prices;21;428,18823;20,692709;15,021744;6,066803261637688;2,98;108,47058963775636;LSTM (20,20,60) n_time_steps=21 epochs=200
LSTM;TSLA Stock prices;15;519,73645;22,79773;14,088066;6,0062214732170105;2,99;127,2042989730835;LSTM (60,100,100) n_time_steps=15 epochs=200
LSTM;TSLA Stock prices;21;468,78992;21,651556;14,874718;6,061989068984985;3,0;181,55779218673703;LSTM (20,60,100) n_time_steps=21 epochs=200
LSTM;IBM Stock prices;21;179,03989;13,380579;7,7779846;6,0486748814582825;3,0;272,8751392364502;LSTM (20,100,100) n_time_steps=21 epochs=200
LSTM;IBM Stock prices;21;247,35074;15,727388;6,877777;5,971168726682663;3,0;234,53522634506223;LSTM (100,60,100) n_time_steps=21 epochs=200
LSTM;IBM Stock prices;24;212,37689;14,573156;7,3428574;6,026878580451012;3,01;259,3253571987152;LSTM (100,60,60) n_time_steps=24 epochs=200
LSTM;TSLA Stock prices;21;508,70312;22,554447;14,567566;6,071477010846138;3,02;152,32737612724304;LSTM (20,100,60) n_time_steps=21 epochs=200
LSTM;TSLA Stock prices;24;517,36896;22,745747;14,811432;6,100691854953766;3,03;172,71662497520447;LSTM (100,60,60) n_time_steps=24 epochs=200
LSTM;IBM Stock prices;21;404,59378;20,114517;5,2341156;5,845434218645096;3,03;232,2283763885498;LSTM (100,100,20) n_time_steps=21 epochs=200
LSTM;IBM Stock prices;6;454,18472;21,31161;4,8947678;5,8311618864536285;3,04;98,56078577041626;LSTM (20,100,100) n_time_steps=6 epochs=200
LSTM;IBM Stock prices;21;220,7504;14,857672;7,3967285;6,114962697029114;3,06;236,9813446998596;LSTM (60,60,100) n_time_steps=21 epochs=200
LSTM;IBM Stock prices;12;210,74452;14,517042;7,668701;6,146141886711121;3,06;171,92014837265015;LSTM (60,100,60) n_time_steps=12 epochs=200
LSTM;TSLA Stock prices;18;479,3122;21,8932;15,656006;6,201651692390442;3,06;143,84454321861267;LSTM (100,20,100) n_time_steps=18 epochs=200
LSTM;TSLA Stock prices;18;524,4611;22,901115;14,840118;6,185705587267876;3,07;125,64825582504272;LSTM (20,100,60) n_time_steps=18 epochs=200
LSTM;TSLA Stock prices;3;443,3684;21,056314;14,433403;5,912092328071594;3,08;31,211455583572388;LSTM (20,100,60) n_time_steps=3 epochs=200
LSTM;TSLA Stock prices;3;705,33594;26,55816;12,811226;6,087127327919006;3,09;59,82373261451721;LSTM (20,60,100) n_time_steps=3 epochs=200
LSTM;TSLA Stock prices;9;581,14636;24,106977;14,256119;6,174485385417938;3,09;107,17055892944336;LSTM (100,100,20) n_time_steps=9 epochs=200
LSTM;TSLA Stock prices;12;592,72687;24,345984;14,311523;6,198819354176521;3,1;116,41384768486024;LSTM (100,100,100) n_time_steps=12 epochs=200
LSTM;IBM Stock prices;15;200,273;14,151784;7,8900146;6,245646253228188;3,1;197,9074029922485;LSTM (100,20,100) n_time_steps=15 epochs=200
LSTM;TSLA Stock prices;12;529,1655;23,003597;15,012955;6,307268887758255;3,12;99,33172988891602;LSTM (100,60,60) n_time_steps=12 epochs=200
LSTM;IBM Stock prices;18;239,78633;15,485036;7,509758;6,247177720069885;3,12;186,5566623210907;LSTM (60,100,60) n_time_steps=18 epochs=200
LSTM;TSLA Stock prices;12;560,5897;23,676777;14,703049;6,275245547294617;3,12;110,44703650474548;LSTM (60,100,60) n_time_steps=12 epochs=200
LSTM;IBM Stock prices;21;195,71838;13,989939;8,14502;6,325478106737137;3,13;180,58285450935364;LSTM (60,100,20) n_time_steps=21 epochs=200
LSTM;IBM Stock prices;3;262,7136;16,208443;7,4582367;6,268957257270813;3,14;56,26761221885681;LSTM (60,100,60) n_time_steps=3 epochs=200
LSTM;TSLA Stock prices;24;496,57263;22,283909;16,181839;6,38231486082077;3,14;177,32609868049622;LSTM (100,20,60) n_time_steps=24 epochs=200
LSTM;IBM Stock prices;9;397,76706;19,944098;5,7809143;6,100554764270783;3,14;146,24355101585388;LSTM (20,60,20) n_time_steps=9 epochs=200
LSTM;IBM Stock prices;6;515,4757;22,70409;4,7839813;5,991020798683167;3,15;113,52592039108276;LSTM (100,100,100) n_time_steps=6 epochs=200
LSTM;IBM Stock prices;6;469,86505;21,67637;5,17564;6,071243435144424;3,16;69,61081957817078;LSTM (20,60,100) n_time_steps=6 epochs=200
LSTM;IBM Stock prices;15;224,51332;14,983768;8,113632;6,463006138801575;3,21;244,3085341453552;LSTM (20,100,100) n_time_steps=15 epochs=200
LSTM;TSLA Stock prices;21;563,53156;23,73882;15,647247;6,487768888473511;3,22;138,45039796829224;LSTM (20,60,60) n_time_steps=21 epochs=200
LSTM;TSLA Stock prices;18;543,7466;23,318375;15,749451;6,498190760612488;3,22;107,9984040260315;LSTM (20,20,100) n_time_steps=18 epochs=200
LSTM;IBM Stock prices;6;521,60205;22,83861;5,047989;6,1607930809259415;3,23;87,38836908340454;LSTM (60,60,60) n_time_steps=6 epochs=200
LSTM;IBM Stock prices;15;243,54393;15,605894;7,921936;6,467653810977936;3,23;198,79520225524905;LSTM (60,100,60) n_time_steps=15 epochs=200
LSTM;TSLA Stock prices;24;543,4078;23,311108;16,03624;6,5292783081531525;3,23;139,2686858177185;LSTM (20,100,20) n_time_steps=24 epochs=200
LSTM;TSLA Stock prices;15;577,75464;24,036528;15,75798;6,54112920165062;3,25;117,8398847579956;LSTM (20,100,20) n_time_steps=15 epochs=200
LSTM;TSLA Stock prices;6;636,4423;25,227808;15,110275;6,520555168390274;3,25;62,703375816345215;LSTM (20,100,60) n_time_steps=6 epochs=200
LSTM;TSLA Stock prices;3;664,4966;25,777832;14,44426;6,246410310268402;3,25;31,20401787757873;LSTM (60,60,100) n_time_steps=3 epochs=200
LSTM;TSLA Stock prices;18;552,41956;23,503607;16,225037;6,5697528421878815;3,25;125,01531195640564;LSTM (60,60,60) n_time_steps=18 epochs=200
LSTM;TSLA Stock prices;24;557,7475;23,616678;16,315277;6,58787414431572;3,26;168,75673460960388;LSTM (60,60,60) n_time_steps=24 epochs=200
LSTM;IBM Stock prices;6;472,50076;21,737083;5,5948296;6,271959841251373;3,26;92,46631789207458;LSTM (100,60,60) n_time_steps=6 epochs=200
LSTM;TSLA Stock prices;24;568,59515;23,845234;16,741837;6,626079231500626;3,28;117,95936894416808;LSTM (20,20,60) n_time_steps=24 epochs=200
LSTM;IBM Stock prices;21;221,30891;14,876455;8,417198;6,6207535564899445;3,28;220,84704399108887;LSTM (60,100,100) n_time_steps=21 epochs=200
LSTM;TSLA Stock prices;18;610,3934;24,70614;15,805939;6,597235798835754;3,28;134,89127397537231;LSTM (20,100,100) n_time_steps=18 epochs=200
LSTM;TSLA Stock prices;3;833,3648;28,86806;14,346207;6,311748176813126;3,29;19,3968026638031;LSTM (20,20,20) n_time_steps=3 epochs=200
LSTM;TSLA Stock prices;9;633,58264;25,171068;15,395012;6,634688377380371;3,3;82,01438045501709;LSTM (60,60,60) n_time_steps=9 epochs=200
LSTM;TSLA Stock prices;18;655,6611;25,605879;15,482941;6,6164374351501465;3,31;127,82965207099916;LSTM (100,60,100) n_time_steps=18 epochs=200
LSTM;TSLA Stock prices;15;571,6642;23,9095;16,555397;6,713222712278366;3,32;126,79040503501892;LSTM (20,100,100) n_time_steps=15 epochs=200
LSTM;TSLA Stock prices;18;558,3598;23,629639;17,056381;6,729590892791748;3,32;132,76532196998596;LSTM (100,20,60) n_time_steps=18 epochs=200
LSTM;TSLA Stock prices;21;591,8493;24,327953;16,384941;6,68930858373642;3,32;126,9484531879425;LSTM (20,20,100) n_time_steps=21 epochs=200
LSTM;TSLA Stock prices;3;820,06866;28,63684;15,082367;6,373593956232071;3,33;21,187237977981567;LSTM (60,100,20) n_time_steps=3 epochs=200
LSTM;IBM Stock prices;6;559,077;23,64481;5,1615295;6,372935324907303;3,35;114,240736246109;LSTM (60,60,100) n_time_steps=6 epochs=200
LSTM;TSLA Stock prices;6;720,5354;26,84279;15,310883;6,667385250329971;3,35;68,04308557510376;LSTM (60,60,60) n_time_steps=6 epochs=200
LSTM;TSLA Stock prices;21;588,2142;24,253126;16,459259;6,791786849498749;3,36;134,61422967910767;LSTM (20,100,20) n_time_steps=21 epochs=200
LSTM;TSLA Stock prices;3;776,44086;27,864689;14,54583;6,657128781080246;3,36;45,541353702545166;LSTM (20,100,100) n_time_steps=3 epochs=200
LSTM;TSLA Stock prices;6;703,76013;26,528479;15,682617;6,744670122861862;3,37;75,4570083618164;LSTM (60,100,100) n_time_steps=6 epochs=200
LSTM;TSLA Stock prices;3;879,1806;29,65098;15,089088;6,52194619178772;3,41;19,27880597114563;LSTM (20,60,20) n_time_steps=3 epochs=200
LSTM;IBM Stock prices;24;230,77367;15,1912365;8,861824;6,886862218379974;3,41;271,2171669006348;LSTM (60,100,100) n_time_steps=24 epochs=200
LSTM;TSLA Stock prices;12;646,4606;25,425589;16,470917;6,895161420106888;3,42;100,65418004989624;LSTM (20,100,100) n_time_steps=12 epochs=200
LSTM;IBM Stock prices;15;265,14844;16,283379;8,569519;6,897875666618347;3,44;231,93066096305847;LSTM (60,100,100) n_time_steps=15 epochs=200
LSTM;TSLA Stock prices;6;752,22736;27,426764;15,956604;6,8817488849163055;3,45;75,54981350898743;LSTM (100,20,100) n_time_steps=6 epochs=200
LSTM;TSLA Stock prices;21;662,0425;25,730186;16,76403;6,970901787281036;3,46;146,29108142852783;LSTM (20,100,100) n_time_steps=21 epochs=200
LSTM;TSLA Stock prices;18;659,05066;25,671982;16,914124;6,982815265655518;3,46;112,8434362411499;LSTM (60,100,60) n_time_steps=18 epochs=200
LSTM;IBM Stock prices;15;286,85184;16,9367;8,518158;7,0052869617939;3,5;196,0518567562104;LSTM (100,100,100) n_time_steps=15 epochs=200
LSTM;TSLA Stock prices;6;728,068;26,982735;17,186523;7,121762633323669;3,54;75,23880910873413;LSTM (100,60,60) n_time_steps=6 epochs=200
LSTM;TSLA Stock prices;15;681,6897;26,109188;17,24318;7,151038944721222;3,54;94,83254098892212;LSTM (20,20,60) n_time_steps=15 epochs=200
LSTM;TSLA Stock prices;12;661,91736;25,727755;17,64125;7,1904256939888;3,55;97,26340389251708;LSTM (60,20,100) n_time_steps=12 epochs=200
LSTM;TSLA Stock prices;21;690,30255;26,27361;17,919289;7,182275503873825;3,56;112,74593377113342;LSTM (60,20,20) n_time_steps=21 epochs=200
LSTM;TSLA Stock prices;12;730,9638;27,036343;17,225494;7,18885064125061;3,58;97,75321555137634;LSTM (60,60,100) n_time_steps=12 epochs=200
LSTM;TSLA Stock prices;15;659,3939;25,678667;17,847733;7,284879684448242;3,59;110,00897693634032;LSTM (60,20,100) n_time_steps=15 epochs=200
LSTM;TSLA Stock prices;24;688,68896;26,242884;17,923325;7,248254865407944;3,59;144,7065749168396;LSTM (20,60,100) n_time_steps=24 epochs=200
LSTM;TSLA Stock prices;6;789,39264;28,096132;16,404205;6,892623752355576;3,6;31,348352432250977;LSTM (20,20,100) n_time_steps=6 epochs=200
LSTM;IBM Stock prices;6;469,124;21,659271;7,0690804;7,012207806110382;3,6;55,478005170822144;LSTM (20,20,20) n_time_steps=6 epochs=200
LSTM;TSLA Stock prices;12;742,6046;27,250772;17,635147;7,291233539581299;3,62;103,5451078414917;LSTM (60,100,100) n_time_steps=12 epochs=200
LSTM;TSLA Stock prices;9;767,6754;27,706957;17,114677;7,260270416736603;3,62;79,37666153907776;LSTM (60,100,100) n_time_steps=9 epochs=200
LSTM;IBM Stock prices;6;594,996;24,39254;6,0109177;6,92179799079895;3,63;129,07358932495117;LSTM (100,60,100) n_time_steps=6 epochs=200
LSTM;IBM Stock prices;3;430,3114;20,743948;7,711334;7,121480256319046;3,63;44,71661448478699;LSTM (60,20,60) n_time_steps=3 epochs=200
LSTM;TSLA Stock prices;24;724,6139;26,918653;18,446579;7,344598323106766;3,65;162,2276611328125;LSTM (60,100,100) n_time_steps=24 epochs=200
LSTM;TSLA Stock prices;3;974,26556;31,213228;16,616158;6,99244886636734;3,67;21,95219278335572;LSTM (20,20,60) n_time_steps=3 epochs=200
LSTM;TSLA Stock prices;12;773,5327;27,812456;17,609634;7,472255825996399;3,71;82,75815463066101;LSTM (20,60,60) n_time_steps=12 epochs=200
LSTM;TSLA Stock prices;15;804,72656;28,367702;18,053078;7,496221363544464;3,74;102,01169681549072;LSTM (20,60,100) n_time_steps=15 epochs=200
LSTM;TSLA Stock prices;21;736,05096;27,130259;19,068;7,638855278491974;3,77;111,1857430934906;LSTM (60,20,60) n_time_steps=21 epochs=200
LSTM;TSLA Stock prices;3;1100,703;33,176846;16,376465;7,187771797180176;3,78;20,78917145729065;LSTM (100,20,60) n_time_steps=3 epochs=200
LSTM;IBM Stock prices;21;304,35446;17,445757;9,588547;7,617967575788498;3,79;232,6613838672638;LSTM (100,100,60) n_time_steps=21 epochs=200
LSTM;IBM Stock prices;6;637,0708;25,240261;6,306942;7,221506536006927;3,79;102,1373724937439;LSTM (60,60,20) n_time_steps=6 epochs=200
LSTM;IBM Stock prices;3;469,20465;21,661133;8,012756;7,430098205804825;3,8;43,894779205322266;LSTM (60,20,20) n_time_steps=3 epochs=200
LSTM;TSLA Stock prices;6;1023,85565;31,997744;17,337845;7,449643313884735;3,82;20,280351877212524;LSTM (20,20,20) n_time_steps=6 epochs=200
LSTM;TSLA Stock prices;9;841,7966;29,013731;18,442467;7,715947926044464;3,83;80,16550898551941;LSTM (20,100,60) n_time_steps=9 epochs=200
LSTM;TSLA Stock prices;3;1197,2598;34,60144;15,21907;7,319222390651703;3,83;20,917368173599243;LSTM (60,60,20) n_time_steps=3 epochs=200
LSTM;IBM Stock prices;24;573,4346;23,946493;7,2915382;7,495621591806412;3,88;159,0152132511139;LSTM (100,60,20) n_time_steps=24 epochs=200
LSTM;TSLA Stock prices;9;875,4143;29,5874;18,201447;7,781964540481567;3,88;71,10030722618103;LSTM (20,60,60) n_time_steps=9 epochs=200
LSTM;TSLA Stock prices;9;915,3387;30,254564;18,310913;7,768717408180237;3,89;76,38548731803894;LSTM (100,60,20) n_time_steps=9 epochs=200
LSTM;TSLA Stock prices;6;962,7654;31,028461;17,990051;7,790583372116089;3,91;67,40979957580566;LSTM (60,20,100) n_time_steps=6 epochs=200
LSTM;TSLA Stock prices;12;837,73193;28,9436;19,252502;7,916936278343201;3,92;86,77973341941833;LSTM (20,60,100) n_time_steps=12 epochs=200
LSTM;TSLA Stock prices;15;893,2319;29,886986;18,930176;7,887165993452072;3,93;98,05666160583496;LSTM (60,100,60) n_time_steps=15 epochs=200
LSTM;TSLA Stock prices;24;1193,4094;34,545757;16,563232;7,725042849779129;3,94;263,7866382598877;LSTM (60,100,20) n_time_steps=24 epochs=200
LSTM;TSLA Stock prices;9;890,8255;29,8467;19,004997;7,981580495834351;3,96;79,16294312477112;LSTM (20,100,100) n_time_steps=9 epochs=200
LSTM;TSLA Stock prices;6;1020,44763;31,944447;18,927612;8,039435744285583;4,04;73,6753363609314;LSTM (100,100,100) n_time_steps=6 epochs=200
LSTM;TSLA Stock prices;15;888,12585;29,801441;20,268478;8,19060504436493;4,06;89,79501700401306;LSTM (60,60,100) n_time_steps=15 epochs=200
LSTM;TSLA Stock prices;3;1197,6691;34,607357;18,274872;7,793702930212021;4,11;21,143438577651978;LSTM (20,20,100) n_time_steps=3 epochs=200
LSTM;IBM Stock prices;3;397,16794;19,929073;10,31295;8,310547471046448;4,15;63,381325006484985;LSTM (100,100,60) n_time_steps=3 epochs=200
LSTM;TSLA Stock prices;6;1179,6956;34,346695;18,844574;8,149836212396622;4,17;25,85687136650085;LSTM (20,100,100) n_time_steps=6 epochs=200
LSTM;TSLA Stock prices;6;1064,367;32,624638;19,574127;8,367156237363815;4,19;47,13499879837036;LSTM (20,60,20) n_time_steps=6 epochs=200
LSTM;TSLA Stock prices;3;1442,407;37,979034;18,003906;7,977916300296783;4,23;19,924845457077023;LSTM (60,20,20) n_time_steps=3 epochs=200
LSTM;TSLA Stock prices;3;1508,9873;38,845684;16,197906;8,000081777572632;4,23;20,21801161766052;LSTM (60,20,60) n_time_steps=3 epochs=200
LSTM;TSLA Stock prices;3;1275,1742;35,70958;19,260193;8,016543090343475;4,24;21,41977953910828;LSTM (60,100,60) n_time_steps=3 epochs=200
LSTM;TSLA Stock prices;9;1113,526;33,369537;19,927063;8,473232388496399;4,25;63,90096735954285;LSTM (20,60,20) n_time_steps=9 epochs=200
LSTM;TSLA Stock prices;18;1023,7105;31,995476;21,058746;8,535022288560867;4,25;115,0334677696228;LSTM (20,60,100) n_time_steps=18 epochs=200
LSTM;TSLA Stock prices;3;1359,6912;36,87399;17,18332;8,241784572601318;4,26;23,123847484588623;LSTM (100,60,20) n_time_steps=3 epochs=200
LSTM;IBM Stock prices;3;569,0063;23,853853;9,004578;8,315526694059372;4,26;52,00153112411499;LSTM (60,20,100) n_time_steps=3 epochs=200
LSTM;TSLA Stock prices;3;1416,322;37,634052;18,38176;8,675114065408707;4,46;22,65125346183777;LSTM (100,100,20) n_time_steps=3 epochs=200
LSTM;TSLA Stock prices;9;1341,2358;36,622887;20,183372;8,510296046733856;4,47;34,25593614578247;LSTM (100,20,60) n_time_steps=9 epochs=200
LSTM;TSLA Stock prices;3;1665,0286;40,80476;16,493637;8,52072685956955;4,48;20,218875408172607;LSTM (100,20,20) n_time_steps=3 epochs=200
LSTM;IBM Stock prices;6;620,7709;24,915274;9,721298;8,870576322078705;4,53;56,90167164802551;LSTM (20,60,20) n_time_steps=6 epochs=200
LSTM;TSLA Stock prices;12;1239,3187;35,20396;22,594177;9,22291949391365;4,61;68,78466486930847;LSTM (20,20,20) n_time_steps=12 epochs=200
LSTM;TSLA Stock prices;6;1475,5654;38,41309;21,490753;8,716969937086105;4,62;20,260093927383423;LSTM (20,20,60) n_time_steps=6 epochs=200
LSTM;IBM Stock prices;24;1271,0454;35,651722;4,9298363;8,563266694545746;4,78;227,17946577072144;LSTM (60,20,20) n_time_steps=24 epochs=200
LSTM;IBM Stock prices;3;772,49414;27,79378;9,325867;9,228697419166563;4,79;47,22175908088684;LSTM (100,20,20) n_time_steps=3 epochs=200
LSTM;TSLA Stock prices;6;1327,2324;36,431202;23,134674;9,628219157457352;4,82;22,96777987480164;LSTM (20,100,20) n_time_steps=6 epochs=200
LSTM;IBM Stock prices;6;698,75635;26,434;10,366409;9,462245553731918;4,84;57,17127418518066;LSTM (20,20,60) n_time_steps=6 epochs=200
LSTM;TSLA Stock prices;6;1674,512;40,9208;22,424835;9,196271002292631;4,9;21,46616530418396;LSTM (20,60,60) n_time_steps=6 epochs=200
LSTM;IBM Stock prices;3;825,86835;28,737925;9,532608;9,459730237722397;4,93;49,67859554290772;LSTM (100,20,60) n_time_steps=3 epochs=200
LSTM;IBM Stock prices;12;767,52234;27,704193;10,718521;9,84262004494667;5,04;89,81178665161133;LSTM (20,60,20) n_time_steps=12 epochs=200
LSTM;TSLA Stock prices;9;1726,6357;41,552807;22,127525;9,517236053943634;5,06;36,5857093334198;LSTM (100,20,100) n_time_steps=9 epochs=200
LSTM;IBM Stock prices;3;767,1946;27,698278;10,947159;9,99906063079834;5,13;53,05356502532959;LSTM (100,20,100) n_time_steps=3 epochs=200
LSTM;TSLA Stock prices;9;1599,8376;39,99797;23,88601;10,295052081346512;5,17;60,7737410068512;LSTM (60,20,100) n_time_steps=9 epochs=200
LSTM;TSLA Stock prices;9;1541,0911;39,256733;25,265846;10,424690693616869;5,21;32,79984641075134;LSTM (20,100,20) n_time_steps=9 epochs=200
LSTM;IBM Stock prices;9;741,0645;27,2225;11,682541;10,26756837964058;5,22;84,9037857055664;LSTM (60,100,20) n_time_steps=9 epochs=200
LSTM;IBM Stock prices;6;750,31696;27,391914;11,664597;10,306014865636826;5,25;74,04146814346313;LSTM (20,20,100) n_time_steps=6 epochs=200
LSTM;IBM Stock prices;18;1535,5802;39,18648;4,8232765;9,344545751810074;5,31;221,3952488899231;LSTM (60,20,100) n_time_steps=18 epochs=200
LSTM;TSLA Stock prices;9;1680,5677;40,994728;25,208046;10,542349517345428;5,32;34,22428798675537;LSTM (20,60,100) n_time_steps=9 epochs=200
LSTM;IBM Stock prices;9;744,52264;27,285942;12,198936;10,552528500556946;5,34;70,6899745464325;LSTM (20,20,60) n_time_steps=9 epochs=200
LSTM;TSLA Stock prices;21;1595,5818;39,944733;26,595749;10,703317075967789;5,34;74,82637739181519;LSTM (60,100,20) n_time_steps=21 epochs=200
LSTM;IBM Stock prices;6;1601,6638;40,020794;4,916176;9,470851719379423;5,39;102,087988615036;LSTM (60,20,60) n_time_steps=6 epochs=200
LSTM;IBM Stock prices;6;832,71796;28,856853;11,929054;10,676293075084686;5,46;77,9365861415863;LSTM (100,60,20) n_time_steps=6 epochs=200
LSTM;TSLA Stock prices;15;1747,2931;41,800636;27,334091;11,09815239906311;5,55;39,98510408401489;LSTM (20,60,20) n_time_steps=15 epochs=200
LSTM;IBM Stock prices;9;1537,7214;39,21379;6,425659;9,909037500619888;5,55;105,5632300376892;LSTM (60,20,60) n_time_steps=9 epochs=200
LSTM;TSLA Stock prices;9;2128,6216;46,136986;24,61345;10,389000177383425;5,56;30,712010860443115;LSTM (60,20,20) n_time_steps=9 epochs=200
LSTM;IBM Stock prices;15;1165,5393;34,139996;9,637024;10,468477010726929;5,57;146,61319589614868;LSTM (60,20,60) n_time_steps=15 epochs=200
LSTM;IBM Stock prices;6;781,0011;27,946398;12,858879;10,998590290546415;5,57;66,38610196113586;LSTM (60,20,100) n_time_steps=6 epochs=200
LSTM;TSLA Stock prices;6;1828,4717;42,76063;25,973328;11,153702437877657;5,61;25,035645723342896;LSTM (100,60,20) n_time_steps=6 epochs=200
LSTM;IBM Stock prices;9;858,87244;29,306526;12,616966;11,121342331171036;5,67;100,20873379707336;LSTM (100,60,100) n_time_steps=9 epochs=200
LSTM;TSLA Stock prices;12;1871,0713;43,255882;27,864624;11,383075267076492;5,7;38,70518493652344;LSTM (20,100,20) n_time_steps=12 epochs=200
LSTM;TSLA Stock prices;21;1823,2678;42,69974;28,215782;11,506599932909012;5,74;74,67848587036133;LSTM (100,60,60) n_time_steps=21 epochs=200
LSTM;IBM Stock prices;9;1738,0145;41,689503;5,538025;10,078007727861404;5,75;118,44397377967834;LSTM (100,20,60) n_time_steps=9 epochs=200
LSTM;IBM Stock prices;6;1008,69836;31,760012;11,657707;11,0823854804039;5,75;59,39322304725647;LSTM (60,20,20) n_time_steps=6 epochs=200
LSTM;TSLA Stock prices;6;1786,6869;42,26922;28,404694;11,67813464999199;5,8;26,57969069480896;LSTM (60,60,20) n_time_steps=6 epochs=200
LSTM;IBM Stock prices;9;851,154;29,174543;13,341843;11,464955657720566;5,81;76,80016875267029;LSTM (20,20,100) n_time_steps=9 epochs=200
LSTM;IBM Stock prices;9;1068,3103;32,685017;11,576355;11,199520528316498;5,83;66,33561110496521;LSTM (20,20,20) n_time_steps=9 epochs=200
LSTM;TSLA Stock prices;9;1890,3939;43,47866;29,091347;11,86133474111557;5,9;33,320610761642456;LSTM (60,60,20) n_time_steps=9 epochs=200
LSTM;IBM Stock prices;9;1493,3779;38,64425;8,4255905;10,738957673311234;5,9;102,557514667511;LSTM (60,20,100) n_time_steps=9 epochs=200
LSTM;TSLA Stock prices;6;1884,5437;43,41133;28,226288;11,831839382648468;5,9;20,893651247024536;LSTM (60,20,20) n_time_steps=6 epochs=200
LSTM;IBM Stock prices;12;869,8467;29,493164;13,794716;11,724599450826643;5,93;74,60131430625916;LSTM (20,20,20) n_time_steps=12 epochs=200
LSTM;TSLA Stock prices;6;2295,8176;47,914692;26,441147;10,976596176624298;5,93;23,685906410217285;LSTM (100,20,60) n_time_steps=6 epochs=200
LSTM;TSLA Stock prices;12;2319,1807;48,15787;26,616257;11,582978069782255;5,95;44,96366238594055;LSTM (100,60,20) n_time_steps=12 epochs=200
LSTM;TSLA Stock prices;6;2189,297;46,789925;26,829346;11,72053888440132;5,97;22,69451785087585;LSTM (100,20,20) n_time_steps=6 epochs=200
LSTM;IBM Stock prices;6;1569,5337;39,61734;8,33469;10,792319476604462;5,98;68,0428364276886;LSTM (100,20,60) n_time_steps=6 epochs=200
LSTM;IBM Stock prices;9;938,75055;30,639036;13,69545;11,906079202890396;6,05;78,53813695907593;LSTM (100,60,20) n_time_steps=9 epochs=200
LSTM;TSLA Stock prices;24;2060,855;45,39664;29,51149;12,096007168293;6,06;87,38637208938599;LSTM (100,60,20) n_time_steps=24 epochs=200
LSTM;TSLA Stock prices;12;1982,1094;44,520885;30,848618;12,334582209587095;6,1;37,154979944229126;LSTM (60,60,20) n_time_steps=12 epochs=200
LSTM;TSLA Stock prices;6;2678,2827;51,75213;27,13298;11,298899352550508;6,14;23,58770990371704;LSTM (20,60,100) n_time_steps=6 epochs=200
LSTM;IBM Stock prices;6;1647,9232;40,59462;8,701794;11,104724556207657;6,17;72,02748107910156;LSTM (100,20,100) n_time_steps=6 epochs=200
LSTM;IBM Stock prices;9;1069,2325;32,69912;13,070671;11,973318457603456;6,17;70,70828199386597;LSTM (60,20,20) n_time_steps=9 epochs=200
LSTM;TSLA Stock prices;15;2844,644;53,335205;26,706314;11,645670235157011;6,19;49,66490387916565;LSTM (100,20,20) n_time_steps=15 epochs=200
LSTM;TSLA Stock prices;21;2138,095;46,23954;30,689125;12,503257393836977;6,23;67,20480060577393;LSTM (100,60,20) n_time_steps=21 epochs=200
LSTM;TSLA Stock prices;12;2231,5737;47,239536;29,85669;12,461613863706589;6,25;34,82307767868042;LSTM (20,60,20) n_time_steps=12 epochs=200
LSTM;TSLA Stock prices;6;1972,839;44,416653;31,29892;12,669812142848969;6,25;27,20947027206421;LSTM (60,100,20) n_time_steps=6 epochs=200
LSTM;TSLA Stock prices;24;2393,2932;48,921295;29,852478;12,550540268421171;6,34;56,34963417053223;LSTM (20,60,20) n_time_steps=24 epochs=200
LSTM;TSLA Stock prices;12;2995,7373;54,73333;27,145813;11,79373264312744;6,37;36,37063121795654;LSTM (60,20,60) n_time_steps=12 epochs=200
LSTM;IBM Stock prices;9;1349,2805;36,732555;11,764969;12,023074924945831;6,37;92,80898308753969;LSTM (100,20,100) n_time_steps=9 epochs=200
LSTM;IBM Stock prices;18;2082,2783;45,63199;5,6211014;10,935308039188383;6,39;214,5622479915619;LSTM (100,20,100) n_time_steps=18 epochs=200
LSTM;TSLA Stock prices;12;2753,2744;52,471653;28,62207;12,449740618467333;6,42;40,13881850242615;LSTM (100,20,20) n_time_steps=12 epochs=200
LSTM;TSLA Stock prices;6;2069,1755;45,48819;32,33806;13,043946027755736;6,43;28,535786628723145;LSTM (100,100,20) n_time_steps=6 epochs=200
LSTM;TSLA Stock prices;24;2473,6013;49,735313;30,848831;12,902924418449402;6,51;63,57572317123413;LSTM (60,20,20) n_time_steps=24 epochs=200
LSTM;IBM Stock prices;18;2139,7085;46,256985;6,515789;11,497321724891664;6,68;141,0967755317688;LSTM (100,20,60) n_time_steps=18 epochs=200
LSTM;IBM Stock prices;18;2090,8843;45,72619;7,262474;11,699511855840685;6,71;115,40746927261353;LSTM (100,20,20) n_time_steps=18 epochs=200
LSTM;TSLA Stock prices;12;2494,4778;49,944748;32,535202;13,472697138786316;6,73;41,87689375877381;LSTM (60,100,20) n_time_steps=12 epochs=200
LSTM;IBM Stock prices;12;2196,222;46,863865;6,4416275;11,589587479829788;6,74;144,1423726081848;LSTM (60,20,100) n_time_steps=12 epochs=200
LSTM;TSLA Stock prices;18;2571,23;50,7073;32,425873;13,601362705230711;6,8;53,61189103126526;LSTM (20,100,20) n_time_steps=18 epochs=200
LSTM;TSLA Stock prices;24;2661,0479;51,585346;32,88379;13,609163463115692;6,86;94,80840635299684;LSTM (100,100,20) n_time_steps=24 epochs=200
LSTM;IBM Stock prices;12;987,2629;31,42074;17,03418;13,774588704109192;6,87;104,17372512817384;LSTM (60,60,100) n_time_steps=12 epochs=200
LSTM;IBM Stock prices;15;2274,2976;47,689598;6,7276917;11,903274059295654;6,94;142,11055302619934;LSTM (100,20,60) n_time_steps=15 epochs=200
LSTM;TSLA Stock prices;15;2827,731;53,176414;32,298462;13,759087026119232;6,95;41,584552526474;LSTM (60,20,20) n_time_steps=15 epochs=200
LSTM;TSLA Stock prices;9;3355,3408;57,925304;30,43097;12,764139473438265;7,0;30,501279830932617;LSTM (100,20,20) n_time_steps=9 epochs=200
LSTM;TSLA Stock prices;15;3221,5925;56,759075;32,169586;13,832411170005798;7,11;47,62712478637695;LSTM (100,20,60) n_time_steps=15 epochs=200
LSTM;TSLA Stock prices;15;3191,0522;56,4894;31,892593;13,732680678367617;7,11;47,12016153335571;LSTM (100,60,20) n_time_steps=15 epochs=200
LSTM;IBM Stock prices;12;1393,3535;37,327652;15,282982;13,875727355480194;7,19;100,81298542022704;LSTM (100,20,100) n_time_steps=12 epochs=200
LSTM;TSLA Stock prices;18;3794,045;61,595818;31,330185;13,38815689086914;7,3;41,759982109069824;LSTM (20,20,20) n_time_steps=18 epochs=200
LSTM;IBM Stock prices;21;2464,8271;49,647026;7,9129868;12,719450891017914;7,46;130,3200285434723;LSTM (60,20,60) n_time_steps=21 epochs=200
LSTM;TSLA Stock prices;3;3815,8364;61,772457;33,138626;13,656988739967346;7,55;23,03880786895752;LSTM (60,100,100) n_time_steps=3 epochs=200
LSTM;TSLA Stock prices;12;3181,9524;56,4088;36,309036;15,217895805835724;7,62;34,5181770324707;LSTM (60,20,20) n_time_steps=12 epochs=200
LSTM;IBM Stock prices;9;2618,2996;51,169323;7,4082794;12,85436749458313;7,62;82,97686839103699;LSTM (100,20,20) n_time_steps=9 epochs=200
LSTM;TSLA Stock prices;15;3080,4956;55,502213;37,78614;15,337689220905304;7,63;47,4404981136322;LSTM (60,100,20) n_time_steps=15 epochs=200
LSTM;TSLA Stock prices;18;3231,5562;56,84678;36,773315;15,28547704219818;7,67;49,37209916114807;LSTM (60,60,20) n_time_steps=18 epochs=200
LSTM;IBM Stock prices;6;2498,7893;49,987892;8,614906;13,22924941778183;7,72;61,55087900161743;LSTM (100,20,20) n_time_steps=6 epochs=200
LSTM;IBM Stock prices;21;2721,4482;52,167503;7,24485;13,2120281457901;7,89;194,18704533576965;LSTM (100,20,100) n_time_steps=21 epochs=200
LSTM;IBM Stock prices;15;2737,6472;52,32253;8,459145;13,626565039157867;8,04;104,04290533065796;LSTM (60,20,20) n_time_steps=15 epochs=200
LSTM;TSLA Stock prices;12;4360,216;66,03193;38,882294;14,823862910270693;8,25;33,706425189971924;LSTM (20,20,60) n_time_steps=12 epochs=200
LSTM;IBM Stock prices;15;2786,7393;52,789574;9,481689;14,24640566110611;8,36;105,17512059211732;LSTM (100,20,20) n_time_steps=15 epochs=200
LSTM;IBM Stock prices;24;2915,555;53,99588;9,57122;14,409376680850984;8,53;117,5498263835907;LSTM (20,20,20) n_time_steps=24 epochs=200
LSTM;IBM Stock prices;21;2996,1692;54,737274;8,913689;14,362557232379912;8,61;129,35763239860535;LSTM (100,20,20) n_time_steps=21 epochs=200
LSTM;IBM Stock prices;18;3030,347;55,048588;10,20697;14,843997359275818;8,82;106,65707921981812;LSTM (60,20,20) n_time_steps=18 epochs=200
LSTM;IBM Stock prices;24;3187,639;56,45918;11,27697;15,561243891716003;9,24;168,2966194152832;LSTM (100,20,60) n_time_steps=24 epochs=200
LSTM;IBM Stock prices;21;3185,6035;56,44115;11,38237;15,677998960018158;9,28;120,16414737701416;LSTM (60,20,20) n_time_steps=21 epochs=200
LSTM;IBM Stock prices;0;3124,5679;55,897835;12,077049;16,241872310638428;9,46;18,855207681655884;LSTM (20,60,100) n_time_steps=0 epochs=200
LSTM;IBM Stock prices;0;3140,4797;56,03998;12,064999;16,23106598854065;9,47;19,11270308494568;LSTM (20,60,60) n_time_steps=0 epochs=200
LSTM;IBM Stock prices;0;3143,407;56,066093;12,120018;16,22975617647171;9,47;20,08925175666809;LSTM (60,100,100) n_time_steps=0 epochs=200
LSTM;IBM Stock prices;0;3137,7166;56,015324;12,064999;16,232571005821228;9,47;20,802006244659424;LSTM (60,100,60) n_time_steps=0 epochs=200
LSTM;IBM Stock prices;0;3132,5771;55,96943;12,089203;16,235822439193726;9,47;20,617519855499268;LSTM (100,60,100) n_time_steps=0 epochs=200
LSTM;IBM Stock prices;0;3138,4126;56,021538;12,064999;16,232167184352875;9,47;21,261000394821167;LSTM (60,100,20) n_time_steps=0 epochs=200
LSTM;IBM Stock prices;0;3133,9414;55,981617;12,086582;16,23491793870926;9,47;21,472729921340942;LSTM (100,60,20) n_time_steps=0 epochs=200
LSTM;IBM Stock prices;0;3133,1807;55,974823;12,090008;16,235415637493134;9,47;20,81414818763733;LSTM (100,60,60) n_time_steps=0 epochs=200
LSTM;IBM Stock prices;12;3182,3315;56,41216;11,85564;16,18010699748993;9,48;90,42657995224;LSTM (100,20,20) n_time_steps=12 epochs=200
LSTM;IBM Stock prices;0;3154,48;56,164757;12,100002;16,22600108385086;9,48;18,7352454662323;LSTM (20,60,20) n_time_steps=0 epochs=200
LSTM;IBM Stock prices;0;2906,4995;53,91196;15,08239;17,011652886867523;9,56;19,20990753173828;LSTM (20,20,20) n_time_steps=0 epochs=200
LSTM;IBM Stock prices;0;3217,4202;56,72231;12,2006;16,2453293800354;9,56;22,261905670166016;LSTM (100,100,60) n_time_steps=0 epochs=200
LSTM;IBM Stock prices;0;3223,7664;56,77822;12,256714;16,251075267791748;9,57;21,785123586654663;LSTM (100,100,100) n_time_steps=0 epochs=200
LSTM;IBM Stock prices;0;3223,3206;56,774296;12,250004;16,250644624233246;9,57;19,80387115478516;LSTM (60,60,100) n_time_steps=0 epochs=200
LSTM;IBM Stock prices;0;3223,0525;56,771935;12,250004;16,250385344028473;9,57;20,182665824890137;LSTM (60,60,20) n_time_steps=0 epochs=200
LSTM;IBM Stock prices;0;3221,042;56,754223;12,219997;16,248472034931183;9,57;23,31268811225891;LSTM (100,100,20) n_time_steps=0 epochs=200
LSTM;IBM Stock prices;0;2898,3167;53,836018;15,312965;17,06368625164032;9,57;17,962388515472412;LSTM (20,20,100) n_time_steps=0 epochs=200
LSTM;IBM Stock prices;0;2896,348;53,81773;15,368904;17,076541483402252;9,58;20,141799211502075;LSTM (20,20,60) n_time_steps=0 epochs=200
LSTM;IBM Stock prices;0;3239,91;56,920208;12,399998;16,267943382263184;9,6;19,316431999206543;LSTM (60,60,60) n_time_steps=0 epochs=200
LSTM;IBM Stock prices;0;3270,7996;57,190903;12,587418;16,30912870168686;9,65;20,440662622451782;LSTM (100,20,60) n_time_steps=0 epochs=200
LSTM;IBM Stock prices;0;3288,987;57,34969;12,756966;16,33917987346649;9,68;19,944446325302124;LSTM (100,20,100) n_time_steps=0 epochs=200
LSTM;IBM Stock prices;0;3301,547;57,45909;12,869999;16,36260747909546;9,71;19,56315040588379;LSTM (20,100,100) n_time_steps=0 epochs=200
LSTM;IBM Stock prices;0;3308,9526;57,523495;12,912315;16,37725830078125;9,72;20,44522404670716;LSTM (100,20,20) n_time_steps=0 epochs=200
LSTM;IBM Stock prices;0;3306,0728;57,49846;12,879997;16,37149602174759;9,72;19,357855558395386;LSTM (20,100,20) n_time_steps=0 epochs=200
LSTM;IBM Stock prices;0;3313,4568;57,562634;12,878975;16,386471688747406;9,73;19,956101894378666;LSTM (60,20,60) n_time_steps=0 epochs=200
LSTM;IBM Stock prices;0;3312,512;57,554424;12,896507;16,384512186050415;9,73;18,84918069839477;LSTM (60,20,20) n_time_steps=0 epochs=200
LSTM;IBM Stock prices;0;3317,506;57,597797;12,858929;16,394886374473572;9,74;19,63076138496399;LSTM (60,20,100) n_time_steps=0 epochs=200
LSTM;IBM Stock prices;0;3328,4683;57,69288;12,826809;16,418588161468506;9,76;20,24287414550781;LSTM (20,100,60) n_time_steps=0 epochs=200
LSTM;IBM Stock prices;21;3272,6965;57,207485;12,806572;16,988442838191986;9,85;127,13098573684692;LSTM (60,60,20) n_time_steps=21 epochs=200
LSTM;Canadian Lynx;9;249975,78;499,97577;263,97372;28,08005511760712;14,08;16,31466770172119;LSTM (100,100,100) n_time_steps=9 epochs=200
LSTM;Canadian Lynx;9;202738,77;450,26523;270,56494;36,84347569942474;16,16;17,64770007133484;LSTM (60,100,60) n_time_steps=9 epochs=200
LSTM;Sunspot Numbers;12;518,26917;22,765526;12,280838;inf;16,59;60,27831745147705;LSTM (100,100,20) n_time_steps=12 epochs=200
LSTM;Sunspot Numbers;15;511,47824;22,615885;12,365158;inf;16,69;56,199275732040405;LSTM (100,60,100) n_time_steps=15 epochs=200
LSTM;Canadian Lynx;9;203321,53;450,9119;301,9356;37,41794228553772;16,69;17,529590606689453;LSTM (60,100,100) n_time_steps=9 epochs=200
LSTM;Sunspot Numbers;12;521,0759;22,827087;12,377386;inf;16,71;53,84961581230164;LSTM (100,20,100) n_time_steps=12 epochs=200
LSTM;Sunspot Numbers;9;524,3466;22,898617;12,42347;inf;16,72;54,86377167701721;LSTM (20,100,60) n_time_steps=9 epochs=200
LSTM;Sunspot Numbers;9;522,1228;22,850006;12,317657;inf;16,73;47,77714729309082;LSTM (100,60,20) n_time_steps=9 epochs=200
LSTM;Sunspot Numbers;15;513,54834;22,661606;12,325451;inf;16,74;55,378485441207886;LSTM (100,100,100) n_time_steps=15 epochs=200
LSTM;Sunspot Numbers;9;520,168;22,807192;12,275326;inf;16,74;44,36315226554871;LSTM (60,100,60) n_time_steps=9 epochs=200
LSTM;Sunspot Numbers;12;522,8835;22,866646;12,231156;inf;16,75;59,3108274936676;LSTM (20,100,60) n_time_steps=12 epochs=200
LSTM;Sunspot Numbers;9;526,13385;22,937609;12,570381;inf;16,76;52,06664037704468;LSTM (60,20,60) n_time_steps=9 epochs=200
LSTM;Sunspot Numbers;15;507,02698;22,51726;12,060104;inf;16,76;69,10581111907959;LSTM (60,60,100) n_time_steps=15 epochs=200
LSTM;Sunspot Numbers;15;513,2129;22,654203;12,199875;inf;16,77;51,78586602210999;LSTM (100,60,60) n_time_steps=15 epochs=200
LSTM;Sunspot Numbers;9;524,84766;22,909554;12,277206;inf;16,78;38,8426513671875;LSTM (60,60,20) n_time_steps=9 epochs=200
LSTM;Sunspot Numbers;12;519,98267;22,80313;12,431412;inf;16,79;65,95914268493652;LSTM (100,20,20) n_time_steps=12 epochs=200
LSTM;Sunspot Numbers;12;521,297;22,83193;12,051362;inf;16,8;71,28980541229248;LSTM (60,100,20) n_time_steps=12 epochs=200
LSTM;Sunspot Numbers;12;524,0379;22,891874;12,387833;inf;16,8;55,75317478179932;LSTM (100,60,20) n_time_steps=12 epochs=200
LSTM;Sunspot Numbers;12;527,2532;22,961994;12,296337;inf;16,81;48,98598670959473;LSTM (20,100,100) n_time_steps=12 epochs=200
LSTM;Sunspot Numbers;12;526,877;22,953802;12,345463;inf;16,85;55,97195529937744;LSTM (60,100,60) n_time_steps=12 epochs=200
LSTM;Sunspot Numbers;3;560,5269;23,67545;12,894989;inf;16,86;30,496466398239136;LSTM (100,60,20) n_time_steps=3 epochs=200
LSTM;Sunspot Numbers;12;525,75464;22,92934;12,134693;inf;16,87;43,83167767524719;LSTM (100,100,60) n_time_steps=12 epochs=200
LSTM;Sunspot Numbers;12;529,23254;23,005054;12,604586;inf;16,88;50,849385499954224;LSTM (60,60,100) n_time_steps=12 epochs=200
LSTM;Sunspot Numbers;9;529,7373;23,016024;12,350485;inf;16,88;45,96689414978027;LSTM (20,60,100) n_time_steps=9 epochs=200
LSTM;Sunspot Numbers;12;529,937;23,02036;12,266013;inf;16,88;55,70024824142456;LSTM (20,60,60) n_time_steps=12 epochs=200
LSTM;Sunspot Numbers;12;528,27637;22,984264;12,242037;inf;16,89;48,8779399394989;LSTM (60,100,100) n_time_steps=12 epochs=200
LSTM;Sunspot Numbers;15;512,41364;22,636555;12,221703;inf;16,89;54,26475739479065;LSTM (60,100,100) n_time_steps=15 epochs=200
LSTM;Sunspot Numbers;3;558,2831;23,628016;13,372498;inf;16,89;25,289459466934204;LSTM (100,60,100) n_time_steps=3 epochs=200
LSTM;Sunspot Numbers;12;527,15924;22,95995;12,376959;inf;16,9;46,77958250045776;LSTM (100,100,100) n_time_steps=12 epochs=200
LSTM;Sunspot Numbers;3;557,0304;23,601492;13,5021305;inf;16,9;24,21443200111389;LSTM (60,100,100) n_time_steps=3 epochs=200
LSTM;Sunspot Numbers;9;537,5391;23,18489;12,702709;inf;16,91;53,443644285202026;LSTM (20,20,20) n_time_steps=9 epochs=200
LSTM;Sunspot Numbers;12;526,54517;22,946571;12,149868;inf;16,91;45,03374862670898;LSTM (100,60,100) n_time_steps=12 epochs=200
LSTM;Sunspot Numbers;12;524,12134;22,893696;12,517475;inf;16,92;56,05598711967468;LSTM (60,20,100) n_time_steps=12 epochs=200
LSTM;Sunspot Numbers;9;530,3507;23,029345;12,629463;inf;16,92;43,15266227722168;LSTM (100,20,20) n_time_steps=9 epochs=200
LSTM;Sunspot Numbers;12;524,048;22,892094;12,467798;inf;16,92;59,506118059158325;LSTM (60,60,20) n_time_steps=12 epochs=200
LSTM;Sunspot Numbers;15;518,4913;22,770403;12,32653;inf;16,92;51,43614220619202;LSTM (100,100,60) n_time_steps=15 epochs=200
LSTM;Sunspot Numbers;3;564,2681;23,754328;13,155888;inf;16,92;34,10380792617798;LSTM (100,20,60) n_time_steps=3 epochs=200
LSTM;Sunspot Numbers;3;563,7362;23,74313;13,443718;inf;16,92;24,630014896392822;LSTM (60,60,100) n_time_steps=3 epochs=200
LSTM;Sunspot Numbers;15;517,08844;22,739578;12,519791;inf;16,93;49,6777503490448;LSTM (60,100,60) n_time_steps=15 epochs=200
LSTM;Sunspot Numbers;12;528,1734;22,982023;12,68886;inf;16,94;50,58064723014832;LSTM (100,20,60) n_time_steps=12 epochs=200
LSTM;Sunspot Numbers;9;532,8018;23,0825;12,714233;inf;16,94;45,0211615562439;LSTM (20,60,60) n_time_steps=9 epochs=200
LSTM;Sunspot Numbers;9;527,8311;22,974575;12,384311;inf;16,95;40,82236456871033;LSTM (100,100,100) n_time_steps=9 epochs=200
LSTM;Sunspot Numbers;12;531,1968;23,047707;12,763283;inf;16,96;52,490548610687256;LSTM (60,60,60) n_time_steps=12 epochs=200
LSTM;Sunspot Numbers;12;531,1307;23,046272;12,484383;inf;16,96;42,447420597076416;LSTM (100,60,60) n_time_steps=12 epochs=200
LSTM;Sunspot Numbers;9;530,07745;23,02341;12,519409;inf;16,96;44,77297878265381;LSTM (100,20,60) n_time_steps=9 epochs=200
LSTM;Sunspot Numbers;15;516,18164;22,719631;12,323639;inf;16,96;63,8237726688385;LSTM (100,20,100) n_time_steps=15 epochs=200
LSTM;Sunspot Numbers;3;560,5488;23,675913;13,813341;inf;16,97;23,58537650108337;LSTM (60,100,60) n_time_steps=3 epochs=200
LSTM;Sunspot Numbers;3;559,83606;23,660854;13,618576;inf;16,98;23,800182342529297;LSTM (100,60,60) n_time_steps=3 epochs=200
LSTM;Sunspot Numbers;3;566,0769;23,79237;13,41992;inf;16,99;24,4456250667572;LSTM (20,100,100) n_time_steps=3 epochs=200
LSTM;Sunspot Numbers;3;565,5095;23,780443;13,30822;inf;16,99;32,6060483455658;LSTM (60,60,20) n_time_steps=3 epochs=200
LSTM;Sunspot Numbers;3;565,4649;23,779507;13,035553;inf;16,99;30,400271892547607;LSTM (20,60,60) n_time_steps=3 epochs=200
LSTM;Sunspot Numbers;15;499,32553;22,345592;12,230991;inf;17,0;78,1421537399292;LSTM (60,100,20) n_time_steps=15 epochs=200
LSTM;Sunspot Numbers;3;566,95514;23,81082;13,413294;inf;17,0;24,88588809967041;LSTM (60,60,60) n_time_steps=3 epochs=200
LSTM;Sunspot Numbers;12;527,1214;22,959124;12,117075;inf;17,0;68,55767583847046;LSTM (20,20,100) n_time_steps=12 epochs=200
LSTM;Sunspot Numbers;9;530,10504;23,02401;12,476547;inf;17,0;42,03675293922424;LSTM (100,60,60) n_time_steps=9 epochs=200
LSTM;Sunspot Numbers;9;533,1271;23,089544;12,643835;inf;17,01;38,08547616004944;LSTM (60,100,100) n_time_steps=9 epochs=200
LSTM;Sunspot Numbers;15;509,61197;22,574587;12,37661;inf;17,01;61,39722990989685;LSTM (60,60,60) n_time_steps=15 epochs=200
LSTM;Sunspot Numbers;12;527,9177;22,97646;12,866344;inf;17,01;55,8825273513794;LSTM (20,100,20) n_time_steps=12 epochs=200
LSTM;Sunspot Numbers;12;532,32294;23,072124;12,8617;inf;17,02;49,34812808036804;LSTM (60,20,60) n_time_steps=12 epochs=200
LSTM;Sunspot Numbers;12;524,54474;22,902943;12,630094;inf;17,03;55,81479048728943;LSTM (60,20,20) n_time_steps=12 epochs=200
LSTM;Sunspot Numbers;12;537,2984;23,179699;12,989197;inf;17,03;47,30289673805237;LSTM (20,60,100) n_time_steps=12 epochs=200
LSTM;Sunspot Numbers;6;544,9544;23,34426;13,100828;inf;17,04;38,32533931732178;LSTM (20,60,60) n_time_steps=6 epochs=200
LSTM;Sunspot Numbers;6;538,19653;23,199062;12,890045;inf;17,04;31,17606782913208;LSTM (60,100,100) n_time_steps=6 epochs=200
LSTM;Sunspot Numbers;9;533,82587;23,104671;12,61116;inf;17,05;39,46863031387329;LSTM (20,100,100) n_time_steps=9 epochs=200
LSTM;Sunspot Numbers;9;532,26154;23,070793;12,563705;inf;17,05;42,37977576255798;LSTM (100,60,100) n_time_steps=9 epochs=200
LSTM;Sunspot Numbers;9;535,6223;23,143517;12,846622;inf;17,06;43,84758114814758;LSTM (60,20,20) n_time_steps=9 epochs=200
LSTM;Sunspot Numbers;9;537,8027;23,190573;12,727097;inf;17,06;43,58218431472778;LSTM (60,20,100) n_time_steps=9 epochs=200
LSTM;Sunspot Numbers;6;542,91595;23,300556;13,158646;inf;17,07;41,03307890892029;LSTM (60,20,20) n_time_steps=6 epochs=200
LSTM;Sunspot Numbers;6;547,66736;23,402294;13,077517;inf;17,07;40,38456702232361;LSTM (60,20,100) n_time_steps=6 epochs=200
LSTM;Sunspot Numbers;9;539,8051;23,233706;12,700178;inf;17,07;45,33358526229858;LSTM (20,100,20) n_time_steps=9 epochs=200
LSTM;Sunspot Numbers;9;534,98706;23,129787;12,543476;inf;17,08;39,135321378707886;LSTM (100,100,60) n_time_steps=9 epochs=200
LSTM;Sunspot Numbers;6;540,95807;23,258505;12,893569;inf;17,08;33,17927622795105;LSTM (60,60,100) n_time_steps=6 epochs=200
LSTM;Sunspot Numbers;6;535,0876;23,13196;12,638069;inf;17,08;32,44025111198425;LSTM (100,100,60) n_time_steps=6 epochs=200
LSTM;Sunspot Numbers;3;575,01965;23,979567;13,469101;inf;17,08;24,26646089553833;LSTM (100,100,20) n_time_steps=3 epochs=200
LSTM;Sunspot Numbers;3;575,00385;23,979239;13,359802;inf;17,09;24,92187142372132;LSTM (20,100,60) n_time_steps=3 epochs=200
LSTM;Sunspot Numbers;3;550,1075;23,45437;12,976966;inf;17,09;25,24148201942444;LSTM (100,100,100) n_time_steps=3 epochs=200
LSTM;Sunspot Numbers;9;535,06006;23,131365;12,675896;inf;17,09;36,37298750877381;LSTM (60,60,100) n_time_steps=9 epochs=200
LSTM;Sunspot Numbers;6;545,0952;23,347275;13,067873;inf;17,1;34,68277859687805;LSTM (20,100,100) n_time_steps=6 epochs=200
LSTM;Sunspot Numbers;6;551,4388;23,482733;12,892168;inf;17,11;38,17416501045227;LSTM (100,20,20) n_time_steps=6 epochs=200
LSTM;Sunspot Numbers;3;573,2086;23,941776;13,261169;inf;17,12;25,252737760543823;LSTM (60,100,20) n_time_steps=3 epochs=200
LSTM;Sunspot Numbers;6;543,5903;23,315022;12,9593315;inf;17,12;30,86924362182617;LSTM (60,100,60) n_time_steps=6 epochs=200
LSTM;Sunspot Numbers;15;507,5201;22,528208;12,414267;inf;17,12;83,42946219444275;LSTM (20,100,100) n_time_steps=15 epochs=200
LSTM;Sunspot Numbers;6;544,9173;23,343464;13,271299;inf;17,13;37,20354890823364;LSTM (20,100,60) n_time_steps=6 epochs=200
LSTM;Sunspot Numbers;3;577,0611;24,022097;13,373032;inf;17,13;25,86587643623352;LSTM (100,20,100) n_time_steps=3 epochs=200
LSTM;Sunspot Numbers;6;547,7315;23,403664;12,808834;inf;17,14;31,68118929862976;LSTM (100,100,20) n_time_steps=6 epochs=200
LSTM;Sunspot Numbers;6;552,66504;23,50883;12,989878;inf;17,14;37,5262393951416;LSTM (20,100,20) n_time_steps=6 epochs=200
LSTM;Sunspot Numbers;6;541,7779;23,276123;12,768832;inf;17,14;32,44949674606323;LSTM (100,60,100) n_time_steps=6 epochs=200
LSTM;Sunspot Numbers;9;540,75116;23,254057;12,54166;inf;17,15;36,90050268173218;LSTM (60,100,20) n_time_steps=9 epochs=200
LSTM;TSLA Stock prices;21;13862,68;117,73988;76,45237;28,1311959028244;17,15;45,087201833724976;LSTM (60,60,20) n_time_steps=21 epochs=200
LSTM;Sunspot Numbers;12;539,1363;23,219309;13,1270275;inf;17,15;49,03272724151611;LSTM (20,60,20) n_time_steps=12 epochs=200
LSTM;Sunspot Numbers;6;532,4112;23,074038;12,418201;inf;17,15;32,24178600311279;LSTM (100,100,100) n_time_steps=6 epochs=200
LSTM;Sunspot Numbers;12;528,12006;22,980864;12,797412;inf;17,15;54,233171463012695;LSTM (20,20,60) n_time_steps=12 epochs=200
LSTM;Sunspot Numbers;3;574,9313;23,977724;13,293335;inf;17,15;24,4281485080719;LSTM (20,60,100) n_time_steps=3 epochs=200
LSTM;Sunspot Numbers;6;543,31366;23,30909;12,763579;inf;17,16;32,90800213813782;LSTM (100,60,60) n_time_steps=6 epochs=200
LSTM;Sunspot Numbers;15;517,4203;22,746874;12,32359;inf;17,17;52,61917662620544;LSTM (60,60,20) n_time_steps=15 epochs=200
LSTM;Sunspot Numbers;9;543,7702;23,31888;12,718536;inf;17,18;39,315908670425415;LSTM (100,100,20) n_time_steps=9 epochs=200
LSTM;Sunspot Numbers;6;547,13007;23,390812;13,21945;inf;17,18;36,02254843711853;LSTM (60,60,20) n_time_steps=6 epochs=200
LSTM;Sunspot Numbers;9;539,7416;23,23234;12,743111;inf;17,18;36,964757442474365;LSTM (60,60,60) n_time_steps=9 epochs=200
LSTM;Sunspot Numbers;6;545,0806;23,346962;13,060981;inf;17,18;30,40378713607788;LSTM (60,60,60) n_time_steps=6 epochs=200
LSTM;Sunspot Numbers;15;510,656;22,597698;12,395081;inf;17,19;58,2153046131134;LSTM (100,100,20) n_time_steps=15 epochs=200
LSTM;Sunspot Numbers;9;541,58356;23,271948;12,902557;inf;17,19;46,90252351760864;LSTM (20,20,100) n_time_steps=9 epochs=200
LSTM;Sunspot Numbers;15;516,2864;22,721935;12,609646;inf;17,2;67,9936363697052;LSTM (100,20,20) n_time_steps=15 epochs=200
LSTM;Sunspot Numbers;15;515,2995;22,700209;12,629135;inf;17,2;70,91954207420349;LSTM (60,20,100) n_time_steps=15 epochs=200
LSTM;Sunspot Numbers;15;521,175;22,829258;12,471985;inf;17,21;59,409587144851685;LSTM (100,60,20) n_time_steps=15 epochs=200
LSTM;Sunspot Numbers;6;551,0921;23,475351;13,274855;inf;17,22;37,1189124584198;LSTM (60,20,60) n_time_steps=6 epochs=200
LSTM;Sunspot Numbers;6;547,72485;23,403522;13,291632;inf;17,22;33,78422451019287;LSTM (100,20,60) n_time_steps=6 epochs=200
LSTM;Sunspot Numbers;9;541,3592;23,267126;12,635349;inf;17,22;39,37283086776733;LSTM (100,20,100) n_time_steps=9 epochs=200
LSTM;Sunspot Numbers;9;542,603;23,29384;13,032089;inf;17,25;41,44786238670349;LSTM (20,60,20) n_time_steps=9 epochs=200
LSTM;Sunspot Numbers;9;549,5033;23,441486;13,01741;inf;17,25;42,91794228553772;LSTM (20,20,60) n_time_steps=9 epochs=200
LSTM;Sunspot Numbers;6;551,3701;23,481272;13,331819;inf;17,25;33,19082713127136;LSTM (100,20,100) n_time_steps=6 epochs=200
LSTM;Sunspot Numbers;3;584,50977;24,176638;13,465908;inf;17,26;24,7467896938324;LSTM (60,20,100) n_time_steps=3 epochs=200
LSTM;Sunspot Numbers;3;570,2153;23,87918;13,893688;inf;17,26;27,376555919647217;LSTM (60,20,60) n_time_steps=3 epochs=200
LSTM;Sunspot Numbers;6;549,2108;23,435247;13,157439;inf;17,27;35,416579723358154;LSTM (20,60,100) n_time_steps=6 epochs=200
LSTM;Sunspot Numbers;6;553,949;23,536121;13,192467;inf;17,27;31,025696277618408;LSTM (60,100,20) n_time_steps=6 epochs=200
LSTM;Sunspot Numbers;18;509,49707;22,572042;12,189777;inf;17,28;82,49213862419128;LSTM (20,20,20) n_time_steps=18 epochs=200
LSTM;Sunspot Numbers;18;504,42023;22,459301;12,013842;inf;17,28;65,12584257125854;LSTM (100,100,60) n_time_steps=18 epochs=200
LSTM;Sunspot Numbers;18;497,61206;22,30722;11,674442;inf;17,28;85,78237414360046;LSTM (100,60,100) n_time_steps=18 epochs=200
LSTM;Sunspot Numbers;15;521,3565;22,833233;12,504875;inf;17,29;55,99778079986572;LSTM (60,20,20) n_time_steps=15 epochs=200
LSTM;Sunspot Numbers;6;552,8303;23,512344;13,349953;inf;17,3;35,2334578037262;LSTM (100,60,20) n_time_steps=6 epochs=200
LSTM;Sunspot Numbers;6;554,30884;23,543764;13,3685;inf;17,31;41,74911904335022;LSTM (20,20,100) n_time_steps=6 epochs=200
LSTM;Sunspot Numbers;12;538,38824;23,203196;13,026676;inf;17,31;65,2322199344635;LSTM (20,20,20) n_time_steps=12 epochs=200
LSTM;Sunspot Numbers;18;498,1854;22,320066;11,689429;inf;17,33;85,0969352722168;LSTM (60,100,100) n_time_steps=18 epochs=200
LSTM;Sunspot Numbers;15;520,09906;22,805681;12,411206;inf;17,33;59,47912573814392;LSTM (60,20,60) n_time_steps=15 epochs=200
LSTM;Sunspot Numbers;15;517,3639;22,745634;12,550766;inf;17,33;64,87916922569275;LSTM (100,20,60) n_time_steps=15 epochs=200
LSTM;Sunspot Numbers;15;512,98785;22,649235;12,471027;inf;17,34;75,12857866287231;LSTM (20,60,60) n_time_steps=15 epochs=200
LSTM;Sunspot Numbers;18;505,4672;22,482597;12,018234;inf;17,35;63,4604070186615;LSTM (60,60,100) n_time_steps=18 epochs=200
LSTM;Canadian Lynx;9;156474,05;395,568;285,75616;33,659642934799194;17,35;17,14542555809021;LSTM (60,60,100) n_time_steps=9 epochs=200
LSTM;Sunspot Numbers;15;512,4592;22,637562;12,508429;inf;17,37;68,3638813495636;LSTM (20,100,20) n_time_steps=15 epochs=200
LSTM;Sunspot Numbers;18;497,1954;22,297878;11,52898;inf;17,37;83,11179208755493;LSTM (60,100,60) n_time_steps=18 epochs=200
LSTM;Sunspot Numbers;18;508,34238;22,54645;12,039979;inf;17,38;78,54877352714539;LSTM (100,20,60) n_time_steps=18 epochs=200
LSTM;Sunspot Numbers;18;514,48535;22,68227;12,54303;inf;17,39;73,01960396766663;LSTM (60,100,20) n_time_steps=18 epochs=200
LSTM;Sunspot Numbers;18;508,1574;22,542347;12,294365;inf;17,39;77,61092758178711;LSTM (100,100,20) n_time_steps=18 epochs=200
LSTM;Sunspot Numbers;6;550,3528;23,459599;13,528755;inf;17,39;48,02361011505127;LSTM (20,20,20) n_time_steps=6 epochs=200
LSTM;Sunspot Numbers;3;586,1428;24,210386;13,57452;inf;17,4;26,834617137908936;LSTM (20,20,100) n_time_steps=3 epochs=200
LSTM;Sunspot Numbers;18;512,8268;22,64568;12,039674;inf;17,4;58,29303693771362;LSTM (100,60,60) n_time_steps=18 epochs=200
LSTM;Sunspot Numbers;15;512,30853;22,634233;12,523592;inf;17,4;76,7743911743164;LSTM (20,60,100) n_time_steps=15 epochs=200
LSTM;Sunspot Numbers;18;499,88007;22,357998;11,954528;inf;17,47;91,36782121658324;LSTM (100,100,100) n_time_steps=18 epochs=200
LSTM;Sunspot Numbers;24;522,388;22,855808;12,265887;inf;17,48;102,19417476654051;LSTM (20,60,20) n_time_steps=24 epochs=200
LSTM;Sunspot Numbers;18;516,96204;22,7368;12,397221;inf;17,49;60,272021770477295;LSTM (20,60,20) n_time_steps=18 epochs=200
LSTM;Sunspot Numbers;18;511,36615;22,613407;12,30493;inf;17,49;68,39052486419678;LSTM (60,60,60) n_time_steps=18 epochs=200
LSTM;Sunspot Numbers;6;556,97845;23,600391;13,653951;inf;17,5;32,64466500282288;LSTM (20,60,20) n_time_steps=6 epochs=200
LSTM;Sunspot Numbers;3;575,2803;23,985;13,82592;inf;17,51;27,549601316452023;LSTM (100,20,20) n_time_steps=3 epochs=200
LSTM;Sunspot Numbers;6;558,58124;23,634323;13,655294;inf;17,52;36,46305871009827;LSTM (20,20,60) n_time_steps=6 epochs=200
LSTM;Sunspot Numbers;15;511,30496;22,612053;12,23538;inf;17,53;77,75886917114258;LSTM (20,20,100) n_time_steps=15 epochs=200
LSTM;Sunspot Numbers;18;517,4374;22,74725;12,481571;inf;17,53;74,99414491653442;LSTM (60,20,20) n_time_steps=18 epochs=200
LSTM;Sunspot Numbers;15;520,5768;22,816153;12,320177;inf;17,54;66,16997241973877;LSTM (20,100,60) n_time_steps=15 epochs=200
LSTM;Sunspot Numbers;18;516,2274;22,720638;12,414884;inf;17,54;73,31889486312866;LSTM (60,20,60) n_time_steps=18 epochs=200
LSTM;Sunspot Numbers;15;521,3916;22,834002;12,656815;inf;17,54;59,29021954536438;LSTM (20,20,20) n_time_steps=15 epochs=200
LSTM;Sunspot Numbers;18;518,4386;22,769247;12,546034;inf;17,55;78,54720306396484;LSTM (20,20,60) n_time_steps=18 epochs=200
LSTM;Sunspot Numbers;21;526,8714;22,95368;12,150605;inf;17,56;97,85189533233644;LSTM (100,100,20) n_time_steps=21 epochs=200
LSTM;Sunspot Numbers;18;510,1316;22,586092;12,436167;inf;17,56;93,88575291633606;LSTM (20,20,100) n_time_steps=18 epochs=200
LSTM;Sunspot Numbers;21;518,4769;22,770088;12,525565;inf;17,56;105,98390364646912;LSTM (20,20,100) n_time_steps=21 epochs=200
LSTM;Sunspot Numbers;18;525,34937;22,920502;12,782448;inf;17,57;63,93641543388367;LSTM (100,20,20) n_time_steps=18 epochs=200
LSTM;Sunspot Numbers;15;525,3286;22,920048;12,87886;inf;17,59;57,91051983833313;LSTM (20,20,60) n_time_steps=15 epochs=200
LSTM;Sunspot Numbers;24;524,4524;22,900925;12,615816;inf;17,59;82,96495985984802;LSTM (20,100,20) n_time_steps=24 epochs=200
LSTM;Sunspot Numbers;24;520,9565;22,82447;12,077471;inf;17,6;105,75154137611388;LSTM (60,20,60) n_time_steps=24 epochs=200
LSTM;Sunspot Numbers;18;517,3051;22,744343;12,614916;inf;17,6;72,92029118537903;LSTM (100,60,20) n_time_steps=18 epochs=200
LSTM;Sunspot Numbers;21;530,60803;23,034931;12,670235;inf;17,61;80,9767107963562;LSTM (60,20,20) n_time_steps=21 epochs=200
LSTM;Sunspot Numbers;24;529,2513;23,005463;12,621813;inf;17,61;84,94542288780212;LSTM (20,20,100) n_time_steps=24 epochs=200
LSTM;Sunspot Numbers;21;521,3374;22,832813;12,759129;inf;17,61;73,81714987754822;LSTM (100,20,20) n_time_steps=21 epochs=200
LSTM;Sunspot Numbers;18;517,8184;22,755625;12,585324;inf;17,62;72,67306733131409;LSTM (100,20,100) n_time_steps=18 epochs=200
LSTM;Sunspot Numbers;21;531,34186;23,050854;12,5783;inf;17,64;68,05293655395508;LSTM (20,60,60) n_time_steps=21 epochs=200
LSTM;Sunspot Numbers;21;533,02155;23,08726;12,630211;inf;17,64;76,98374366760254;LSTM (60,20,60) n_time_steps=21 epochs=200
LSTM;Sunspot Numbers;3;595,66736;24,406298;13,630764;inf;17,64;25,77427387237549;LSTM (20,100,20) n_time_steps=3 epochs=200
LSTM;Sunspot Numbers;21;518,5651;22,772024;12,050684;inf;17,65;91,53072237968443;LSTM (100,60,100) n_time_steps=21 epochs=200
LSTM;Sunspot Numbers;18;510,51984;22,594687;12,359192;inf;17,65;97,56687879562378;LSTM (20,60,60) n_time_steps=18 epochs=200
LSTM;Sunspot Numbers;15;523,31177;22,876009;12,804844;inf;17,67;55,26515340805054;LSTM (20,60,20) n_time_steps=15 epochs=200
LSTM;Sunspot Numbers;18;517,27997;22,74379;12,576118;inf;17,68;78,2276999950409;LSTM (60,20,100) n_time_steps=18 epochs=200
LSTM;Sunspot Numbers;18;521,3045;22,832094;12,898468;inf;17,68;64,94866752624512;LSTM (60,60,20) n_time_steps=18 epochs=200
LSTM;Sunspot Numbers;21;521,053;22,826586;12,336422;inf;17,68;89,30103373527527;LSTM (60,60,60) n_time_steps=21 epochs=200
LSTM;Sunspot Numbers;18;523,6339;22,883049;12,757195;inf;17,69;69,7357394695282;LSTM (20,100,20) n_time_steps=18 epochs=200
LSTM;Sunspot Numbers;21;519,651;22,795855;12,400368;inf;17,7;96,99135375022888;LSTM (60,60,100) n_time_steps=21 epochs=200
LSTM;Sunspot Numbers;18;512,49646;22,638384;12,490268;inf;17,71;75,32636046409607;LSTM (20,100,100) n_time_steps=18 epochs=200
LSTM;Sunspot Numbers;24;528,7476;22,994513;12,784804;inf;17,71;74,69906401634216;LSTM (20,60,60) n_time_steps=24 epochs=200
LSTM;Sunspot Numbers;24;530,3787;23,029953;12,578384;inf;17,71;82,78714752197266;LSTM (60,100,20) n_time_steps=24 epochs=200
LSTM;Sunspot Numbers;24;525,1125;22,915333;13,187536;inf;17,72;90,27418422698976;LSTM (20,20,20) n_time_steps=24 epochs=200
LSTM;Sunspot Numbers;21;547,6453;23,401823;12,810452;inf;17,72;68,70154333114624;LSTM (20,60,20) n_time_steps=21 epochs=200
LSTM;Sunspot Numbers;24;522,0782;22,84903;12,884481;inf;17,73;72,85186004638672;LSTM (20,100,60) n_time_steps=24 epochs=200
LSTM;Sunspot Numbers;24;524,75604;22,907555;12,732452;inf;17,73;76,3651475906372;LSTM (20,60,100) n_time_steps=24 epochs=200
LSTM;Sunspot Numbers;21;538,55457;23,206778;12,706407;inf;17,75;67,45100569725037;LSTM (60,100,20) n_time_steps=21 epochs=200
LSTM;Sunspot Numbers;21;527,0539;22,957655;12,535585;inf;17,75;99,59064888954164;LSTM (20,100,60) n_time_steps=21 epochs=200
LSTM;Sunspot Numbers;21;528,34357;22,985725;12,8480835;inf;17,75;72,16426539421082;LSTM (60,60,20) n_time_steps=21 epochs=200
LSTM;Sunspot Numbers;21;531,6993;23,058605;12,785416;inf;17,76;82,04351449012756;LSTM (20,100,100) n_time_steps=21 epochs=200
LSTM;Sunspot Numbers;18;513,58936;22,66251;12,634342;inf;17,77;83,1598813533783;LSTM (20,60,100) n_time_steps=18 epochs=200
LSTM;Sunspot Numbers;24;535,3743;23,138157;12,483328;inf;17,77;81,06853103637695;LSTM (100,60,20) n_time_steps=24 epochs=200
LSTM;Sunspot Numbers;24;528,2704;22,984133;13,159138;inf;17,77;72,88537907600403;LSTM (60,20,20) n_time_steps=24 epochs=200
LSTM;Sunspot Numbers;24;534,4148;23,117413;13,005901;inf;17,78;75,25835609436035;LSTM (60,60,20) n_time_steps=24 epochs=200
LSTM;Sunspot Numbers;18;514,8221;22,689692;12,67985;inf;17,79;75,30996060371399;LSTM (20,100,60) n_time_steps=18 epochs=200
LSTM;Sunspot Numbers;24;529,14026;23,00305;12,999836;inf;17,8;75,66869688034058;LSTM (20,20,60) n_time_steps=24 epochs=200
LSTM;Sunspot Numbers;24;530,416;23,030762;12,553518;inf;17,81;79,94630670547485;LSTM (100,20,20) n_time_steps=24 epochs=200
LSTM;Sunspot Numbers;24;526,1316;22,93756;12,560329;inf;17,82;116,15373015403748;LSTM (20,100,100) n_time_steps=24 epochs=200
LSTM;Sunspot Numbers;21;522,9239;22,867529;12,780594;inf;17,82;75,15481376647949;LSTM (100,100,60) n_time_steps=21 epochs=200
LSTM;Sunspot Numbers;24;534,93304;23,12862;12,607374;inf;17,83;109,975567817688;LSTM (60,20,100) n_time_steps=24 epochs=200
LSTM;Sunspot Numbers;21;518,74133;22,775894;12,677127;inf;17,83;71,15210962295532;LSTM (20,20,20) n_time_steps=21 epochs=200
LSTM;Sunspot Numbers;21;520,23486;22,808657;12,676651;inf;17,83;76,17622423171997;LSTM (100,100,100) n_time_steps=21 epochs=200
LSTM;Sunspot Numbers;21;532,04987;23,066206;12,90102;inf;17,84;78,23157548904419;LSTM (20,20,60) n_time_steps=21 epochs=200
LSTM;Sunspot Numbers;24;523,7019;22,884535;12,312191;inf;17,84;121,61060357093812;LSTM (100,20,100) n_time_steps=24 epochs=200
LSTM;Sunspot Numbers;3;586,6583;24,221031;13,601009;inf;17,84;27,31169414520264;LSTM (20,20,60) n_time_steps=3 epochs=200
LSTM;Sunspot Numbers;21;534,2573;23,114008;12,6178055;inf;17,84;92,5863480567932;LSTM (100,20,100) n_time_steps=21 epochs=200
LSTM;Sunspot Numbers;24;522,8184;22,865223;12,539669;inf;17,85;105,9325942993164;LSTM (100,60,100) n_time_steps=24 epochs=200
LSTM;Sunspot Numbers;24;528,1782;22,982128;12,652937;inf;17,86;86,2350344657898;LSTM (100,20,60) n_time_steps=24 epochs=200
LSTM;Sunspot Numbers;3;551,83575;23,491184;12,779861;inf;17,87;31,805909633636475;LSTM (100,100,60) n_time_steps=3 epochs=200
LSTM;Sunspot Numbers;24;527,67456;22,971169;12,748219;inf;17,88;80,10428595542908;LSTM (100,100,20) n_time_steps=24 epochs=200
LSTM;Sunspot Numbers;3;584,72327;24,181051;13,73333;inf;17,88;26,99210810661316;LSTM (60,20,20) n_time_steps=3 epochs=200
LSTM;Sunspot Numbers;21;539,82025;23,234032;12,96209;inf;17,89;69,74205708503723;LSTM (100,20,60) n_time_steps=21 epochs=200
LSTM;Sunspot Numbers;24;523,6268;22,882893;12,719845;inf;17,91;101,08584117889404;LSTM (60,100,100) n_time_steps=24 epochs=200
LSTM;Sunspot Numbers;3;591,27844;24,316217;13,890778;inf;17,93;24,252264261245728;LSTM (20,60,20) n_time_steps=3 epochs=200
LSTM;Sunspot Numbers;24;527,988;22,97799;12,548623;inf;17,94;90,8560643196106;LSTM (100,100,100) n_time_steps=24 epochs=200
LSTM;Sunspot Numbers;21;532,02936;23,065762;12,843342;inf;17,95;73,89582824707031;LSTM (100,60,60) n_time_steps=21 epochs=200
LSTM;Sunspot Numbers;21;541,56995;23,271656;12,93096;inf;17,95;82,22576665878296;LSTM (100,60,20) n_time_steps=21 epochs=200
LSTM;Canadian Lynx;9;116332,234;341,0751;247,11981;47,2060352563858;17,96;15,569278955459597;LSTM (100,100,20) n_time_steps=9 epochs=200
LSTM;Sunspot Numbers;24;527,1626;22,960022;12,782006;inf;17,97;80,03320670127869;LSTM (100,60,60) n_time_steps=24 epochs=200
LSTM;Sunspot Numbers;21;532,5997;23,078121;12,966187;inf;17,99;76,84983468055725;LSTM (20,100,20) n_time_steps=21 epochs=200
LSTM;Sunspot Numbers;24;529,09283;23,002018;12,895987;inf;18,01;84,36593770980835;LSTM (60,60,60) n_time_steps=24 epochs=200
LSTM;Sunspot Numbers;24;526,0986;22,936838;12,599548;inf;18,01;83,22571206092834;LSTM (100,100,60) n_time_steps=24 epochs=200
LSTM;Sunspot Numbers;24;527,94324;22,977015;12,625273;inf;18,02;88,54081606864929;LSTM (60,60,100) n_time_steps=24 epochs=200
LSTM;Sunspot Numbers;21;533,4531;23,096603;13,021484;inf;18,06;67,3426399230957;LSTM (60,100,60) n_time_steps=21 epochs=200
LSTM;Sunspot Numbers;24;527,84;22,97477;12,6550255;inf;18,06;89,84189224243164;LSTM (60,100,60) n_time_steps=24 epochs=200
LSTM;Sunspot Numbers;21;537,8411;23,191402;13,298508;inf;18,09;78,83720922470093;LSTM (20,60,100) n_time_steps=21 epochs=200
LSTM;Sunspot Numbers;21;531,83124;23,061466;13,051575;inf;18,12;76,91936659812927;LSTM (60,20,100) n_time_steps=21 epochs=200
LSTM;Sunspot Numbers;21;528,9068;22,997974;13,122879;inf;18,18;69,10200047492981;LSTM (60,100,100) n_time_steps=21 epochs=200
LSTM;TSLA Stock prices;0;17537,297;132,42847;63,83249;29,59039807319641;18,46;10,146454095840454;LSTM (100,100,100) n_time_steps=0 epochs=200
LSTM;Canadian Lynx;9;232908,16;482,6056;276,89322;42,51785576343536;18,52;16,016072273254395;LSTM (100,100,60) n_time_steps=9 epochs=200
LSTM;Canadian Lynx;9;273575,38;523,0443;321,20605;42,71164536476135;18,55;16,635197639465332;LSTM (100,60,100) n_time_steps=9 epochs=200
LSTM;Sunspot Numbers;3;604,54755;24,58755;14,615892;inf;18,68;29,89403343200684;LSTM (20,20,20) n_time_steps=3 epochs=200
LSTM;Canadian Lynx;3;678504,1;823,7136;177,23145;140,64711332321167;19,84;10,698456048965454;LSTM (100,100,60) n_time_steps=3 epochs=200
LSTM;Canadian Lynx;6;73601,07;271,29517;286,80276;40,74050784111023;20,25;11,947046756744385;LSTM (60,60,100) n_time_steps=6 epochs=200
LSTM;TSLA Stock prices;0;19997,945;141,4141;76,06418;31,8860411643982;20,41;10,28593635559082;LSTM (100,100,60) n_time_steps=0 epochs=200
LSTM;Canadian Lynx;6;95472,61;308,98642;307,0571;57,08503127098084;20,42;12,229839324951172;LSTM (60,60,20) n_time_steps=6 epochs=200
LSTM;Canadian Lynx;12;737675,8;858,88055;310,14737;33,295416831970215;20,57;15,0210542678833;LSTM (60,60,100) n_time_steps=12 epochs=200
LSTM;Canadian Lynx;9;210570,67;458,8798;290,2445;50,40997266769409;21,23;15,647600650787354;LSTM (100,60,60) n_time_steps=9 epochs=200
LSTM;Canadian Lynx;6;100015,55;316,25235;336,6518;51,46758556365967;21,55;13,032251358032228;LSTM (100,60,100) n_time_steps=6 epochs=200
LSTM;Canadian Lynx;3;645434,44;803,38934;236,4944;110,1572036743164;21,61;10,73858118057251;LSTM (100,60,20) n_time_steps=3 epochs=200
LSTM;Canadian Lynx;3;638971,56;799,357;186,06909;125,28624534606934;21,77;10,903132200241089;LSTM (100,100,20) n_time_steps=3 epochs=200
LSTM;Canadian Lynx;9;178141,36;422,06796;389,25128;52,6211142539978;21,79;19,41631293296814;LSTM (20,100,100) n_time_steps=9 epochs=200
LSTM;TSLA Stock prices;0;21660,08;147,17365;83,58771;33,646008372306824;21,83;11,076174020767212;LSTM (100,100,20) n_time_steps=0 epochs=200
LSTM;Canadian Lynx;6;86048,39;293,34006;300,0993;60,54146885871887;21,86;12,78768515586853;LSTM (100,60,60) n_time_steps=6 epochs=200
LSTM;Canadian Lynx;6;100420,71;316,89227;329,23523;65,53251147270203;22,06;12,550292491912842;LSTM (20,60,100) n_time_steps=6 epochs=200
LSTM;Canadian Lynx;9;254713,58;504,69156;383,7611;67,92557835578918;22,11;16,887301445007324;LSTM (60,20,100) n_time_steps=9 epochs=200
LSTM;Canadian Lynx;9;247215,36;497,20755;358,3391;65,59574604034424;22,44;16,33299493789673;LSTM (60,60,60) n_time_steps=9 epochs=200
LSTM;Canadian Lynx;9;201992,94;449,43625;342,128;54,75330352783203;22,47;15,113253116607666;LSTM (60,60,20) n_time_steps=9 epochs=200
LSTM;Canadian Lynx;3;610620,1;781,4219;188,64291;122,01423645019533;22,58;12,219927310943604;LSTM (60,100,100) n_time_steps=3 epochs=200
LSTM;Canadian Lynx;9;188069,23;433,6695;380,2004;56,964534521102905;22,6;13,41485047340393;LSTM (20,60,100) n_time_steps=9 epochs=200
LSTM;Canadian Lynx;3;645559,2;803,467;200,87952;138,62004280090332;22,67;10,733584642410278;LSTM (100,60,100) n_time_steps=3 epochs=200
LSTM;TSLA Stock prices;21;20410,432;142,86508;94,40772;35,53241491317749;22,67;44,515389919281006;LSTM (100,20,20) n_time_steps=21 epochs=200
LSTM;Canadian Lynx;6;125643,14;354,46176;234,72177;70,33100724220276;22,69;11,5357666015625;LSTM (20,60,20) n_time_steps=6 epochs=200
LSTM;Canadian Lynx;3;586496,5;765,83057;244,59326;104,32043075561523;22,88;11,126545906066896;LSTM (20,100,100) n_time_steps=3 epochs=200
LSTM;Canadian Lynx;6;105665,2;325,06186;278,6324;77,8127670288086;22,92;11,642230749130247;LSTM (20,60,60) n_time_steps=6 epochs=200
LSTM;Canadian Lynx;3;585389,5;765,1075;259,86035;98,13509583473206;22,92;11,834480047225952;LSTM (20,20,100) n_time_steps=3 epochs=200
LSTM;Canadian Lynx;9;203378,86;450,97546;440,682;60,97360253334045;23,06;15,92707872390747;LSTM (60,100,20) n_time_steps=9 epochs=200
LSTM;Canadian Lynx;3;609330,8;780,59644;207,77002;119,95632648468018;23,06;10,667868852615356;LSTM (20,60,100) n_time_steps=3 epochs=200
LSTM;Canadian Lynx;3;674589,0;821,3337;188,64441;144,26798820495603;23,09;10,834701299667358;LSTM (100,100,100) n_time_steps=3 epochs=200
LSTM;Canadian Lynx;6;97249,516;311,84854;305,2423;83,65467190742493;23,13;12,476084232330322;LSTM (20,100,60) n_time_steps=6 epochs=200
LSTM;Canadian Lynx;9;254791,53;504,7688;418,35388;67,86280870437622;23,29;15,714876413345335;LSTM (60,20,60) n_time_steps=9 epochs=200
LSTM;Canadian Lynx;6;110325,41;332,15268;337,54263;67,9527223110199;23,31;13,24861478805542;LSTM (100,100,60) n_time_steps=6 epochs=200
LSTM;Canadian Lynx;6;126303,2;355,39163;318,73334;75,21390318870544;23,34;11,648129224777222;LSTM (60,60,60) n_time_steps=6 epochs=200
LSTM;Canadian Lynx;6;126395,164;355,52097;347,13403;81,49325847625732;23,36;11,300272941589355;LSTM (20,20,60) n_time_steps=6 epochs=200
LSTM;Canadian Lynx;3;606580,25;778,83264;194,26337;121,33313417434692;23,42;12,61722731590271;LSTM (60,60,100) n_time_steps=3 epochs=200
LSTM;Canadian Lynx;3;582078,0;762,94037;269,31653;98,41421246528624;23,44;11,037865400314333;LSTM (20,100,60) n_time_steps=3 epochs=200
LSTM;Canadian Lynx;3;656100,94;810,00055;222,8399;139,6376132965088;23,52;12,21584701538086;LSTM (60,100,20) n_time_steps=3 epochs=200
LSTM;Canadian Lynx;9;273443,6;522,91833;367,7503;72,77478575706482;23,62;12,273345947265623;LSTM (20,60,20) n_time_steps=9 epochs=200
LSTM;Canadian Lynx;6;134401,69;366,60837;285,5879;99,6615707874298;23,72;12,950238227844238;LSTM (20,100,100) n_time_steps=6 epochs=200
LSTM;Canadian Lynx;3;576496,44;759,2736;258,8669;91,15231037139893;23,83;11,332865715026855;LSTM (60,20,100) n_time_steps=3 epochs=200
LSTM;Canadian Lynx;3;619054,06;786,79987;201,70514;108,58678817749023;23,9;12,975220918655396;LSTM (100,20,60) n_time_steps=3 epochs=200
LSTM;Canadian Lynx;6;136049,56;368,84897;293,80438;65,63165187835693;23,9;12,150983095169067;LSTM (60,20,60) n_time_steps=6 epochs=200
LSTM;Canadian Lynx;3;623131,2;789,3866;201,89087;125,17366409301758;23,91;10,537274599075316;LSTM (100,60,60) n_time_steps=3 epochs=200
LSTM;Canadian Lynx;9;420415,7;648,3947;359,33566;91,69026017189026;23,98;11,899535417556764;LSTM (20,20,20) n_time_steps=9 epochs=200
LSTM;Canadian Lynx;3;600421,8;774,8689;250,1447;112,66927719116212;24,01;10,61866855621338;LSTM (20,100,20) n_time_steps=3 epochs=200
LSTM;Canadian Lynx;3;612260,4;782,4707;234,84595;115,72232246398926;24,04;12,253270149230955;LSTM (60,60,60) n_time_steps=3 epochs=200
LSTM;TSLA Stock prices;15;20785,35;144,17125;100,44127;37,67143785953522;24,05;41,78360652923584;LSTM (100,100,20) n_time_steps=15 epochs=200
LSTM;Canadian Lynx;3;586227,9;765,6552;279,21658;98,20882081985474;24,1;10,977448225021362;LSTM (20,60,60) n_time_steps=3 epochs=200
LSTM;Canadian Lynx;3;601053,2;775,2762;193,21838;104,7235369682312;24,25;11,681915044784546;LSTM (100,20,100) n_time_steps=3 epochs=200
LSTM;Canadian Lynx;3;632007,7;794,98914;202,60547;133,90315771102905;24,37;11,952836036682127;LSTM (60,100,60) n_time_steps=3 epochs=200
LSTM;Canadian Lynx;3;589808,75;767,99005;288,4145;94,33218240737916;24,59;13,293776273727415;LSTM (60,20,60) n_time_steps=3 epochs=200
LSTM;Canadian Lynx;6;117643,33;342,99173;318,02582;99,5143473148346;24,6;12,66852569580078;LSTM (60,100,100) n_time_steps=6 epochs=200
LSTM;Canadian Lynx;6;127111,55;356,52707;299,28693;102,6548981666565;24,63;11,913201808929443;LSTM (60,100,60) n_time_steps=6 epochs=200
LSTM;Canadian Lynx;9;317679,56;563,6307;398,28784;78,85107398033142;24,68;13,16358518600464;LSTM (20,60,60) n_time_steps=9 epochs=200
LSTM;Canadian Lynx;9;251951,36;501,94757;405,3034;68,50166916847229;24,7;31,168425798416138;LSTM (20,100,20) n_time_steps=9 epochs=200
LSTM;Canadian Lynx;9;330076,2;574,5226;453,48297;80,55809736251831;24,97;18,131998777389526;LSTM (20,100,60) n_time_steps=9 epochs=200
LSTM;Canadian Lynx;6;105118,195;324,21936;285,2749;91,35475158691406;25,03;11,696165084838867;LSTM (60,100,20) n_time_steps=6 epochs=200
LSTM;TSLA Stock prices;21;23253,549;152,49115;101,71819;38,73379826545715;25,15;52,00787734985352;LSTM (100,100,20) n_time_steps=21 epochs=200
LSTM;TSLA Stock prices;0;25114,924;158,47688;97,82364;38,02878856658936;25,19;9,928419828414915;LSTM (100,60,60) n_time_steps=0 epochs=200
LSTM;Canadian Lynx;6;145279,56;381,15555;266,30365;120,3648567199707;25,23;12,73168683052063;LSTM (100,20,60) n_time_steps=6 epochs=200
LSTM;Canadian Lynx;3;614056,75;783,61774;210,16382;80,98081350326538;25,27;11,573970556259155;LSTM (100,20,20) n_time_steps=3 epochs=200
LSTM;Canadian Lynx;9;302680,22;550,1638;500,8484;75,85802674293518;25,3;14,847804307937622;LSTM (100,60,20) n_time_steps=9 epochs=200
LSTM;Canadian Lynx;3;604003,9;777,1769;295,92212;108,77984762191772;25,33;13,275803089141846;LSTM (20,20,60) n_time_steps=3 epochs=200
LSTM;Canadian Lynx;6;133063,81;364,7791;319,06223;98,65089654922484;25,41;12,013447999954224;LSTM (60,20,20) n_time_steps=6 epochs=200
LSTM;Canadian Lynx;6;90777,14;301,29245;259,2362;58,46503376960754;25,42;12,01754355430603;LSTM (20,20,100) n_time_steps=6 epochs=200
LSTM;TSLA Stock prices;24;22908,451;151,35538;105,06064;39,41923677921295;25,5;50,48430991172791;LSTM (100,20,20) n_time_steps=24 epochs=200
LSTM;Canadian Lynx;6;109828,8;331,40427;292,59183;90,14174938201904;25,58;13,29466700553894;LSTM (100,100,20) n_time_steps=6 epochs=200
LSTM;Canadian Lynx;9;335415,72;579,1509;480,3705;80,23924231529236;25,73;15,403371334075928;LSTM (100,20,100) n_time_steps=9 epochs=200
LSTM;TSLA Stock prices;0;25760,572;160,501;100,31256;38,8923317193985;25,84;9,699347019195557;LSTM (60,100,20) n_time_steps=0 epochs=200
LSTM;Canadian Lynx;6;119464,3;345,63608;315,96442;107,92057514190674;25,89;13,336951732635498;LSTM (100,100,100) n_time_steps=6 epochs=200
LSTM;Canadian Lynx;3;679915,94;824,5701;240,05334;105,31638860702516;25,9;11,586511850357056;LSTM (60,60,20) n_time_steps=3 epochs=200
LSTM;Canadian Lynx;9;277750,47;527,0204;426,78314;74,42352771759033;25,91;14,638216257095335;LSTM (100,20,60) n_time_steps=9 epochs=200
LSTM;Canadian Lynx;6;110586,445;332,5454;292,0053;96,80384993553162;25,97;12,6028254032135;LSTM (100,60,20) n_time_steps=6 epochs=200
LSTM;Canadian Lynx;3;603007,2;776,5354;319,95343;101,3502597808838;26,07;11,254593849182127;LSTM (20,60,20) n_time_steps=3 epochs=200
LSTM;Canadian Lynx;9;325255,44;570,3117;430,6433;79,69561219215393;26,49;13,81223750114441;LSTM (100,20,20) n_time_steps=9 epochs=200
LSTM;Canadian Lynx;3;659014,0;811,79675;231,07666;82,21420645713806;26,61;11,173521280288696;LSTM (60,20,20) n_time_steps=3 epochs=200
LSTM;Canadian Lynx;6;172612,44;415,46652;339,0311;87,07059025764465;26,77;13,282172441482544;LSTM (100,20,100) n_time_steps=6 epochs=200
LSTM;TSLA Stock prices;0;26787,955;163,67026;104,17833;40,2849018573761;26,91;9,694054126739502;LSTM (60,100,60) n_time_steps=0 epochs=200
LSTM;Canadian Lynx;6;159933,84;399,9173;318,2915;104,571795463562;26,91;12,302589178085327;LSTM (20,100,20) n_time_steps=6 epochs=200
LSTM;Canadian Lynx;6;146860,56;383,2239;341,60657;100,12065172195436;27,17;12,234198808670044;LSTM (100,20,20) n_time_steps=6 epochs=200
LSTM;Canadian Lynx;6;153751,31;392,11136;310,86475;94,75571513175964;27,37;13,062419176101685;LSTM (60,20,100) n_time_steps=6 epochs=200
LSTM;Canadian Lynx;9;402960,2;634,79144;473,1925;87,73354887962341;27,49;14,9503333568573;LSTM (60,20,20) n_time_steps=9 epochs=200
LSTM;TSLA Stock prices;0;27463,629;165,72154;106,66139;41,19313061237335;27,61;9,648179292678831;LSTM (60,100,100) n_time_steps=0 epochs=200
LSTM;Canadian Lynx;9;523830,72;723,76154;546,2821;100,15212297439577;28,5;12,199733972549438;LSTM (20,20,60) n_time_steps=9 epochs=200
LSTM;TSLA Stock prices;0;28365,6;168,4209;109,907745;42,38908290863037;28,54;10,008081197738647;LSTM (100,60,100) n_time_steps=0 epochs=200
LSTM;TSLA Stock prices;0;28414,143;168,56496;110,08034;42,45294630527496;28,59;10,351184129714966;LSTM (100,60,20) n_time_steps=0 epochs=200
LSTM;Canadian Lynx;9;499656,78;706,8641;553,4851;95,731383562088;28,79;13,440175533294678;LSTM (20,20,100) n_time_steps=9 epochs=200
LSTM;Canadian Lynx;12;2123101,5;1457,0867;408,88342;39,931026101112366;29,47;17,157196521759033;LSTM (20,100,100) n_time_steps=12 epochs=200
LSTM;Canadian Lynx;3;635532,06;797,20264;331,20972;111,99485063552856;29,71;11,618698596954346;LSTM (20,20,20) n_time_steps=3 epochs=200
LSTM;Canadian Lynx;6;370017,8;608,2909;377,97586;127,54532098770142;31,39;11,236624002456663;LSTM (20,20,20) n_time_steps=6 epochs=200
LSTM;Canadian Lynx;12;1026624,9;1013,225;506,08484;45,62932848930359;32,03;14,318382740020752;LSTM (60,60,60) n_time_steps=12 epochs=200
LSTM;Canadian Lynx;12;1936692,4;1391,651;365,7864;43,65894794464111;33,05;15,849767684936523;LSTM (20,60,100) n_time_steps=12 epochs=200
LSTM;TSLA Stock prices;0;33743,69;183,69456;127,89038;49,1176038980484;34,03;9,279980659484863;LSTM (60,60,20) n_time_steps=0 epochs=200
LSTM;TSLA Stock prices;0;35436,582;188,24606;133,14279;51,09713077545166;35,73;9,79538369178772;LSTM (60,60,100) n_time_steps=0 epochs=200
LSTM;Canadian Lynx;12;1181146,0;1086,8054;474,82138;57,84603953361511;35,84;13,763236045837402;LSTM (20,20,60) n_time_steps=12 epochs=200
LSTM;Canadian Lynx;12;706849,7;840,7435;637,281;50,2641499042511;36,07;14,13459825515747;LSTM (60,60,20) n_time_steps=12 epochs=200
LSTM;TSLA Stock prices;0;35999,305;189,73483;134,8518;51,741230487823486;36,3;9,97539210319519;LSTM (20,100,60) n_time_steps=0 epochs=200
LSTM;TSLA Stock prices;0;36136,766;190,09673;135,26662;51,8975555896759;36,44;9,20027780532837;LSTM (60,60,60) n_time_steps=0 epochs=200
LSTM;TSLA Stock prices;0;37087,074;192,58005;138,10635;52,967798709869385;37,39;9,273004293441772;LSTM (20,100,100) n_time_steps=0 epochs=200
LSTM;TSLA Stock prices;0;37884,445;194,63927;140,45271;53,85209321975708;38,18;9,645039558410645;LSTM (20,100,20) n_time_steps=0 epochs=200
LSTM;TSLA Stock prices;0;37966,41;194,84972;140,6921;53,94231081008911;38,27;9,733865976333618;LSTM (100,20,20) n_time_steps=0 epochs=200
LSTM;TSLA Stock prices;0;38380,953;195,91057;141,89764;54,39665913581848;38,68;9,964560270309448;LSTM (100,20,100) n_time_steps=0 epochs=200
LSTM;Sunspot Numbers;0;4745,5957;68,88828;55,291756;inf;39,12;18,859036207199097;LSTM (100,100,100) n_time_steps=0 epochs=200
LSTM;Sunspot Numbers;0;4745,6284;68,88852;55,295418;inf;39,12;17,296032905578613;LSTM (20,60,20) n_time_steps=0 epochs=200
LSTM;Sunspot Numbers;0;4745,985;68,891106;55,335266;inf;39,12;13,129001379013062;LSTM (20,20,100) n_time_steps=0 epochs=200
LSTM;Sunspot Numbers;0;4745,105;68,88472;55,249996;inf;39,12;15,626902103424072;LSTM (100,100,60) n_time_steps=0 epochs=200
LSTM;Sunspot Numbers;0;4745,1133;68,88478;55,249996;inf;39,12;16,481503009796143;LSTM (100,100,20) n_time_steps=0 epochs=200
LSTM;Sunspot Numbers;0;4745,2217;68,88557;55,249996;inf;39,12;21,1525616645813;LSTM (100,60,100) n_time_steps=0 epochs=200
LSTM;Sunspot Numbers;0;4745,984;68,8911;55,33515;inf;39,12;18,94289922714233;LSTM (100,60,60) n_time_steps=0 epochs=200
LSTM;Sunspot Numbers;0;4745,567;68,88808;55,28853;inf;39,12;16,721301794052124;LSTM (100,60,20) n_time_steps=0 epochs=200
LSTM;Sunspot Numbers;0;4745,533;68,88783;55,28473;inf;39,12;22,081767797470093;LSTM (100,20,100) n_time_steps=0 epochs=200
LSTM;Sunspot Numbers;0;4745,4097;68,88693;55,270805;inf;39,12;21,74107551574707;LSTM (100,20,60) n_time_steps=0 epochs=200
LSTM;Sunspot Numbers;0;4745,379;68,88671;55,26734;inf;39,12;21,287257432937626;LSTM (100,20,20) n_time_steps=0 epochs=200
LSTM;Sunspot Numbers;0;4745,358;68,88656;55,26497;inf;39,12;16,060245752334595;LSTM (20,60,100) n_time_steps=0 epochs=200
LSTM;Sunspot Numbers;0;4745,4224;68,887024;55,272224;inf;39,12;19,04816484451294;LSTM (20,100,60) n_time_steps=0 epochs=200
LSTM;Sunspot Numbers;0;4745,3945;68,886826;55,269096;inf;39,12;17,88229513168335;LSTM (20,100,20) n_time_steps=0 epochs=200
LSTM;Sunspot Numbers;0;4745,5957;68,88828;55,291786;inf;39,12;18,30789828300476;LSTM (20,100,100) n_time_steps=0 epochs=200
LSTM;Sunspot Numbers;0;4745,209;68,885475;55,249996;inf;39,12;23,37042880058289;LSTM (60,20,60) n_time_steps=0 epochs=200
LSTM;Sunspot Numbers;0;4745,9805;68,891075;55,334747;inf;39,12;17,13755512237549;LSTM (60,60,60) n_time_steps=0 epochs=200
LSTM;Sunspot Numbers;0;4745,4688;68,88736;55,277473;inf;39,12;16,727480173110962;LSTM (60,60,100) n_time_steps=0 epochs=200
LSTM;Sunspot Numbers;0;4745,912;68,89058;55,327164;inf;39,12;12,849031448364258;LSTM (20,20,20) n_time_steps=0 epochs=200
LSTM;Sunspot Numbers;0;4745,5405;68,887886;55,28556;inf;39,12;17,21433687210083;LSTM (20,60,60) n_time_steps=0 epochs=200
LSTM;Sunspot Numbers;0;4745,1997;68,88541;55,249996;inf;39,12;16,535078048706055;LSTM (60,100,60) n_time_steps=0 epochs=200
LSTM;Sunspot Numbers;0;4745,309;68,88621;55,259415;inf;39,12;16,05370545387268;LSTM (60,100,20) n_time_steps=0 epochs=200
LSTM;Sunspot Numbers;0;4745,3496;68,8865;55,264008;inf;39,12;18,855661630630493;LSTM (60,100,100) n_time_steps=0 epochs=200
LSTM;Sunspot Numbers;0;4745,0747;68,88451;55,249996;inf;39,12;23,39179754257202;LSTM (60,20,20) n_time_steps=0 epochs=200
LSTM;Sunspot Numbers;0;4745,5063;68,887634;55,281708;inf;39,12;21,436660289764404;LSTM (60,20,100) n_time_steps=0 epochs=200
LSTM;Sunspot Numbers;0;4746,004;68,89125;55,33735;inf;39,12;15,946961164474487;LSTM (60,60,20) n_time_steps=0 epochs=200
LSTM;Sunspot Numbers;0;4745,937;68,89076;55,329903;inf;39,12;12,600468397140505;LSTM (20,20,60) n_time_steps=0 epochs=200
LSTM;Canadian Lynx;12;1061946,8;1030,508;536,7363;56,82050585746765;39,24;16,477011919021606;LSTM (20,20,100) n_time_steps=12 epochs=200
LSTM;Canadian Lynx;12;1549428,6;1244,7605;572,7565;53,92413139343262;39,7;15,797456502914429;LSTM (20,100,60) n_time_steps=12 epochs=200
LSTM;TSLA Stock prices;0;39539,52;198,84546;145,22308;55,64995408058167;39,83;9,654900550842283;LSTM (100,20,60) n_time_steps=0 epochs=200
LSTM;Canadian Lynx;0;1790881,6;1338,2383;1268,0;330,67848682403564;42,0;5,234041690826416;LSTM (100,20,20) n_time_steps=0 epochs=200
LSTM;Canadian Lynx;0;1791822,9;1338,5898;1268,0;329,65478897094727;42,0;5,657461404800415;LSTM (100,100,20) n_time_steps=0 epochs=200
LSTM;Canadian Lynx;0;1793166,8;1339,0918;1267,1935;328,2890319824219;42,01;4,933486700057983;LSTM (60,100,100) n_time_steps=0 epochs=200
LSTM;Canadian Lynx;0;1789038,1;1337,5493;1268,0;332,8728437423706;42,01;5,83936619758606;LSTM (100,60,20) n_time_steps=0 epochs=200
LSTM;Canadian Lynx;0;1788285,9;1337,2681;1268,0;333,8447570800781;42,01;5,111979007720947;LSTM (60,60,100) n_time_steps=0 epochs=200
LSTM;Canadian Lynx;0;1787655,9;1337,0325;1268,0;334,700870513916;42,01;5,73293399810791;LSTM (100,60,60) n_time_steps=0 epochs=200
LSTM;Canadian Lynx;0;1795295,5;1339,8864;1257,7649;326,2772560119629;42,03;5,7177793979644775;LSTM (100,20,60) n_time_steps=0 epochs=200
LSTM;Canadian Lynx;0;1797847,2;1340,8383;1247,3751;324,06044006347656;42,04;5,398303031921387;LSTM (20,100,20) n_time_steps=0 epochs=200
LSTM;Canadian Lynx;0;1784077,1;1335,6935;1268,0;340,7424211502075;42,04;5,674922466278076;LSTM (100,60,100) n_time_steps=0 epochs=200
LSTM;Canadian Lynx;0;1784375,5;1335,8052;1268,0;340,12017250061035;42,04;5,572923421859741;LSTM (100,100,60) n_time_steps=0 epochs=200
LSTM;Canadian Lynx;0;1782662,9;1335,164;1268,0;344,3572759628296;42,05;6,101345539093018;LSTM (100,100,100) n_time_steps=0 epochs=200
LSTM;Canadian Lynx;0;1800638,5;1341,8787;1236,8982;321,8249320983887;42,06;5,2671074867248535;LSTM (20,100,60) n_time_steps=0 epochs=200
LSTM;Canadian Lynx;0;1800956,8;1341,9973;1235,7549;321,58098220825195;42,06;5,54846978187561;LSTM (20,60,20) n_time_steps=0 epochs=200
LSTM;Canadian Lynx;0;1800394,9;1341,788;1237,7805;322,01316356658936;42,06;19,99370527267456;LSTM (60,20,20) n_time_steps=0 epochs=200
LSTM;Canadian Lynx;0;1802863,5;1342,7075;1229,084;320,1575994491577;42,07;5,039422750473023;LSTM (60,100,60) n_time_steps=0 epochs=200
LSTM;Canadian Lynx;0;1803814,5;1343,0616;1225,8699;319,47176456451416;42,08;5,249890565872192;LSTM (20,100,100) n_time_steps=0 epochs=200
LSTM;Canadian Lynx;0;1805150,1;1343,5587;1221,4664;318,5413122177124;42,09;5,299750804901123;LSTM (20,60,100) n_time_steps=0 epochs=200
LSTM;Canadian Lynx;0;1805525,5;1343,6985;1220,2526;318,28954219818115;42,1;4,985749959945679;LSTM (60,100,20) n_time_steps=0 epochs=200
LSTM;Canadian Lynx;0;1805494,4;1343,6869;1220,3525;318,3102369308472;42,1;5,18798565864563;LSTM (60,60,60) n_time_steps=0 epochs=200
LSTM;Canadian Lynx;0;1806512,5;1344,0657;1217,1031;317,6361322402954;42,11;4,983119010925293;LSTM (60,20,60) n_time_steps=0 epochs=200
LSTM;Canadian Lynx;0;1808242,1;1344,709;1214,0;316,5213108062744;42,13;5,09657621383667;LSTM (60,20,100) n_time_steps=0 epochs=200
LSTM;Canadian Lynx;0;1807624,4;1344,4792;1214,0;316,91529750823975;42,13;4,932588338851929;LSTM (60,60,20) n_time_steps=0 epochs=200
LSTM;Canadian Lynx;0;1810464,9;1345,5352;1214,0;315,1405096054077;42,16;5,253089904785156;LSTM (20,60,60) n_time_steps=0 epochs=200
LSTM;TSLA Stock prices;0;41912,89;204,72638;151,84627;58,146095275878906;42,19;9,247474193572998;LSTM (20,60,60) n_time_steps=0 epochs=200
LSTM;Canadian Lynx;0;1814891,9;1347,1792;1214,0;312,5396966934204;42,22;5,828830718994141;LSTM (100,20,100) n_time_steps=0 epochs=200
LSTM;Canadian Lynx;0;1822595,1;1350,0353;1214,0;308,39548110961914;42,31;5,962535381317139;LSTM (20,20,100) n_time_steps=0 epochs=200
LSTM;Canadian Lynx;0;1828038,9;1352,0499;1214,0;305,69777488708496;42,37;5,674156904220581;LSTM (20,20,60) n_time_steps=0 epochs=200
LSTM;Canadian Lynx;0;1832963,5;1353,8699;1214,0;303,39014530181885;42,41;5,844504594802856;LSTM (20,20,20) n_time_steps=0 epochs=200
LSTM;TSLA Stock prices;0;42554,805;206,28816;153,59671;58,80579948425293;42,83;9,22207522392273;LSTM (20,60,20) n_time_steps=0 epochs=200
LSTM;TSLA Stock prices;0;43834,992;209,36807;157,03893;60,10310649871826;44,1;9,69961714744568;LSTM (60,20,60) n_time_steps=0 epochs=200
LSTM;TSLA Stock prices;0;43977,95;209,7092;157,4194;60,24649739265442;44,24;8,953052997589111;LSTM (60,20,100) n_time_steps=0 epochs=200
LSTM;Canadian Lynx;12;2362724,8;1537,1157;500,3527;56,122082471847534;44,67;16,316658973693848;LSTM (60,20,100) n_time_steps=12 epochs=200
LSTM;TSLA Stock prices;0;45380,195;213,02628;161,11142;61,637943983078;45,64;8,982497215270996;LSTM (20,60,100) n_time_steps=0 epochs=200
LSTM;TSLA Stock prices;0;46814,223;216,36595;164,815;63,03374767303467;47,06;9,162772178649902;LSTM (60,20,20) n_time_steps=0 epochs=200
LSTM;TSLA Stock prices;0;50162,152;223,96909;173,19975;66,1937952041626;50,41;9,610608100891112;LSTM (20,20,60) n_time_steps=0 epochs=200
LSTM;TSLA Stock prices;0;50652,766;225,06169;174,39969;66,64602160453796;50,9;9,058363199234009;LSTM (20,20,100) n_time_steps=0 epochs=200
LSTM;TSLA Stock prices;0;51011,656;225,8576;175,27301;66,97515845298767;51,26;9,9482102394104;LSTM (20,20,20) n_time_steps=0 epochs=200
LSTM;Canadian Lynx;12;1991767,4;1411,2999;608,84485;67,16328859329224;53,9;15,133177280426024;LSTM (60,20,60) n_time_steps=12 epochs=200
LSTM;Canadian Lynx;12;2064584,2;1436,8661;755,3184;71,11649513244629;56,51;13,238877773284912;LSTM (20,20,20) n_time_steps=12 epochs=200
LSTM;Canadian Lynx;12;1990771,6;1410,947;827,8859;70,99946141242981;58,45;15,786866664886476;LSTM (20,60,60) n_time_steps=12 epochs=200
LSTM;Canadian Lynx;12;2291279,5;1513,6973;746,5621;71,78300619125366;59,4;13,985379695892334;LSTM (20,60,20) n_time_steps=12 epochs=200
LSTM;Canadian Lynx;12;1913754,0;1383,385;760,0227;73,89730215072632;63,17;15,314687728881836;LSTM (20,100,20) n_time_steps=12 epochs=200
LSTM;Canadian Lynx;12;2401809,0;1549,7771;786,9566;76,09463930130005;65,43;14,712750673294067;LSTM (60,20,20) n_time_steps=12 epochs=200
