Date,Open,High,Low,Close,Volume
1/2/1980 16:00:00,14.92,15.4,14.92,14.92,412000
1/3/1980 16:00:00,15.16,15.16,14.63,15.16,610300
1/4/1980 16:00:00,15.13,15.22,15.04,15.13,472800
1/7/1980 16:00:00,15.07,15.13,14.95,15.07,353900
1/8/1980 16:00:00,16.09,16.12,14.95,16.09,709400
1/9/1980 16:00:00,15.61,16.24,15.61,15.61,808000
1/10/1980 16:00:00,16.12,16.18,15.76,16.12,530400
1/11/1980 16:00:00,16,16.3,15.67,16,545000
1/14/1980 16:00:00,15.97,16.06,15.82,15.97,397700
1/15/1980 16:00:00,16.75,16.78,15.88,16.75,937500
1/16/1980 16:00:00,16.72,16.92,16.66,16.72,1502000
1/17/1980 16:00:00,16.54,16.8,16.54,16.54,613000
1/18/1980 16:00:00,16.63,16.66,16.39,16.63,653100
1/21/1980 16:00:00,16.48,16.69,16.48,16.48,372200
1/22/1980 16:00:00,16.48,16.69,16.48,16.48,422100
1/23/1980 16:00:00,17.01,17.01,16.48,17.01,530200
1/24/1980 16:00:00,16.86,17.07,16.75,16.86,547600
1/25/1980 16:00:00,16.75,16.89,16.69,16.75,335900
1/28/1980 16:00:00,16.95,17.19,16.75,16.95,364000
1/29/1980 16:00:00,16.8,17.04,16.57,16.8,357700
1/30/1980 16:00:00,16.8,16.86,16.63,16.8,347100
1/31/1980 16:00:00,16.39,16.98,16.3,16.39,586000
2/1/1980 16:00:00,16.57,16.6,16.33,16.57,361700
2/4/1980 16:00:00,16.51,16.63,16.39,16.51,288200
2/5/1980 16:00:00,16.63,16.63,16.42,16.63,381400
2/6/1980 16:00:00,16.33,16.48,16.18,16.33,509800
2/7/1980 16:00:00,16.03,16.3,16.03,16.03,512800
2/8/1980 16:00:00,16.06,16.15,15.82,16.06,628900
2/11/1980 16:00:00,15.94,16.12,15.88,15.94,397500
2/12/1980 16:00:00,16.45,16.45,15.85,16.45,387100
2/13/1980 16:00:00,16.57,16.83,16.54,16.57,807000
2/14/1980 16:00:00,16.27,16.78,16.27,16.27,480000
2/15/1980 16:00:00,16.15,16.24,16.03,16.15,582800
2/19/1980 16:00:00,16,16.18,15.85,16,449000
2/20/1980 16:00:00,16.06,16.18,16.03,16.06,266000
2/21/1980 16:00:00,15.82,16.03,15.73,15.82,359000
2/22/1980 16:00:00,15.76,15.82,15.64,15.76,456700
2/25/1980 16:00:00,15.55,15.73,15.49,15.55,543300
2/26/1980 16:00:00,15.52,15.61,15.43,15.52,528000
2/27/1980 16:00:00,14.81,15.55,14.81,14.81,688700
2/28/1980 16:00:00,15.13,15.28,14.83,15.13,689700
2/29/1980 16:00:00,15.16,15.22,15.04,15.16,652300
3/3/1980 16:00:00,14.98,15.16,14.95,14.98,340500
3/4/1980 16:00:00,15.1,15.13,14.86,15.1,447700
3/5/1980 16:00:00,14.81,15.07,14.75,14.81,458400
3/6/1980 16:00:00,14.6,14.86,14.48,14.6,687400
3/7/1980 16:00:00,14.57,14.78,14.54,14.57,625300
3/10/1980 16:00:00,14.72,14.86,14.6,14.72,491300
3/11/1980 16:00:00,14.86,14.86,14.69,14.86,502300
3/12/1980 16:00:00,14.66,14.83,14.54,14.66,495600
3/13/1980 16:00:00,14.36,14.63,14.3,14.36,561000
3/14/1980 16:00:00,14.3,14.51,14.24,14.3,485900
3/17/1980 16:00:00,14.12,14.42,14.12,14.12,414700
3/18/1980 16:00:00,14.24,14.39,14,14.24,493600
3/19/1980 16:00:00,14.06,14.27,14.03,14.06,368500
3/20/1980 16:00:00,13.91,14.15,13.85,13.91,479300
3/21/1980 16:00:00,13.55,13.88,13.43,13.55,1480000
3/24/1980 16:00:00,12.92,13.46,12.89,12.92,719800
3/25/1980 16:00:00,13.07,13.16,12.89,13.07,750200
3/26/1980 16:00:00,12.66,13.34,12.54,12.66,780600
3/27/1980 16:00:00,13.73,13.73,12.27,13.73,855300
3/28/1980 16:00:00,13.34,13.46,12.92,13.34,678400
3/31/1980 16:00:00,13.31,13.34,13.04,13.31,389000
4/1/1980 16:00:00,13.1,13.31,13.01,13.1,539500
4/2/1980 16:00:00,13.25,13.37,13.04,13.25,373500
4/3/1980 16:00:00,13.1,13.34,13.04,13.1,338800
4/7/1980 16:00:00,12.75,13.1,12.75,12.75,548300
4/8/1980 16:00:00,12.78,13.31,12.66,12.78,522000
4/9/1980 16:00:00,13.04,13.07,12.75,13.04,512900
4/10/1980 16:00:00,12.95,13.19,12.89,12.95,504900
4/11/1980 16:00:00,12.78,13.13,12.78,12.78,651700
4/14/1980 16:00:00,12.66,12.84,12.6,12.66,334100
4/15/1980 16:00:00,12.42,12.78,12.39,12.42,579900
4/16/1980 16:00:00,12.21,12.63,12.18,12.21,672300
4/17/1980 16:00:00,12.24,12.33,12.03,12.24,451000
4/18/1980 16:00:00,12.24,12.36,12.15,12.24,411900
4/21/1980 16:00:00,12.24,12.33,12.06,12.24,663800
4/22/1980 16:00:00,12.86,13.01,12.42,12.86,821800
4/23/1980 16:00:00,12.78,12.98,12.72,12.78,761400
4/24/1980 16:00:00,12.84,12.95,12.72,12.84,372000
4/25/1980 16:00:00,13.22,13.22,12.63,13.22,407800
4/28/1980 16:00:00,13.01,13.22,12.98,13.01,464000
4/29/1980 16:00:00,13.1,13.16,12.92,13.1,298900
4/30/1980 16:00:00,13.1,13.16,12.81,13.1,350800
5/1/1980 16:00:00,12.98,13.1,12.84,12.98,291900
5/2/1980 16:00:00,12.89,12.98,12.86,12.89,243800
5/5/1980 16:00:00,13.22,13.31,12.84,13.22,344800
5/6/1980 16:00:00,13.1,13.31,13.07,13.1,354600
5/7/1980 16:00:00,13.16,13.31,13.07,13.16,414800
5/8/1980 16:00:00,12.86,12.98,12.78,12.86,388300
5/9/1980 16:00:00,12.45,12.84,12.42,12.45,1044700
5/12/1980 16:00:00,12.48,12.66,12.45,12.48,310400
5/13/1980 16:00:00,12.72,12.72,12.51,12.72,439700
5/14/1980 16:00:00,12.66,12.78,12.66,12.66,429300
5/15/1980 16:00:00,12.54,12.72,12.54,12.54,425500
5/16/1980 16:00:00,12.66,12.66,12.54,12.66,305000
5/19/1980 16:00:00,12.75,12.84,12.63,12.75,499700
5/20/1980 16:00:00,12.6,12.78,12.57,12.6,617700
5/21/1980 16:00:00,12.63,12.63,12.45,12.63,325100
5/22/1980 16:00:00,12.84,12.92,12.6,12.84,570800
5/23/1980 16:00:00,13.07,13.13,12.86,13.07,801500
5/27/1980 16:00:00,13.19,13.28,13.1,13.19,655800
5/28/1980 16:00:00,13.46,13.52,13.16,13.46,631800
5/29/1980 16:00:00,12.98,13.4,12.98,12.98,462300
5/30/1980 16:00:00,13.22,13.25,12.92,13.22,440800
6/2/1980 16:00:00,13.37,13.7,13.19,13.37,681900
6/3/1980 16:00:00,13.46,13.64,13.37,13.46,654600
6/4/1980 16:00:00,13.88,13.88,13.49,13.88,905900
6/5/1980 16:00:00,13.61,13.94,13.58,13.61,653700
6/6/1980 16:00:00,13.64,13.82,13.64,13.64,323400
6/9/1980 16:00:00,13.55,13.73,13.52,13.55,317900
6/10/1980 16:00:00,13.73,13.79,13.52,13.73,370000
6/11/1980 16:00:00,13.85,13.94,13.67,13.85,511200
6/12/1980 16:00:00,13.85,13.94,13.67,13.85,523600
6/13/1980 16:00:00,14.06,14.12,13.82,14.06,451300
6/16/1980 16:00:00,14.42,14.42,14.03,14.42,809900
6/17/1980 16:00:00,14.06,14.42,14.06,14.06,537100
6/18/1980 16:00:00,14.24,14.27,14.06,14.24,494500
6/19/1980 16:00:00,13.82,14.27,13.76,13.82,335200
6/20/1980 16:00:00,13.82,13.94,13.79,13.82,294300
6/23/1980 16:00:00,14.06,14.15,13.82,14.06,547500
6/24/1980 16:00:00,14.18,14.18,13.97,14.18,444700
6/25/1980 16:00:00,14.27,14.39,14.09,14.27,572100
6/26/1980 16:00:00,14.15,14.39,14.12,14.15,487200
6/27/1980 16:00:00,14.27,14.33,14.03,14.27,341100
6/30/1980 16:00:00,14.03,14.21,13.94,14.03,303100
7/1/1980 16:00:00,14.21,14.24,13.94,14.21,407000
7/2/1980 16:00:00,14.48,14.57,14.18,14.48,639100
7/3/1980 16:00:00,14.6,14.69,14.48,14.6,465800
7/7/1980 16:00:00,14.81,14.86,14.57,14.81,588500
7/8/1980 16:00:00,14.75,14.86,14.63,14.75,503000
7/9/1980 16:00:00,14.69,15.01,14.63,14.69,477800
7/10/1980 16:00:00,14.72,14.89,14.63,14.72,351900
7/11/1980 16:00:00,14.98,15.01,14.72,14.98,431300
7/14/1980 16:00:00,15.52,15.52,14.98,15.52,504800
7/15/1980 16:00:00,15.22,15.58,15.22,15.22,553300
7/16/1980 16:00:00,15.34,15.43,15.19,15.34,528300
7/17/1980 16:00:00,15.67,15.67,15.28,15.67,305000
7/18/1980 16:00:00,15.55,15.7,15.49,15.55,438100
7/21/1980 16:00:00,15.76,15.76,15.34,15.76,437200
7/22/1980 16:00:00,15.55,15.79,15.46,15.55,553000
7/23/1980 16:00:00,15.49,15.61,15.37,15.49,449000
7/24/1980 16:00:00,15.46,15.52,15.34,15.46,397400
7/25/1980 16:00:00,15.37,15.43,15.25,15.37,375800
7/28/1980 16:00:00,15.52,15.58,15.28,15.52,270800
7/29/1980 16:00:00,15.55,15.64,15.37,15.55,410600
7/30/1980 16:00:00,15.64,15.76,15.55,15.64,555700
7/31/1980 16:00:00,15.58,15.61,15.37,15.58,644100
8/1/1980 16:00:00,15.55,15.61,15.37,15.55,450700
8/4/1980 16:00:00,15.46,15.52,15.4,15.46,373600
8/5/1980 16:00:00,15.34,15.61,15.31,15.34,315800
8/6/1980 16:00:00,15.67,15.67,15.28,15.67,400800
8/7/1980 16:00:00,15.7,15.7,15.46,15.7,511400
8/8/1980 16:00:00,15.58,15.82,15.58,15.58,745300
8/11/1980 16:00:00,15.94,15.94,15.55,15.94,424400
8/12/1980 16:00:00,15.94,16.24,15.85,15.94,702900
8/13/1980 16:00:00,15.94,16.12,15.88,15.94,452200
8/14/1980 16:00:00,16.45,16.51,15.94,16.45,472700
8/15/1980 16:00:00,16.42,16.51,16.3,16.42,517000
8/18/1980 16:00:00,15.85,16.24,15.85,15.85,550900
8/19/1980 16:00:00,15.76,16,15.73,15.76,452000
8/20/1980 16:00:00,15.97,16.21,15.73,15.97,339800
8/21/1980 16:00:00,16.12,16.18,15.91,16.12,273600
8/22/1980 16:00:00,16.09,16.45,16.09,16.09,409600
8/25/1980 16:00:00,16.03,16.12,15.91,16.03,245900
8/26/1980 16:00:00,15.94,16.18,15.91,15.94,473200
8/27/1980 16:00:00,15.73,16,15.73,15.73,591900
8/28/1980 16:00:00,15.52,15.76,15.49,15.52,421900
8/29/1980 16:00:00,15.64,15.67,15.46,15.64,378200
9/2/1980 16:00:00,15.79,15.88,15.61,15.79,292200
9/3/1980 16:00:00,16.12,16.12,15.79,16.12,356800
9/4/1980 16:00:00,15.91,16.27,15.82,15.91,548700
9/5/1980 16:00:00,15.88,16.06,15.79,15.88,239700
9/8/1980 16:00:00,15.34,15.91,15.34,15.34,252700
9/9/1980 16:00:00,15.79,15.82,15.31,15.79,412600
9/10/1980 16:00:00,15.7,15.82,15.58,15.7,376500
9/11/1980 16:00:00,15.85,15.85,15.7,15.85,426000
9/12/1980 16:00:00,15.73,15.88,15.7,15.73,432400
9/15/1980 16:00:00,15.79,15.82,15.52,15.79,325900
9/16/1980 16:00:00,15.67,15.85,15.58,15.67,428200
9/17/1980 16:00:00,16.06,16.15,15.67,16.06,829500
9/18/1980 16:00:00,15.88,16.09,15.82,15.88,1026000
9/19/1980 16:00:00,16,16.12,15.82,16,548800
9/22/1980 16:00:00,16.27,16.33,15.88,16.27,568900
9/23/1980 16:00:00,15.97,16.48,15.67,15.97,918900
9/24/1980 16:00:00,16.12,16.24,15.94,16.12,547700
9/25/1980 16:00:00,15.79,16.21,15.79,15.79,640200
9/26/1980 16:00:00,15.43,15.73,15.34,15.43,692300
9/29/1980 16:00:00,15.22,15.34,15.13,15.22,666400
9/30/1980 16:00:00,15.31,15.4,15.25,15.31,518000
10/1/1980 16:00:00,15.67,15.67,15.19,15.67,605100
10/2/1980 16:00:00,15.61,15.61,15.31,15.61,478100
10/3/1980 16:00:00,15.82,16,15.64,15.82,497200
10/6/1980 16:00:00,16.24,16.3,15.88,16.24,738600
10/7/1980 16:00:00,16.18,16.3,16.03,16.18,698000
10/8/1980 16:00:00,16.72,16.8,16.24,16.72,1169500
10/9/1980 16:00:00,16.75,16.92,16.66,16.75,1184900
10/10/1980 16:00:00,16.54,17.07,16.51,16.54,1104200
10/13/1980 16:00:00,16.83,16.89,16.54,16.83,369600
10/14/1980 16:00:00,16.66,16.92,16.6,16.66,718300
10/15/1980 16:00:00,16.8,16.8,16.63,16.8,348700
10/16/1980 16:00:00,16.39,16.98,16.36,16.39,929300
10/17/1980 16:00:00,16.24,16.57,16.18,16.24,557800
10/20/1980 16:00:00,16.36,16.36,15.88,16.36,472300
10/21/1980 16:00:00,16.24,16.45,16.12,16.24,629200
10/22/1980 16:00:00,16.18,16.27,16.12,16.18,439200
10/23/1980 16:00:00,15.73,16.18,15.67,15.73,451800
10/24/1980 16:00:00,15.91,15.91,15.64,15.91,464100
10/27/1980 16:00:00,15.79,15.88,15.7,15.79,243800
10/28/1980 16:00:00,15.91,15.94,15.73,15.91,486900
10/29/1980 16:00:00,15.64,16.03,15.64,15.64,384100
10/30/1980 16:00:00,15.55,15.82,15.55,15.55,394100
10/31/1980 16:00:00,15.91,16.06,15.58,15.91,539800
11/3/1980 16:00:00,16.12,16.15,15.94,16.12,379600
11/5/1980 16:00:00,16.36,16.78,16.24,16.36,1107100
11/6/1980 16:00:00,15.88,16.27,15.82,15.88,598900
11/7/1980 16:00:00,16.03,16.03,15.88,16.03,437300
11/10/1980 16:00:00,16.06,16.06,15.88,16.06,352400
11/11/1980 16:00:00,16.03,16.18,15.97,16.03,311100
11/12/1980 16:00:00,16.92,16.98,16.06,16.92,1074100
11/13/1980 16:00:00,17.01,17.1,16.78,17.01,1319100
11/14/1980 16:00:00,17.1,17.25,16.8,17.1,903100
11/17/1980 16:00:00,17.1,17.13,16.86,17.1,761000
11/18/1980 16:00:00,17.19,17.34,17.1,17.19,854600
11/19/1980 16:00:00,17.04,17.37,17.01,17.04,644300
11/20/1980 16:00:00,17.19,17.25,16.86,17.19,482800
11/21/1980 16:00:00,16.8,17.1,16.75,16.8,377800
11/24/1980 16:00:00,16.8,16.8,16.6,16.8,514800
11/25/1980 16:00:00,16.6,16.86,16.6,16.6,470500
11/26/1980 16:00:00,16.42,16.66,16.39,16.42,527700
11/28/1980 16:00:00,16.27,16.45,16.15,16.27,403300
12/1/1980 16:00:00,15.88,16.24,15.88,15.88,501000
12/2/1980 16:00:00,16.21,16.24,15.82,16.21,617100
12/3/1980 16:00:00,16.24,16.48,16.12,16.24,560000
12/4/1980 16:00:00,16.33,16.6,16.12,16.33,558700
12/5/1980 16:00:00,16.12,16.45,16.12,16.12,480000
12/8/1980 16:00:00,15.85,16.06,15.76,15.85,706700
12/9/1980 16:00:00,15.79,15.94,15.7,15.79,875500
12/10/1980 16:00:00,15.22,15.88,15.22,15.22,487600
12/11/1980 16:00:00,15.4,15.4,15.1,15.4,724300
12/12/1980 16:00:00,15.7,15.76,15.37,15.7,608700
12/15/1980 16:00:00,15.4,15.85,15.4,15.4,336600
12/16/1980 16:00:00,15.82,15.82,15.37,15.82,457600
12/17/1980 16:00:00,15.58,15.76,15.46,15.58,510400
12/18/1980 16:00:00,15.19,15.67,15.19,15.19,654800
12/19/1980 16:00:00,15.43,15.49,15.22,15.43,1011200
12/22/1980 16:00:00,16.03,16.06,15.4,16.03,545300
12/23/1980 16:00:00,16.06,16.27,15.97,16.06,586100
12/24/1980 16:00:00,16.36,16.42,16,16.36,290300
12/26/1980 16:00:00,16.48,16.48,16.33,16.48,171300
12/29/1980 16:00:00,16.24,16.6,16.18,16.24,346100
12/30/1980 16:00:00,16.39,16.54,16.21,16.39,372800
12/31/1980 16:00:00,16.21,16.51,16.12,16.21,375200
1/2/1981 16:00:00,16.51,16.54,16.15,16.51,292600
1/5/1981 16:00:00,16.78,16.89,16.6,16.78,778500
1/6/1981 16:00:00,17.07,17.07,16.63,17.07,974000
1/7/1981 16:00:00,16.6,16.75,16.51,16.6,1191700
1/8/1981 16:00:00,16.15,16.66,16.09,16.15,634800
1/9/1981 16:00:00,16.09,16.24,15.94,16.09,383500
1/12/1981 16:00:00,15.94,16.24,15.82,15.94,587700
1/13/1981 16:00:00,15.88,15.94,15.58,15.88,691600
1/14/1981 16:00:00,15.94,16.12,15.85,15.94,449200
1/15/1981 16:00:00,15.7,15.94,15.67,15.7,455700
1/16/1981 16:00:00,15.97,16,15.7,15.97,842700
1/19/1981 16:00:00,15.91,16.06,15.85,15.91,555900
1/20/1981 16:00:00,15.52,16.03,15.46,15.52,596400
1/21/1981 16:00:00,15.55,15.67,15.43,15.55,426900
1/22/1981 16:00:00,15.58,15.61,15.4,15.58,349700
1/23/1981 16:00:00,15.52,15.67,15.49,15.52,273700
1/26/1981 16:00:00,15.52,15.64,15.43,15.52,306100
1/27/1981 16:00:00,15.64,15.73,15.52,15.64,320200
1/28/1981 16:00:00,15.43,15.67,15.4,15.43,275600
1/29/1981 16:00:00,15.49,15.64,15.4,15.49,367300
1/30/1981 16:00:00,15.37,15.64,15.28,15.37,358100
2/2/1981 16:00:00,15.13,15.37,15.04,15.13,381600
2/3/1981 16:00:00,15.34,15.34,15.13,15.34,349900
2/4/1981 16:00:00,15.4,15.46,15.19,15.4,427000
2/5/1981 16:00:00,15.28,15.4,15.25,15.28,290600
2/6/1981 16:00:00,15.34,15.46,15.28,15.34,456400
2/9/1981 16:00:00,15.16,15.37,15.1,15.16,285400
2/10/1981 16:00:00,15.04,15.19,14.98,15.04,392600
2/11/1981 16:00:00,14.95,15.1,14.89,14.95,358700
2/12/1981 16:00:00,14.75,14.98,14.75,14.75,319100
2/13/1981 16:00:00,14.75,14.83,14.63,14.75,374500
2/17/1981 16:00:00,14.81,14.92,14.72,14.81,390900
2/18/1981 16:00:00,14.81,14.89,14.72,14.81,399300
2/19/1981 16:00:00,14.63,14.86,14.6,14.63,438300
2/20/1981 16:00:00,14.45,14.72,14.39,14.45,341700
2/23/1981 16:00:00,14.81,14.89,14.45,14.81,586400
2/24/1981 16:00:00,14.83,14.95,14.78,14.83,523000
2/25/1981 16:00:00,15.34,15.34,14.78,15.34,501500
2/26/1981 16:00:00,15.46,15.49,15.13,15.46,640300
2/27/1981 16:00:00,15.34,15.4,15.22,15.34,467500
3/2/1981 16:00:00,15.19,15.34,15.16,15.19,289200
3/3/1981 16:00:00,14.92,15.22,14.92,14.92,345100
3/4/1981 16:00:00,14.78,15.01,14.72,14.78,314300
3/5/1981 16:00:00,14.81,14.89,14.78,14.81,306900
3/6/1981 16:00:00,14.78,14.89,14.69,14.78,319100
3/9/1981 16:00:00,15.04,15.1,14.75,15.04,415500
3/10/1981 16:00:00,14.92,15.13,14.86,14.92,484700
3/11/1981 16:00:00,14.86,14.98,14.75,14.86,398000
3/12/1981 16:00:00,15.28,15.31,14.89,15.28,398800
3/13/1981 16:00:00,15.1,15.43,15.1,15.1,402100
3/16/1981 16:00:00,15.43,15.46,15.01,15.43,519400
3/17/1981 16:00:00,15.34,15.58,15.31,15.34,708900
3/18/1981 16:00:00,15.46,15.58,15.34,15.46,438900
3/19/1981 16:00:00,15.22,15.46,15.1,15.22,512000
3/20/1981 16:00:00,15.07,15.31,14.98,15.07,649900
3/23/1981 16:00:00,15.01,15.13,14.95,15.01,615800
3/24/1981 16:00:00,14.86,15.1,14.83,14.86,651800
3/25/1981 16:00:00,15.25,15.31,14.83,15.25,425800
3/26/1981 16:00:00,15.07,15.34,14.95,15.07,1157000
3/27/1981 16:00:00,14.75,15.13,14.72,14.75,574500
3/30/1981 16:00:00,14.69,14.83,14.66,14.69,362500
3/31/1981 16:00:00,14.89,14.95,14.78,14.89,473200
4/1/1981 16:00:00,15.04,15.13,14.81,15.04,892100
4/2/1981 16:00:00,14.83,14.98,14.78,14.83,483100
4/3/1981 16:00:00,14.6,14.89,14.51,14.6,620900
4/6/1981 16:00:00,14.42,14.57,14.3,14.42,576500
4/7/1981 16:00:00,14.33,14.48,14.33,14.33,603800
4/8/1981 16:00:00,14.33,14.45,14.3,14.33,667300
4/9/1981 16:00:00,14.75,14.75,14.27,14.75,857900
4/10/1981 16:00:00,14.51,15.1,14.45,14.51,1267600
4/13/1981 16:00:00,14.36,14.51,14.36,14.36,954200
4/14/1981 16:00:00,14.12,14.33,14.12,14.12,1033900
4/15/1981 16:00:00,14.24,14.3,14.09,14.24,999900
4/16/1981 16:00:00,14.33,14.39,14.27,14.33,748500
4/20/1981 16:00:00,14.72,14.75,14.27,14.72,843400
4/21/1981 16:00:00,14.45,14.66,14.42,14.45,734900
4/22/1981 16:00:00,14.42,14.57,14.36,14.42,717200
4/23/1981 16:00:00,14.42,14.66,14.39,14.42,694600
4/24/1981 16:00:00,14.48,14.6,14.27,14.48,644400
4/27/1981 16:00:00,14.6,14.66,14.48,14.6,858700
4/28/1981 16:00:00,14.42,14.63,14.3,14.42,667100
4/29/1981 16:00:00,14.24,14.39,14.21,14.24,700700
4/30/1981 16:00:00,14,14.27,14,14,553200
5/1/1981 16:00:00,14.12,14.18,13.97,14.12,568600
5/4/1981 16:00:00,13.94,13.94,13.88,13.94,489000
5/5/1981 16:00:00,13.79,13.91,13.7,13.79,1171200
5/6/1981 16:00:00,13.82,13.88,13.76,13.82,602200
5/7/1981 16:00:00,13.7,13.76,13.61,13.7,440000
5/8/1981 16:00:00,13.82,13.82,13.61,13.82,488800
5/11/1981 16:00:00,13.37,13.76,13.37,13.37,691900
5/12/1981 16:00:00,13.55,13.58,13.4,13.55,599800
5/13/1981 16:00:00,13.55,13.67,13.49,13.55,354900
5/14/1981 16:00:00,13.52,13.64,13.46,13.52,569800
5/15/1981 16:00:00,13.46,13.58,13.37,13.46,648900
5/18/1981 16:00:00,13.55,13.58,13.43,13.55,492500
5/19/1981 16:00:00,13.52,13.52,13.31,13.52,616200
5/20/1981 16:00:00,13.46,13.52,13.4,13.46,348000
5/21/1981 16:00:00,13.28,13.46,13.25,13.28,461800
5/22/1981 16:00:00,13.25,13.34,13.19,13.25,438400
5/26/1981 16:00:00,13.4,13.46,13.16,13.4,514900
5/27/1981 16:00:00,13.82,13.88,13.34,13.82,673900
5/28/1981 16:00:00,13.85,13.97,13.67,13.85,700200
5/29/1981 16:00:00,14.03,14.12,13.82,14.03,796900
6/1/1981 16:00:00,14.39,14.51,14.27,14.39,1089200
6/2/1981 16:00:00,14.3,14.45,14.3,14.3,747600
6/3/1981 16:00:00,14.12,14.27,13.97,14.12,608900
6/4/1981 16:00:00,13.85,14.12,13.76,13.85,470300
6/5/1981 16:00:00,13.94,13.97,13.85,13.94,489500
6/8/1981 16:00:00,13.91,14.06,13.91,13.91,354000
6/9/1981 16:00:00,13.7,13.88,13.64,13.7,324700
6/10/1981 16:00:00,13.79,13.91,13.7,13.79,550700
6/11/1981 16:00:00,14.09,14.21,13.82,14.09,531800
6/12/1981 16:00:00,14.18,14.24,14.03,14.18,826800
6/15/1981 16:00:00,14.3,14.42,14.24,14.3,518800
6/16/1981 16:00:00,14.06,14.27,14.03,14.06,743500
6/17/1981 16:00:00,13.97,14.06,13.85,13.97,544900
6/18/1981 16:00:00,13.76,13.97,13.67,13.76,321400
6/19/1981 16:00:00,13.73,13.85,13.7,13.73,328400
6/22/1981 16:00:00,13.88,13.91,13.76,13.88,358900
6/23/1981 16:00:00,14.18,14.24,13.88,14.18,583000
6/24/1981 16:00:00,14.21,14.21,14,14.21,418600
6/25/1981 16:00:00,14.09,14.36,14.03,14.09,430100
6/26/1981 16:00:00,14.03,14.24,14,14.03,404500
6/29/1981 16:00:00,13.82,14.12,13.76,13.82,298400
6/30/1981 16:00:00,13.82,13.85,13.67,13.82,277100
7/1/1981 16:00:00,13.58,13.82,13.55,13.58,395300
7/2/1981 16:00:00,13.58,13.67,13.46,13.58,434800
7/6/1981 16:00:00,13.61,13.64,13.46,13.61,336600
7/7/1981 16:00:00,13.61,13.7,13.46,13.61,609800
7/8/1981 16:00:00,13.52,13.64,13.46,13.52,340000
7/9/1981 16:00:00,13.52,13.58,13.46,13.52,322000
7/10/1981 16:00:00,13.46,13.49,13.43,13.46,375800
7/13/1981 16:00:00,13.34,13.43,13.31,13.34,465600
7/14/1981 16:00:00,13.58,13.58,13.28,13.58,534900
7/15/1981 16:00:00,13.52,13.58,13.46,13.52,507000
7/16/1981 16:00:00,13.52,13.58,13.4,13.52,335700
7/17/1981 16:00:00,13.4,13.52,13.4,13.4,269200
7/20/1981 16:00:00,13.22,13.34,13.19,13.22,447400
7/21/1981 16:00:00,13.25,13.28,13.16,13.25,385800
7/22/1981 16:00:00,13.16,13.34,13.16,13.16,347800
7/23/1981 16:00:00,13.1,13.19,13.07,13.1,435700
7/24/1981 16:00:00,13.13,13.16,13.04,13.13,309400
7/27/1981 16:00:00,13.28,13.28,13.1,13.28,331800
7/28/1981 16:00:00,13.22,13.25,13.13,13.22,249100
7/29/1981 16:00:00,13.22,13.31,13.19,13.22,234000
7/30/1981 16:00:00,13.46,13.52,13.19,13.46,380500
7/31/1981 16:00:00,13.4,13.52,13.37,13.4,269000
8/3/1981 16:00:00,13.49,13.55,13.4,13.49,290700
8/4/1981 16:00:00,13.91,13.91,13.43,13.91,495400
8/5/1981 16:00:00,13.94,14.03,13.85,13.94,558100
8/6/1981 16:00:00,13.58,13.73,13.58,13.58,304200
8/7/1981 16:00:00,13.61,13.67,13.55,13.61,338500
8/10/1981 16:00:00,13.82,13.88,13.55,13.82,421100
8/11/1981 16:00:00,14.03,14.06,13.82,14.03,546500
8/12/1981 16:00:00,13.82,14.03,13.82,13.82,392900
8/13/1981 16:00:00,13.91,14,13.88,13.91,336500
8/14/1981 16:00:00,13.85,14.03,13.85,13.85,352100
8/17/1981 16:00:00,13.55,13.91,13.55,13.55,227500
8/18/1981 16:00:00,13.52,13.64,13.43,13.52,482300
8/19/1981 16:00:00,13.61,13.67,13.52,13.61,351300
8/20/1981 16:00:00,13.67,13.73,13.61,13.67,428200
8/21/1981 16:00:00,13.58,13.7,13.55,13.58,203600
8/24/1981 16:00:00,13.34,13.52,13.28,13.34,414100
8/25/1981 16:00:00,13.34,13.52,13.16,13.34,545600
8/26/1981 16:00:00,13.25,13.4,13.22,13.25,324200
8/27/1981 16:00:00,13.19,13.46,13.13,13.19,456700
8/28/1981 16:00:00,13.34,13.4,13.22,13.34,479500
8/31/1981 16:00:00,13.16,13.46,13.13,13.16,377700
9/1/1981 16:00:00,13.37,13.4,13.13,13.37,556600
9/2/1981 16:00:00,13.31,13.43,13.28,13.31,387200
9/3/1981 16:00:00,13.04,13.4,13.01,13.04,437800
9/4/1981 16:00:00,12.89,13.1,12.89,12.89,478200
9/8/1981 16:00:00,12.89,12.92,12.75,12.89,556000
9/9/1981 16:00:00,12.92,13.01,12.81,12.92,389900
9/10/1981 16:00:00,13.07,13.13,12.92,13.07,439000
9/11/1981 16:00:00,13.31,13.4,13.07,13.31,548000
9/14/1981 16:00:00,13.34,13.55,13.13,13.34,387300
9/15/1981 16:00:00,13.25,13.49,13.25,13.25,396600
9/16/1981 16:00:00,13.1,13.22,13.01,13.1,372500
9/17/1981 16:00:00,12.92,13.16,12.78,12.92,551600
9/18/1981 16:00:00,12.89,13.01,12.86,12.89,346100
9/21/1981 16:00:00,13.1,13.16,12.84,13.1,462500
9/22/1981 16:00:00,12.98,13.13,12.92,12.98,427300
9/23/1981 16:00:00,13.01,13.04,12.75,13.01,389800
9/24/1981 16:00:00,13.04,13.19,12.95,13.04,497600
9/25/1981 16:00:00,12.81,12.95,12.72,12.81,524200
9/28/1981 16:00:00,13.1,13.13,12.48,13.1,820000
9/29/1981 16:00:00,12.69,13.1,12.69,12.69,533100
9/30/1981 16:00:00,12.92,13.01,12.69,12.92,529900
10/1/1981 16:00:00,12.89,12.98,12.84,12.89,461900
10/2/1981 16:00:00,13.13,13.16,12.95,13.13,630200
10/5/1981 16:00:00,13.16,13.25,13.07,13.16,584700
10/6/1981 16:00:00,12.95,13.16,12.95,12.95,402700
10/7/1981 16:00:00,13.13,13.13,12.92,13.13,395100
10/8/1981 16:00:00,13.25,13.25,13.01,13.25,518600
10/9/1981 16:00:00,13.34,13.43,13.16,13.34,979800
10/12/1981 16:00:00,13.25,13.37,13.16,13.25,536100
10/13/1981 16:00:00,12.84,13.16,12.78,12.84,814800
10/14/1981 16:00:00,12.54,12.75,12.48,12.54,916400
10/15/1981 16:00:00,12.48,12.63,12.45,12.48,503600
10/16/1981 16:00:00,12.24,12.51,12.18,12.24,584600
10/19/1981 16:00:00,12.24,12.33,12.09,12.24,730400
10/20/1981 16:00:00,12.33,12.39,12.3,12.33,443300
10/21/1981 16:00:00,12.27,12.48,12.21,12.27,478100
10/22/1981 16:00:00,12.21,12.33,12.15,12.21,259300
10/23/1981 16:00:00,12.18,12.21,12.12,12.18,424800
10/26/1981 16:00:00,12.09,12.15,12.03,12.09,360300
10/27/1981 16:00:00,12.12,12.24,12.12,12.12,446800
10/28/1981 16:00:00,11.82,12.15,11.82,11.82,801000
10/29/1981 16:00:00,11.7,11.88,11.55,11.7,948500
10/30/1981 16:00:00,12.3,12.36,11.73,12.3,876400
11/2/1981 16:00:00,12.66,12.69,12.42,12.66,912100
11/3/1981 16:00:00,12.66,12.66,12.48,12.66,707900
11/4/1981 16:00:00,12.51,12.51,12.36,12.51,403300
11/5/1981 16:00:00,12.3,12.6,12.3,12.3,466400
11/6/1981 16:00:00,12.15,12.36,12.12,12.15,633900
11/9/1981 16:00:00,12.33,12.36,12.15,12.33,520100
11/10/1981 16:00:00,12.48,12.66,12.42,12.48,785700
11/11/1981 16:00:00,12.54,12.57,12.24,12.54,371100
11/12/1981 16:00:00,12.6,12.69,12.48,12.6,516000
11/13/1981 16:00:00,12.33,12.57,12.3,12.33,418100
11/16/1981 16:00:00,12.18,12.24,12.06,12.18,377300
11/17/1981 16:00:00,12.18,12.27,12.09,12.18,472500
11/18/1981 16:00:00,12.03,12.21,12,12.03,542400
11/19/1981 16:00:00,12.03,12.03,11.91,12.03,494300
11/20/1981 16:00:00,12.09,12.15,12,12.09,362100
11/23/1981 16:00:00,12.06,12.15,12.06,12.06,442400
11/24/1981 16:00:00,12.48,12.51,12.06,12.48,667300
11/25/1981 16:00:00,12.57,12.69,12.54,12.57,871900
11/27/1981 16:00:00,13.01,13.01,12.63,13.01,593300
11/30/1981 16:00:00,13.01,13.01,12.84,13.01,633300
12/1/1981 16:00:00,12.92,13.04,12.86,12.92,526900
12/2/1981 16:00:00,12.66,12.84,12.66,12.66,373900
12/3/1981 16:00:00,12.89,12.89,12.66,12.89,497300
12/4/1981 16:00:00,13.04,13.16,12.89,13.04,962100
12/7/1981 16:00:00,12.78,13.22,12.75,12.78,411400
12/8/1981 16:00:00,12.72,12.84,12.66,12.72,501200
12/9/1981 16:00:00,12.86,12.89,12.75,12.86,426200
12/10/1981 16:00:00,13.04,13.07,12.84,13.04,752900
12/11/1981 16:00:00,12.98,13.07,12.75,12.98,580300
12/14/1981 16:00:00,12.75,12.86,12.72,12.75,568600
12/15/1981 16:00:00,12.81,12.86,12.66,12.81,610400
12/16/1981 16:00:00,12.92,13.01,12.69,12.92,654400
12/17/1981 16:00:00,13.31,13.31,12.92,13.31,931300
12/18/1981 16:00:00,13.55,13.61,13.25,13.55,1371000
12/21/1981 16:00:00,13.46,13.58,13.4,13.46,591000
12/22/1981 16:00:00,13.58,13.67,13.52,13.58,687000
12/23/1981 16:00:00,13.4,13.58,13.37,13.4,455900
12/24/1981 16:00:00,13.61,13.61,13.43,13.61,289300
12/28/1981 16:00:00,13.49,13.7,13.43,13.49,407800
12/29/1981 16:00:00,13.37,13.61,13.31,13.37,395700
12/30/1981 16:00:00,13.67,13.76,13.37,13.67,794000
12/31/1981 16:00:00,13.58,13.7,13.52,13.58,397600
1/4/1982 16:00:00,13.91,13.94,13.58,13.91,727800
1/5/1982 16:00:00,13.61,13.82,13.55,13.61,981200
1/6/1982 16:00:00,13.55,13.61,13.37,13.55,677500
1/7/1982 16:00:00,13.55,13.67,13.28,13.55,757600
1/11/1982 16:00:00,13.55,14.03,13.55,13.55,1820100
1/12/1982 16:00:00,13.73,13.94,13.55,13.73,1236900
1/13/1982 16:00:00,13.7,13.91,13.61,13.7,914400
1/14/1982 16:00:00,14.06,14.06,13.7,14.06,860200
1/15/1982 16:00:00,14.27,14.36,13.97,14.27,1529100
1/18/1982 16:00:00,14.78,14.83,14.18,14.78,1384800
1/19/1982 16:00:00,14.57,14.83,14.51,14.57,1041200
1/20/1982 16:00:00,14.69,14.81,14.51,14.69,1169200
1/21/1982 16:00:00,14.92,15.04,14.72,14.92,979900
1/22/1982 16:00:00,14.72,14.95,14.66,14.72,760200
1/25/1982 16:00:00,14.81,14.86,14.57,14.81,701300
1/26/1982 16:00:00,14.75,14.92,14.72,14.75,656300
1/27/1982 16:00:00,14.95,14.98,14.69,14.95,550800
1/28/1982 16:00:00,15.37,15.4,15.04,15.37,1149500
1/29/1982 16:00:00,15.19,15.46,15.19,15.19,702400
2/1/1982 16:00:00,14.95,15.13,14.92,14.95,684900
2/2/1982 16:00:00,15.04,15.16,14.89,15.04,618000
2/3/1982 16:00:00,14.98,15.1,14.69,14.98,778600
2/4/1982 16:00:00,15.1,15.16,14.72,15.1,745000
2/5/1982 16:00:00,15.1,15.28,15.01,15.1,772100
2/8/1982 16:00:00,14.69,15.04,14.66,14.69,500700
2/9/1982 16:00:00,14.66,14.75,14.57,14.66,843800
2/10/1982 16:00:00,14.78,14.89,14.72,14.78,832800
2/11/1982 16:00:00,14.63,14.81,14.54,14.63,426400
2/12/1982 16:00:00,14.57,14.75,14.57,14.57,296600
2/16/1982 16:00:00,14.86,14.89,14.36,14.86,774400
2/17/1982 16:00:00,14.86,15.1,14.81,14.86,703800
2/18/1982 16:00:00,14.98,15.04,14.92,14.98,638300
2/19/1982 16:00:00,14.89,15.04,14.72,14.89,594300
2/22/1982 16:00:00,14.42,15.01,14.36,14.42,1173800
2/23/1982 16:00:00,14.54,14.66,14.27,14.54,677300
2/24/1982 16:00:00,14.81,14.83,14.36,14.81,704100
2/25/1982 16:00:00,14.72,14.92,14.69,14.72,630000
2/26/1982 16:00:00,14.78,14.78,14.6,14.78,464900
3/1/1982 16:00:00,14.83,14.98,14.69,14.83,667700
3/2/1982 16:00:00,14.57,14.89,14.54,14.57,645100
3/3/1982 16:00:00,14.3,14.54,14.24,14.3,1058900
3/4/1982 16:00:00,14.12,14.33,13.97,14.12,887400
3/5/1982 16:00:00,13.97,14.18,13.88,13.97,1069100
3/8/1982 16:00:00,13.73,14.15,13.7,13.73,729800
3/9/1982 16:00:00,14,14.21,13.64,14,1217100
3/10/1982 16:00:00,14.09,14.24,14,14.09,587400
3/11/1982 16:00:00,13.91,14.18,13.88,13.91,838600
3/12/1982 16:00:00,13.82,13.88,13.7,13.82,815600
3/15/1982 16:00:00,14.06,14.06,13.7,14.06,620700
3/16/1982 16:00:00,13.7,14.06,13.67,13.7,629200
3/17/1982 16:00:00,13.7,13.88,13.7,13.7,735400
3/18/1982 16:00:00,13.82,13.94,13.76,13.82,771600
3/19/1982 16:00:00,13.76,13.85,13.67,13.76,595500
3/22/1982 16:00:00,14.12,14.21,13.82,14.12,737700
3/23/1982 16:00:00,14.21,14.24,14.03,14.21,782500
3/24/1982 16:00:00,14.12,14.18,14.06,14.12,556500
3/25/1982 16:00:00,14.27,14.36,14.12,14.27,561100
3/26/1982 16:00:00,14.09,14.27,14.09,14.09,616900
3/29/1982 16:00:00,14.3,14.39,14.03,14.3,479900
3/30/1982 16:00:00,14.42,14.45,14.24,14.42,674300
3/31/1982 16:00:00,14.27,14.48,14.24,14.27,664700
4/1/1982 16:00:00,14.57,14.6,14.3,14.57,650300
4/2/1982 16:00:00,14.69,14.78,14.57,14.69,839400
4/5/1982 16:00:00,14.69,14.75,14.6,14.69,472200
4/6/1982 16:00:00,14.75,14.78,14.57,14.75,489400
4/7/1982 16:00:00,14.75,14.83,14.69,14.75,589700
4/8/1982 16:00:00,14.86,14.92,14.72,14.86,654000
4/12/1982 16:00:00,14.83,14.92,14.81,14.83,388200
4/13/1982 16:00:00,14.81,14.98,14.78,14.81,423500
4/14/1982 16:00:00,15.19,15.28,14.63,15.19,1277400
4/15/1982 16:00:00,15.43,15.43,15.13,15.43,1058800
4/16/1982 16:00:00,15.4,15.49,15.34,15.4,689400
4/19/1982 16:00:00,15.22,15.55,15.19,15.22,1140600
4/20/1982 16:00:00,15.1,15.25,15.04,15.1,892800
4/21/1982 16:00:00,15.25,15.25,15.1,15.25,512200
4/22/1982 16:00:00,15.37,15.46,15.28,15.37,645800
4/23/1982 16:00:00,15.7,15.7,15.4,15.7,1214100
4/26/1982 16:00:00,15.76,15.79,15.52,15.76,911700
4/27/1982 16:00:00,15.55,15.7,15.43,15.55,685600
4/28/1982 16:00:00,15.49,15.58,15.4,15.49,717200
4/29/1982 16:00:00,15.31,15.43,15.31,15.31,491600
4/30/1982 16:00:00,15.34,15.46,15.28,15.34,759200
5/3/1982 16:00:00,15.4,15.46,15.28,15.4,384600
5/4/1982 16:00:00,15.46,15.58,15.4,15.46,497500
5/5/1982 16:00:00,15.55,15.58,15.46,15.55,855600
5/6/1982 16:00:00,15.49,15.55,15.46,15.49,777200
5/7/1982 16:00:00,15.46,15.55,15.46,15.46,487900
5/10/1982 16:00:00,15.25,15.49,15.25,15.25,569800
5/11/1982 16:00:00,15.37,15.46,15.28,15.37,372400
5/12/1982 16:00:00,15.25,15.43,15.16,15.25,522600
5/13/1982 16:00:00,15.19,15.34,15.19,15.19,368000
5/14/1982 16:00:00,15.19,15.28,15.19,15.19,464700
5/17/1982 16:00:00,15.01,15.22,14.98,15.01,601000
5/18/1982 16:00:00,14.98,15.1,14.98,14.98,446900
5/19/1982 16:00:00,14.92,15.1,14.89,14.92,477400
5/20/1982 16:00:00,15.04,15.04,14.81,15.04,539200
5/21/1982 16:00:00,14.95,15.04,14.89,14.95,824500
5/24/1982 16:00:00,14.86,14.95,14.81,14.86,408700
5/25/1982 16:00:00,14.78,14.95,14.78,14.78,462700
5/26/1982 16:00:00,14.81,14.89,14.72,14.81,501200
5/27/1982 16:00:00,14.81,14.89,14.75,14.81,425800
5/28/1982 16:00:00,14.69,14.83,14.63,14.69,587200
6/1/1982 16:00:00,14.75,14.78,14.66,14.75,412700
6/2/1982 16:00:00,14.81,14.83,14.69,14.81,617000
6/3/1982 16:00:00,14.69,14.83,14.63,14.69,450800
6/4/1982 16:00:00,14.39,14.72,14.36,14.39,402500
6/7/1982 16:00:00,14.33,14.48,14.21,14.33,824300
6/8/1982 16:00:00,13.91,14.3,13.88,13.91,2034800
6/9/1982 16:00:00,13.88,14,13.73,13.88,1072800
6/10/1982 16:00:00,14.03,14.09,13.85,14.03,684200
6/11/1982 16:00:00,14.24,14.36,14.12,14.24,1071500
6/14/1982 16:00:00,14.12,14.21,14.12,14.12,396500
6/15/1982 16:00:00,14.27,14.27,14.06,14.27,532600
6/16/1982 16:00:00,14.21,14.33,14.15,14.21,465600
6/17/1982 16:00:00,13.97,14.15,13.94,13.97,868000
6/18/1982 16:00:00,13.94,14,13.94,13.94,333300
6/21/1982 16:00:00,14,14.24,13.91,14,696800
6/22/1982 16:00:00,14.3,14.3,14.03,14.3,591000
6/23/1982 16:00:00,14.6,14.69,14.24,14.6,833800
6/24/1982 16:00:00,14.45,14.63,14.42,14.45,690600
6/25/1982 16:00:00,14.39,14.48,14.36,14.39,448600
6/28/1982 16:00:00,14.6,14.69,14.36,14.6,454600
6/29/1982 16:00:00,14.6,14.66,14.48,14.6,345300
6/30/1982 16:00:00,14.48,14.69,14.48,14.48,721300
7/1/1982 16:00:00,14.48,14.54,14.39,14.48,392000
7/2/1982 16:00:00,14.33,14.48,14.33,14.33,290100
7/6/1982 16:00:00,14.42,14.51,14.18,14.42,358800
7/7/1982 16:00:00,14.57,14.63,14.42,14.57,638300
7/8/1982 16:00:00,14.69,14.72,14.27,14.69,963900
7/9/1982 16:00:00,14.92,14.92,14.66,14.92,1247100
7/12/1982 16:00:00,15.16,15.19,15.01,15.16,985100
7/13/1982 16:00:00,15.4,15.52,15.07,15.4,1556300
7/14/1982 16:00:00,15.97,15.97,15.46,15.97,1688100
7/15/1982 16:00:00,15.94,16.12,15.85,15.94,1578700
7/16/1982 16:00:00,15.94,16.18,15.88,15.94,1452600
7/19/1982 16:00:00,15.73,15.91,15.67,15.73,997700
7/20/1982 16:00:00,16.09,16.15,15.73,16.09,1306900
7/21/1982 16:00:00,16.12,16.39,16.06,16.12,1274500
7/22/1982 16:00:00,15.91,16.09,15.88,15.91,1036200
7/23/1982 16:00:00,15.88,16,15.85,15.88,404000
7/26/1982 16:00:00,15.73,15.91,15.7,15.73,392600
7/27/1982 16:00:00,15.64,15.82,15.64,15.64,393500
7/28/1982 16:00:00,15.49,15.76,15.49,15.49,675300
7/29/1982 16:00:00,15.64,15.67,15.37,15.64,574100
7/30/1982 16:00:00,15.67,15.82,15.64,15.67,491100
8/2/1982 16:00:00,15.94,16.03,15.79,15.94,626800
8/3/1982 16:00:00,15.76,16.06,15.76,15.76,651000
8/4/1982 16:00:00,15.67,15.79,15.64,15.67,849900
8/5/1982 16:00:00,15.25,15.46,15.22,15.25,688700
8/6/1982 16:00:00,15.07,15.34,15.04,15.07,338400
8/9/1982 16:00:00,15.1,15.1,14.89,15.1,673600
8/10/1982 16:00:00,15.04,15.22,15.04,15.04,1084500
8/11/1982 16:00:00,14.89,15.07,14.89,14.89,743200
8/12/1982 16:00:00,14.86,15.01,14.83,14.86,555100
8/13/1982 16:00:00,15.01,15.04,14.86,15.01,581900
8/16/1982 16:00:00,15.01,15.19,14.98,15.01,534500
8/17/1982 16:00:00,15.76,15.79,15.04,15.76,1182200
8/18/1982 16:00:00,15.7,16.15,15.7,15.7,1707000
8/19/1982 16:00:00,15.76,15.94,15.58,15.76,1361100
8/20/1982 16:00:00,16.3,16.39,15.76,16.3,1356200
8/23/1982 16:00:00,16.57,16.6,16.18,16.57,1545400
8/24/1982 16:00:00,16.33,16.54,16.27,16.33,1491000
8/25/1982 16:00:00,16.51,16.75,16.33,16.51,1427400
8/26/1982 16:00:00,16.51,16.83,16.48,16.51,1480300
8/27/1982 16:00:00,16.48,16.54,16.33,16.48,689500
8/30/1982 16:00:00,16.69,16.72,16.33,16.69,781400
8/31/1982 16:00:00,16.83,16.95,16.63,16.83,1235000
9/1/1982 16:00:00,16.66,16.95,16.6,16.66,1117400
9/2/1982 16:00:00,17.04,17.19,16.57,17.04,949700
9/3/1982 16:00:00,17.22,17.67,17.1,17.22,1662800
9/7/1982 16:00:00,17.31,17.37,17.13,17.31,1121300
9/8/1982 16:00:00,17.31,17.58,17.22,17.31,1429900
9/9/1982 16:00:00,17.16,17.49,17.13,17.16,781100
9/10/1982 16:00:00,17.04,17.22,16.89,17.04,946700
9/13/1982 16:00:00,17.4,17.43,16.98,17.4,727600
9/14/1982 16:00:00,17.31,17.67,17.25,17.31,1220100
9/15/1982 16:00:00,17.52,17.58,17.25,17.52,940800
9/16/1982 16:00:00,17.7,17.91,17.49,17.7,1409700
9/17/1982 16:00:00,17.7,17.85,17.61,17.7,726800
9/20/1982 16:00:00,17.85,17.85,17.52,17.85,812100
9/21/1982 16:00:00,18.33,18.33,17.85,18.33,1321700
9/22/1982 16:00:00,18.03,18.54,18.03,18.03,1604100
9/23/1982 16:00:00,18.24,18.3,17.97,18.24,1254000
9/24/1982 16:00:00,18.15,18.27,18.06,18.15,887100
9/27/1982 16:00:00,18.3,18.39,18.09,18.3,490500
9/28/1982 16:00:00,18.21,18.45,18.21,18.21,868300
9/29/1982 16:00:00,17.85,18.24,17.79,17.85,831000
9/30/1982 16:00:00,17.52,17.88,17.49,17.52,997900
10/1/1982 16:00:00,17.7,17.82,17.52,17.7,747500
10/4/1982 16:00:00,17.79,17.82,17.49,17.79,614900
10/5/1982 16:00:00,17.94,18.18,17.82,17.94,752300
10/6/1982 16:00:00,18.86,18.86,18,18.86,1346100
10/7/1982 16:00:00,19.19,19.19,18.72,19.19,2207600
10/8/1982 16:00:00,19.37,19.37,18.92,19.37,1342500
10/11/1982 16:00:00,19.94,20.18,19.43,19.94,1439300
10/12/1982 16:00:00,19.76,20.15,19.67,19.76,1500400
10/13/1982 16:00:00,19.94,20.09,19.4,19.94,1401900
10/14/1982 16:00:00,19.13,19.55,18.98,19.13,1154900
10/15/1982 16:00:00,18.98,19.19,18.86,18.98,1218600
10/18/1982 16:00:00,19.82,19.82,19.01,19.82,1135400
10/19/1982 16:00:00,19.61,19.94,19.4,19.61,1215500
10/20/1982 16:00:00,20.18,20.18,19.46,20.18,1142600
10/21/1982 16:00:00,20,20.24,19.58,20,1204900
10/22/1982 16:00:00,19.76,20.24,19.76,19.76,1139000
10/25/1982 16:00:00,19.1,19.55,19.1,19.1,1073600
10/26/1982 16:00:00,19.58,19.61,18.95,19.58,1259300
10/27/1982 16:00:00,19.49,19.67,19.22,19.49,939000
10/28/1982 16:00:00,19.01,19.46,18.98,19.01,1082600
10/29/1982 16:00:00,19.07,19.22,18.89,19.07,706400
11/1/1982 16:00:00,19.46,19.46,18.98,19.46,832300
11/2/1982 16:00:00,19.55,19.82,19.46,19.55,1035500
11/3/1982 16:00:00,20.36,20.42,19.64,20.36,1488700
11/4/1982 16:00:00,20.06,20.39,20,20.06,1637300
11/5/1982 16:00:00,20.12,20.3,19.97,20.12,995300
11/8/1982 16:00:00,19.91,20,19.82,19.91,718400
11/9/1982 16:00:00,20.48,20.51,19.97,20.48,994100
11/10/1982 16:00:00,20.15,20.66,20,20.15,953500
11/11/1982 16:00:00,20.39,20.39,19.94,20.39,552300
11/12/1982 16:00:00,19.91,20.36,19.91,19.91,845600
11/15/1982 16:00:00,19.64,19.76,19.58,19.64,911400
11/16/1982 16:00:00,19.61,19.85,19.34,19.61,986000
11/17/1982 16:00:00,20.06,20.18,19.67,20.06,883100
11/18/1982 16:00:00,20,20.18,19.94,20,713800
11/19/1982 16:00:00,19.94,20.15,19.79,19.94,692300
11/22/1982 16:00:00,19.22,19.82,19.22,19.22,632400
11/23/1982 16:00:00,19.4,19.61,19.25,19.4,768300
11/24/1982 16:00:00,19.76,19.76,19.52,19.76,715600
11/26/1982 16:00:00,19.91,19.97,19.82,19.91,376700
11/29/1982 16:00:00,19.7,20,19.58,19.7,517100
11/30/1982 16:00:00,20.66,20.66,19.7,20.66,1015800
12/1/1982 16:00:00,20.66,21.07,20.57,20.66,1525100
12/2/1982 16:00:00,21.07,21.31,20.66,21.07,1539100
12/3/1982 16:00:00,21.07,21.34,20.98,21.07,771700
12/6/1982 16:00:00,22.15,22.39,20.98,22.15,1154000
12/7/1982 16:00:00,22.72,23.01,22.27,22.72,1709800
12/8/1982 16:00:00,22.57,23.28,22.57,22.57,1313500
12/9/1982 16:00:00,22.36,22.92,22.09,22.36,1118500
12/10/1982 16:00:00,22.15,22.72,22.06,22.15,957500
12/13/1982 16:00:00,22.42,22.63,22.24,22.42,654200
12/14/1982 16:00:00,21.73,22.98,21.61,21.73,1287400
12/15/1982 16:00:00,21.34,21.85,21.28,21.34,1305000
12/16/1982 16:00:00,21.67,21.79,21.37,21.67,997900
12/17/1982 16:00:00,22.3,22.6,21.85,22.3,1143000
12/20/1982 16:00:00,22.09,22.6,21.97,22.09,613900
12/21/1982 16:00:00,22.86,22.92,22.15,22.86,870100
12/22/1982 16:00:00,22.33,23.01,22.33,22.33,1014800
12/23/1982 16:00:00,22.36,22.57,22.33,22.36,590000
12/27/1982 16:00:00,23.01,23.13,22.3,23.01,647000
12/28/1982 16:00:00,22.72,23.01,22.63,22.72,674700
12/29/1982 16:00:00,23.07,23.22,22.77,23.07,799900
12/30/1982 16:00:00,22.95,23.4,22.86,22.95,725400
12/31/1982 16:00:00,22.98,23.19,22.95,22.98,373700
1/3/1983 16:00:00,22.21,23.16,22.09,22.21,760600
1/4/1983 16:00:00,22.83,22.83,22.06,22.83,915100
1/5/1983 16:00:00,22.92,23.1,22.69,22.92,950900
1/6/1983 16:00:00,23.31,23.52,22.8,23.31,1024200
1/7/1983 16:00:00,23.07,23.49,23.04,23.07,1060600
1/10/1983 16:00:00,23.4,23.7,22.92,23.4,1114200
1/11/1983 16:00:00,23.4,23.49,23.16,23.4,850900
1/12/1983 16:00:00,23.43,23.91,23.4,23.43,1525900
1/13/1983 16:00:00,23.55,23.7,23.43,23.55,735000
1/14/1983 16:00:00,23.67,23.85,23.52,23.67,874000
1/17/1983 16:00:00,23.7,24.06,23.7,23.7,1144700
1/18/1983 16:00:00,23.79,23.97,23.52,23.79,1015000
1/19/1983 16:00:00,23.52,23.94,23.16,23.52,968700
1/20/1983 16:00:00,23.37,23.58,23.1,23.37,627800
1/21/1983 16:00:00,22.6,23.28,22.45,22.6,1785100
1/24/1983 16:00:00,22.42,22.48,22.03,22.42,1477500
1/25/1983 16:00:00,22.92,22.98,22.54,22.92,1133600
1/26/1983 16:00:00,22.72,22.95,22.66,22.72,842500
1/27/1983 16:00:00,23.31,23.4,22.86,23.31,792600
1/28/1983 16:00:00,23.25,23.52,23.19,23.25,633800
1/31/1983 16:00:00,23.61,23.61,23.1,23.61,574200
2/1/1983 16:00:00,23.16,23.7,23.16,23.16,660200
2/2/1983 16:00:00,22.92,23.22,22.74,22.92,1121900
2/3/1983 16:00:00,22.8,22.92,22.72,22.8,816400
2/4/1983 16:00:00,23.25,23.28,22.77,23.25,835000
2/7/1983 16:00:00,23.19,23.49,23.07,23.19,563400
2/8/1983 16:00:00,22.72,23.25,22.69,22.72,643500
2/9/1983 16:00:00,22.57,22.8,22.42,22.57,912700
2/10/1983 16:00:00,23.01,23.13,22.72,23.01,771200
2/11/1983 16:00:00,23.01,23.34,22.92,23.01,791000
2/14/1983 16:00:00,23.64,23.76,23.16,23.64,1145100
2/15/1983 16:00:00,23.61,24,23.58,23.61,1352800
2/16/1983 16:00:00,23.49,23.94,23.46,23.49,939600
2/17/1983 16:00:00,23.49,23.64,23.16,23.49,1116900
2/18/1983 16:00:00,23.55,23.76,23.46,23.55,671500
2/22/1983 16:00:00,23.19,23.76,23.16,23.19,746400
2/23/1983 16:00:00,23.58,23.58,23.19,23.58,639600
2/24/1983 16:00:00,24.09,24.24,23.7,24.09,1365600
2/25/1983 16:00:00,23.97,24.18,23.88,23.97,1052100
2/28/1983 16:00:00,23.64,24,23.64,23.64,910600
3/1/1983 16:00:00,24.3,24.33,23.79,24.3,1106500
3/2/1983 16:00:00,24.39,24.6,24.18,24.39,1328200
3/3/1983 16:00:00,24.33,24.6,24.18,24.33,843400
3/4/1983 16:00:00,24.42,24.42,24.15,24.42,685700
3/7/1983 16:00:00,24.6,24.69,24.3,24.6,798800
3/8/1983 16:00:00,24.09,24.66,23.88,24.09,791700
3/9/1983 16:00:00,24.42,24.45,24.03,24.42,756800
3/10/1983 16:00:00,23.94,24.51,23.91,23.94,670100
3/11/1983 16:00:00,24.06,24.12,23.85,24.06,504500
3/14/1983 16:00:00,24,24.15,23.82,24,660000
3/15/1983 16:00:00,24.09,24.12,23.88,24.09,692800
3/16/1983 16:00:00,23.61,24.06,23.58,23.61,707500
3/17/1983 16:00:00,23.61,23.7,23.55,23.61,666900
3/18/1983 16:00:00,23.85,23.88,23.67,23.85,646700
3/21/1983 16:00:00,24.06,24.15,23.7,24.06,991100
3/22/1983 16:00:00,23.91,24.15,23.88,23.91,601200
3/23/1983 16:00:00,24.39,24.57,23.94,24.39,945000
3/24/1983 16:00:00,24.42,24.63,24.21,24.42,933300
3/25/1983 16:00:00,24.39,24.66,24.3,24.39,653200
3/28/1983 16:00:00,24.45,24.57,24.3,24.45,498400
3/29/1983 16:00:00,24.57,24.83,24.48,24.57,784800
3/30/1983 16:00:00,24.89,24.95,24.66,24.89,827000
3/31/1983 16:00:00,24.3,25.04,24.27,24.3,601100
4/4/1983 16:00:00,24.45,24.48,24.15,24.45,679200
4/5/1983 16:00:00,24.36,24.66,24.33,24.36,711800
4/6/1983 16:00:00,24.51,24.57,24.18,24.51,858000
4/7/1983 16:00:00,24.66,24.69,24.36,24.66,607100
4/8/1983 16:00:00,24.8,24.83,24.51,24.8,894200
4/11/1983 16:00:00,25.46,25.49,24.98,25.46,1651200
4/12/1983 16:00:00,25.55,25.64,25.31,25.55,1049000
4/13/1983 16:00:00,25.97,26.03,25.64,25.97,978800
4/14/1983 16:00:00,26.15,26.27,25.61,26.15,1007500
4/15/1983 16:00:00,26.3,26.39,26.18,26.3,794100
4/18/1983 16:00:00,26.89,26.89,26.27,26.89,1020400
4/19/1983 16:00:00,26.63,26.77,26.51,26.63,929400
4/20/1983 16:00:00,27.49,27.52,26.68,27.49,970600
4/21/1983 16:00:00,27.46,27.58,27.25,27.46,1071700
4/22/1983 16:00:00,28,28.15,27.4,28,807900
4/25/1983 16:00:00,27.34,27.97,27.16,27.34,775100
4/26/1983 16:00:00,27.97,28,27.13,27.97,941000
4/27/1983 16:00:00,27.7,28.18,27.46,27.7,910900
4/28/1983 16:00:00,28,28.06,27.67,28,765400
4/29/1983 16:00:00,27.94,28.09,27.7,27.94,764000
5/2/1983 16:00:00,27.46,27.97,27.4,27.46,972900
5/3/1983 16:00:00,27.58,27.67,27.37,27.58,909600
5/4/1983 16:00:00,27.82,27.91,27.55,27.82,612800
5/5/1983 16:00:00,27.64,27.67,27.37,27.64,575200
5/6/1983 16:00:00,28.09,28.24,27.58,28.09,861900
5/9/1983 16:00:00,28.06,28.24,27.85,28.06,627300
5/10/1983 16:00:00,27.91,28.09,27.88,27.91,453100
5/11/1983 16:00:00,27.58,27.94,27.52,27.58,492200
5/12/1983 16:00:00,27.58,27.7,27.46,27.58,469900
5/13/1983 16:00:00,27.82,27.85,27.61,27.82,424700
5/16/1983 16:00:00,27.52,27.52,27.22,27.52,668900
5/17/1983 16:00:00,27.22,27.46,27.01,27.22,722000
5/18/1983 16:00:00,26.68,27.4,26.45,26.68,802300
5/19/1983 16:00:00,26.57,26.86,26.39,26.57,673500
5/20/1983 16:00:00,26.45,26.68,26.33,26.45,538900
5/23/1983 16:00:00,26.86,26.95,26.21,26.86,813000
5/24/1983 16:00:00,27.37,27.46,26.98,27.37,665400
5/25/1983 16:00:00,27.61,27.61,27.07,27.61,843600
5/26/1983 16:00:00,27.31,27.67,27.28,27.31,647800
5/27/1983 16:00:00,26.98,27.46,26.95,26.98,404400
5/31/1983 16:00:00,26.57,26.95,26.33,26.57,734800
6/1/1983 16:00:00,26.71,26.71,26.33,26.71,890300
6/2/1983 16:00:00,27.1,27.19,26.57,27.1,803000
6/3/1983 16:00:00,27.22,27.43,26.98,27.22,662100
6/6/1983 16:00:00,27.64,27.73,27.13,27.64,573900
6/7/1983 16:00:00,27.01,27.76,26.98,27.01,791400
6/8/1983 16:00:00,27.07,27.4,26.89,27.07,831700
6/9/1983 16:00:00,27.16,27.34,27.01,27.16,672300
6/10/1983 16:00:00,27.28,27.37,27.13,27.28,419600
6/13/1983 16:00:00,28,28,27.25,28,737800
6/14/1983 16:00:00,28.18,28.6,27.94,28.18,971500
6/15/1983 16:00:00,28.89,28.89,28.21,28.89,1170300
6/16/1983 16:00:00,29.07,29.34,29.01,29.07,1233400
6/17/1983 16:00:00,28.92,29.19,28.71,28.92,625500
6/20/1983 16:00:00,29.13,29.31,29.01,29.13,648400
6/21/1983 16:00:00,29.4,29.52,28.8,29.4,827200
6/22/1983 16:00:00,29.49,29.73,29.25,29.49,734300
6/23/1983 16:00:00,29.43,29.55,29.31,29.43,582000
6/24/1983 16:00:00,29.37,29.58,29.28,29.37,446300
6/27/1983 16:00:00,28.86,29.31,28.71,28.86,542900
6/28/1983 16:00:00,28.18,28.98,28.12,28.18,865300
6/29/1983 16:00:00,28.65,28.86,28.15,28.65,669800
6/30/1983 16:00:00,28.71,28.89,28.6,28.71,556200
7/1/1983 16:00:00,28.89,28.95,28.74,28.89,373100
7/5/1983 16:00:00,28.48,28.57,28.33,28.48,943300
7/6/1983 16:00:00,29.04,29.07,28.42,29.04,679200
7/7/1983 16:00:00,28.6,29.31,28.6,28.6,965500
7/8/1983 16:00:00,29.01,29.01,28.71,29.01,434600
7/11/1983 16:00:00,29.43,29.46,29.01,29.43,776700
7/12/1983 16:00:00,28.86,29.49,28.8,28.86,905600
7/13/1983 16:00:00,28.95,29.07,28.71,28.95,619800
7/14/1983 16:00:00,29.13,29.61,29.04,29.13,1173500
7/15/1983 16:00:00,28.68,29.07,28.54,28.68,934200
7/18/1983 16:00:00,28.63,28.77,28.45,28.63,816500
7/19/1983 16:00:00,28.86,29.01,28.65,28.86,731000
7/20/1983 16:00:00,29.94,29.94,29.13,29.94,1313600
7/21/1983 16:00:00,29.97,30.15,29.49,29.97,934700
7/22/1983 16:00:00,29.7,29.97,29.7,29.7,501800
7/25/1983 16:00:00,30.06,30.15,29.49,30.06,742900
7/26/1983 16:00:00,30.03,30.33,29.91,30.03,779400
7/27/1983 16:00:00,29.46,30.21,29.28,29.46,785800
7/28/1983 16:00:00,29.13,29.64,29.01,29.13,715400
7/29/1983 16:00:00,28.74,29.13,28.51,28.74,1244500
8/1/1983 16:00:00,28.83,28.98,28.71,28.83,807100
8/2/1983 16:00:00,28.77,29.01,28.68,28.77,509000
8/3/1983 16:00:00,28.95,28.98,28.45,28.95,820100
8/4/1983 16:00:00,28.54,28.63,28.06,28.54,887900
8/5/1983 16:00:00,28.6,28.68,28.42,28.6,716800
8/8/1983 16:00:00,28.42,28.63,28.3,28.42,549300
8/9/1983 16:00:00,28.21,28.54,27.85,28.21,1182500
8/10/1983 16:00:00,28.21,28.42,27.94,28.21,893800
8/11/1983 16:00:00,28.12,28.33,28.06,28.12,430500
8/12/1983 16:00:00,28.3,28.39,28.15,28.3,382900
8/15/1983 16:00:00,28.77,29.01,28.45,28.77,1094700
8/16/1983 16:00:00,29.04,29.13,28.74,29.04,716700
8/17/1983 16:00:00,29.37,29.49,29.04,29.37,866000
8/18/1983 16:00:00,29.04,29.55,28.98,29.04,740500
8/19/1983 16:00:00,29.25,29.25,28.92,29.25,398800
8/22/1983 16:00:00,28.95,29.43,28.8,28.95,668100
8/23/1983 16:00:00,28.51,28.86,28.3,28.51,1175800
8/24/1983 16:00:00,27.82,28.42,27.7,27.82,974500
8/25/1983 16:00:00,27.76,27.91,27.52,27.76,927400
8/26/1983 16:00:00,28.15,28.24,27.61,28.15,681300
8/29/1983 16:00:00,28.42,28.48,27.91,28.42,510300
8/30/1983 16:00:00,28.03,28.48,28,28.03,691900
8/31/1983 16:00:00,28.54,28.54,27.97,28.54,603300
9/1/1983 16:00:00,28.33,28.57,28.21,28.33,621700
9/2/1983 16:00:00,28.6,28.6,28.3,28.6,548800
9/6/1983 16:00:00,29.1,29.1,28.65,29.1,798400
9/7/1983 16:00:00,29.22,29.34,28.89,29.22,904000
9/8/1983 16:00:00,29.19,29.49,29.04,29.19,634300
9/9/1983 16:00:00,29.19,29.31,28.98,29.19,395700
9/12/1983 16:00:00,29.01,29.46,28.92,29.01,1108100
9/13/1983 16:00:00,29.13,29.13,28.8,29.13,725600
9/14/1983 16:00:00,29.34,29.49,29.04,29.34,814300
9/15/1983 16:00:00,29.07,29.43,29.01,29.07,691100
9/16/1983 16:00:00,29.4,29.67,29.01,29.4,819700
9/19/1983 16:00:00,29.55,29.82,29.28,29.55,911500
9/20/1983 16:00:00,29.58,29.73,29.4,29.58,942300
9/21/1983 16:00:00,29.37,29.64,29.34,29.37,1070900
9/22/1983 16:00:00,29.76,29.79,29.31,29.76,1099300
9/23/1983 16:00:00,30.24,30.24,29.67,30.24,1111900
9/26/1983 16:00:00,30.71,30.92,30.09,30.71,2097500
9/27/1983 16:00:00,30.54,30.65,30.21,30.54,1271500
9/28/1983 16:00:00,30.74,30.83,30.51,30.74,1099600
9/29/1983 16:00:00,30.54,30.92,30.54,30.54,723500
9/30/1983 16:00:00,30.3,30.6,30.21,30.3,570500
10/3/1983 16:00:00,30.6,30.68,30.15,30.6,878300
10/4/1983 16:00:00,31.01,31.07,30.77,31.01,1190200
10/5/1983 16:00:00,31.31,31.34,30.83,31.31,1391200
10/6/1983 16:00:00,31.55,31.58,31.28,31.55,1104600
10/7/1983 16:00:00,31.58,31.64,31.46,31.58,803300
10/10/1983 16:00:00,32.06,32.06,31.4,32.06,658400
10/11/1983 16:00:00,31.76,32,31.7,31.76,687100
10/12/1983 16:00:00,31.67,31.85,31.49,31.67,931000
10/13/1983 16:00:00,31.91,31.97,31.67,31.91,722400
10/14/1983 16:00:00,31.46,31.94,31.22,31.46,2012600
10/17/1983 16:00:00,31.46,31.67,31.16,31.46,1129800
10/18/1983 16:00:00,30.74,31.55,30.68,30.74,1743600
10/19/1983 16:00:00,31.16,31.22,30.71,31.16,2072600
10/20/1983 16:00:00,30.98,31.16,30.95,30.98,1141600
10/21/1983 16:00:00,30.33,30.98,29.73,30.33,1555400
10/24/1983 16:00:00,30.62,30.71,29.97,30.62,1491500
10/25/1983 16:00:00,30.68,30.86,30.62,30.68,1180600
10/26/1983 16:00:00,30.57,30.77,30.45,30.57,977800
10/27/1983 16:00:00,30.89,30.89,30.42,30.89,702100
10/28/1983 16:00:00,30.57,31.04,30.36,30.57,1105800
10/31/1983 16:00:00,30.27,30.8,30.09,30.27,1441600
11/1/1983 16:00:00,30.27,30.39,29.85,30.27,1413200
11/2/1983 16:00:00,30.21,30.33,29.97,30.21,946400
11/3/1983 16:00:00,29.58,30.21,29.49,29.58,922600
11/4/1983 16:00:00,29.19,29.43,29.07,29.19,1474500
11/7/1983 16:00:00,29.16,29.46,29.13,29.16,803600
11/8/1983 16:00:00,29.19,29.34,29.1,29.19,650900
11/9/1983 16:00:00,29.52,29.52,29.22,29.52,858900
11/10/1983 16:00:00,29.91,30.03,29.61,29.91,1165800
11/11/1983 16:00:00,30.3,30.39,29.88,30.3,784800
11/14/1983 16:00:00,30.45,30.62,30.33,30.45,1030600
11/15/1983 16:00:00,29.73,30.48,29.61,29.73,1354300
11/16/1983 16:00:00,29.79,29.97,29.52,29.79,1053800
11/17/1983 16:00:00,29.46,29.73,29.34,29.46,816300
11/18/1983 16:00:00,29.49,29.55,29.13,29.49,818100
11/21/1983 16:00:00,29.91,29.97,29.4,29.91,778300
11/22/1983 16:00:00,29.37,30,29.28,29.37,985000
11/23/1983 16:00:00,28.86,29.46,28.65,28.86,1783600
11/25/1983 16:00:00,28.89,29.07,28.86,28.89,548800
11/28/1983 16:00:00,28.48,28.89,28.24,28.48,1349700
11/29/1983 16:00:00,29.04,29.07,28.33,29.04,1277800
11/30/1983 16:00:00,28.03,29.19,28.03,28.03,1475700
12/1/1983 16:00:00,28.39,28.54,28.09,28.39,1391300
12/2/1983 16:00:00,28.15,28.48,28.09,28.15,1077900
12/5/1983 16:00:00,28.33,28.45,27.97,28.33,1148800
12/6/1983 16:00:00,28.09,28.48,28.09,28.09,756100
12/7/1983 16:00:00,28.48,28.51,28.09,28.48,776500
12/8/1983 16:00:00,28.42,28.63,28.3,28.42,865200
12/9/1983 16:00:00,29.19,29.22,28.8,29.19,1666700
12/12/1983 16:00:00,29.61,29.73,29.19,29.61,1197900
12/13/1983 16:00:00,29.16,29.7,29.13,29.16,992000
12/14/1983 16:00:00,28.86,29.4,28.8,28.86,856200
12/15/1983 16:00:00,28.54,29.04,28.54,28.54,1140100
12/16/1983 16:00:00,28.86,28.86,28.57,28.86,641000
12/19/1983 16:00:00,28.95,29.22,28.86,28.95,1081800
12/20/1983 16:00:00,29.07,29.28,28.92,29.07,835200
12/21/1983 16:00:00,29.52,29.52,29.16,29.52,848200
12/22/1983 16:00:00,29.34,29.64,29.25,29.34,890600
12/23/1983 16:00:00,29.52,29.55,29.28,29.52,604600
12/27/1983 16:00:00,29.76,29.79,29.61,29.76,570300
12/28/1983 16:00:00,29.67,29.76,29.49,29.67,769200
12/29/1983 16:00:00,29.4,29.82,29.37,29.4,592300
12/30/1983 16:00:00,29.13,29.46,29.13,29.13,421400
1/3/1984 16:00:00,29.07,29.46,29.04,29.07,725000
1/4/1984 16:00:00,29.58,29.61,29.07,29.58,1986900
1/5/1984 16:00:00,29.67,29.85,29.28,29.67,1290900
1/6/1984 16:00:00,29.49,29.73,29.37,29.49,945900
1/9/1984 16:00:00,29.46,29.61,29.25,29.46,742500
1/10/1984 16:00:00,29.19,29.58,29.13,29.19,718700
1/11/1984 16:00:00,29.19,29.31,29.1,29.19,822300
1/12/1984 16:00:00,28.95,29.37,28.95,28.95,890900
1/13/1984 16:00:00,28.42,29.19,28.24,28.42,1761300
1/16/1984 16:00:00,28.77,28.77,28.42,28.77,1202200
1/17/1984 16:00:00,28.89,28.89,28.63,28.89,878700
1/18/1984 16:00:00,28.77,29.1,28.42,28.77,2040300
1/19/1984 16:00:00,28.39,28.83,28.24,28.39,2172600
1/20/1984 16:00:00,27.94,28.45,27.94,27.94,2785100
1/23/1984 16:00:00,27.73,27.97,27.7,27.73,1332700
1/24/1984 16:00:00,27.88,28,27.79,27.88,1067700
1/25/1984 16:00:00,27.55,28.12,27.46,27.55,1576500
1/26/1984 16:00:00,27.37,27.67,27.22,27.37,1403800
1/27/1984 16:00:00,27.43,27.46,26.89,27.43,1498700
1/30/1984 16:00:00,27.19,27.46,27.01,27.19,1301700
1/31/1984 16:00:00,27.25,27.4,27.04,27.25,1647100
2/1/1984 16:00:00,27.16,27.37,27.04,27.16,1277500
2/2/1984 16:00:00,27.31,27.34,26.92,27.31,1204700
2/3/1984 16:00:00,26.45,27.25,26.45,26.45,1495900
2/6/1984 16:00:00,25.97,26.48,25.91,25.97,2468000
2/7/1984 16:00:00,26.39,26.45,25.91,26.39,2679400
2/8/1984 16:00:00,25.73,26.48,25.67,25.73,1579300
2/9/1984 16:00:00,26.03,26.3,25.43,26.03,2368400
2/10/1984 16:00:00,26.24,26.39,26.12,26.24,1626000
2/13/1984 16:00:00,26.03,26.33,25.79,26.03,980300
2/14/1984 16:00:00,26.48,26.51,26.06,26.48,1146100
2/15/1984 16:00:00,26.18,26.6,26.15,26.18,1145100
2/16/1984 16:00:00,26.18,26.36,25.94,26.18,1145200
2/17/1984 16:00:00,26.21,26.39,26.06,26.21,725100
2/21/1984 16:00:00,26.12,26.24,25.94,26.12,659200
2/22/1984 16:00:00,26.06,26.33,25.94,26.06,1124600
2/23/1984 16:00:00,26.09,26.09,25.55,26.09,1471500
2/24/1984 16:00:00,26.57,26.63,26.09,26.57,1043200
2/27/1984 16:00:00,26.95,27.1,26.45,26.95,1458900
2/28/1984 16:00:00,26.27,26.86,26.24,26.27,1241300
2/29/1984 16:00:00,26.33,26.68,26.12,26.33,1117000
3/1/1984 16:00:00,26.63,26.66,26.21,26.63,812900
3/2/1984 16:00:00,26.74,26.95,26.66,26.74,1005000
3/5/1984 16:00:00,26.51,26.63,26.36,26.51,779400
3/6/1984 16:00:00,26.09,26.66,26.06,26.09,868500
3/7/1984 16:00:00,25.7,25.85,25.46,25.7,1570300
3/8/1984 16:00:00,25.91,26.09,25.7,25.91,899400
3/9/1984 16:00:00,25.79,25.94,25.64,25.79,729600
3/12/1984 16:00:00,26.33,26.39,25.91,26.33,1455900
3/13/1984 16:00:00,26.42,26.74,26.36,26.42,1432300
3/14/1984 16:00:00,26.51,26.63,26.36,26.51,990700
3/15/1984 16:00:00,26.74,26.86,26.54,26.74,954700
3/16/1984 16:00:00,27.16,27.28,26.92,27.16,2110500
3/19/1984 16:00:00,27.22,27.22,26.86,27.22,817600
3/20/1984 16:00:00,27.4,27.55,27.1,27.4,1241000
3/21/1984 16:00:00,27.22,27.58,27.22,27.22,914900
3/22/1984 16:00:00,26.92,27.22,26.83,26.92,881400
3/23/1984 16:00:00,26.8,26.98,26.63,26.8,836700
3/26/1984 16:00:00,26.8,27.04,26.68,26.8,694200
3/27/1984 16:00:00,27.19,27.19,26.89,27.19,1236900
3/28/1984 16:00:00,27.55,27.55,27.13,27.55,1045100
3/29/1984 16:00:00,27.16,27.64,27.16,27.16,872800
3/30/1984 16:00:00,27.22,27.37,27.13,27.22,588700
4/2/1984 16:00:00,26.74,27.37,26.51,26.74,993500
4/3/1984 16:00:00,26.54,26.86,26.36,26.54,978900
4/4/1984 16:00:00,26.51,26.63,26.42,26.51,712400
4/5/1984 16:00:00,25.97,26.6,25.88,25.97,1361800
4/6/1984 16:00:00,26.21,26.21,25.73,26.21,1296000
4/9/1984 16:00:00,26.18,26.27,25.94,26.18,945400
4/10/1984 16:00:00,26.27,26.45,26.21,26.27,810600
4/11/1984 16:00:00,26,26.36,25.97,26,671700
4/12/1984 16:00:00,26.86,26.92,25.67,26.86,1779600
4/13/1984 16:00:00,26.57,27.1,26.54,26.57,1348200
4/16/1984 16:00:00,26.92,26.95,26.42,26.92,770500
4/17/1984 16:00:00,26.8,27.1,26.74,26.8,931500
4/18/1984 16:00:00,26.54,26.8,26.39,26.54,720700
4/19/1984 16:00:00,26.45,26.54,26.3,26.45,1028700
4/23/1984 16:00:00,26.24,26.6,26.18,26.24,836400
4/24/1984 16:00:00,26.45,26.66,26.15,26.45,1104400
4/25/1984 16:00:00,26.71,26.8,26.42,26.71,899400
4/26/1984 16:00:00,27.04,27.1,26.71,27.04,1090000
4/27/1984 16:00:00,27.07,27.28,26.89,27.07,1022900
4/30/1984 16:00:00,27.16,27.37,26.92,27.16,1122500
5/1/1984 16:00:00,27.82,27.82,27.22,27.82,1463500
5/2/1984 16:00:00,27.76,28,27.7,27.76,1337900
5/3/1984 16:00:00,27.61,27.79,27.46,27.61,751900
5/4/1984 16:00:00,26.92,27.43,26.86,26.92,896200
5/7/1984 16:00:00,27.04,27.07,26.83,27.04,714500
5/8/1984 16:00:00,27.28,27.28,26.92,27.28,726900
5/9/1984 16:00:00,26.95,27.43,26.86,26.95,1074300
5/10/1984 16:00:00,26.83,27.07,26.66,26.83,1039700
5/11/1984 16:00:00,26.57,26.77,26.39,26.57,808400
5/14/1984 16:00:00,26.8,26.8,26.39,26.8,655000
5/15/1984 16:00:00,26.98,27.04,26.8,26.98,892700
5/16/1984 16:00:00,26.74,26.95,26.68,26.74,890600
5/17/1984 16:00:00,26.36,26.68,26.18,26.36,1090900
5/18/1984 16:00:00,26.12,26.48,25.94,26.12,1548900
5/21/1984 16:00:00,25.94,26.21,25.85,25.94,916700
5/22/1984 16:00:00,25.79,25.91,25.67,25.79,1190100
5/23/1984 16:00:00,25.7,26.03,25.7,25.7,1057500
5/24/1984 16:00:00,25.49,25.82,25.34,25.49,1164500
5/25/1984 16:00:00,25.61,25.76,25.49,25.61,925000
5/29/1984 16:00:00,25.46,25.7,25.25,25.46,752100
5/30/1984 16:00:00,25.61,25.91,25.22,25.61,1180300
5/31/1984 16:00:00,25.73,25.97,25.67,25.73,1171800
6/1/1984 16:00:00,25.76,25.94,25.61,25.76,1211200
6/4/1984 16:00:00,25.85,26.09,25.79,25.85,1164000
6/5/1984 16:00:00,25.16,25.7,25.07,25.16,1969000
6/6/1984 16:00:00,25.25,25.31,24.69,25.25,2713700
6/7/1984 16:00:00,25.22,25.37,25.01,25.22,1261800
6/8/1984 16:00:00,25.25,25.31,24.98,25.25,1106600
6/11/1984 16:00:00,24.89,25.19,24.86,24.89,917000
6/12/1984 16:00:00,24.95,25.04,24.77,24.95,1273800
6/13/1984 16:00:00,24.92,25.19,24.89,24.92,841800
6/14/1984 16:00:00,24.06,24.86,24,24.06,1996300
6/15/1984 16:00:00,23.76,24.15,23.67,23.76,2507000
6/18/1984 16:00:00,24.3,24.33,23.64,24.3,1419600
6/19/1984 16:00:00,24.54,24.77,24.33,24.54,1512000
6/20/1984 16:00:00,25.82,25.91,24.27,25.82,1763600
6/21/1984 16:00:00,25.28,25.79,25.16,25.28,1884700
6/22/1984 16:00:00,25.13,25.43,25.1,25.13,908700
6/25/1984 16:00:00,25.19,25.37,25.16,25.19,749600
6/26/1984 16:00:00,24.86,25.19,24.63,24.86,949400
6/27/1984 16:00:00,24.63,24.95,24.54,24.63,1113400
6/28/1984 16:00:00,25.13,25.22,24.6,25.13,728000
6/29/1984 16:00:00,25.25,25.43,25.1,25.25,1137100
7/2/1984 16:00:00,25.28,25.28,25.01,25.28,604500
7/3/1984 16:00:00,25.58,25.64,25.34,25.58,549200
7/5/1984 16:00:00,25.4,25.67,25.37,25.4,525400
7/6/1984 16:00:00,25.25,25.31,24.98,25.25,521400
7/9/1984 16:00:00,25.61,25.67,25.16,25.61,704700
7/10/1984 16:00:00,25.58,25.64,25.37,25.58,802400
7/11/1984 16:00:00,25.13,25.58,25.13,25.13,897500
7/12/1984 16:00:00,24.92,25.22,24.86,24.92,1076900
7/13/1984 16:00:00,25.13,25.25,24.83,25.13,856100
7/16/1984 16:00:00,25.61,25.61,24.95,25.61,925700
7/17/1984 16:00:00,25.82,25.88,25.49,25.82,1047100
7/18/1984 16:00:00,25.67,25.82,25.58,25.67,625100
7/19/1984 16:00:00,25.55,25.64,25.37,25.55,895900
7/20/1984 16:00:00,25.43,25.61,25.19,25.43,810000
7/23/1984 16:00:00,25.34,25.4,25.1,25.34,931100
7/24/1984 16:00:00,25.16,25.55,25.1,25.16,710200
7/25/1984 16:00:00,25.58,25.73,24.95,25.58,1591800
7/26/1984 16:00:00,25.85,25.97,25.49,25.85,1002700
7/27/1984 16:00:00,26.03,26.18,25.76,26.03,1059300
7/30/1984 16:00:00,25.88,26.12,25.85,25.88,610400
7/31/1984 16:00:00,26.45,26.48,26,26.45,1280300
8/1/1984 16:00:00,26.95,27.04,26.48,26.95,1468700
8/2/1984 16:00:00,27.43,27.49,27.1,27.43,1841200
8/3/1984 16:00:00,28.71,28.95,27.94,28.71,3259200
8/6/1984 16:00:00,29.07,29.61,28.65,29.07,2491600
8/7/1984 16:00:00,28.98,29.31,28.65,28.98,1712700
8/8/1984 16:00:00,28.33,28.89,28.24,28.33,1725300
8/9/1984 16:00:00,29.31,29.43,28.3,29.31,1629000
8/10/1984 16:00:00,28.89,29.82,28.83,28.89,2301300
8/13/1984 16:00:00,29.19,29.31,28.71,29.19,1165200
8/14/1984 16:00:00,28.95,29.43,28.83,28.95,808700
8/15/1984 16:00:00,29.13,29.49,28.89,29.13,1119700
8/16/1984 16:00:00,29.4,29.52,29.19,29.4,1039600
8/17/1984 16:00:00,29.37,29.58,29.25,29.37,920100
8/20/1984 16:00:00,29.43,29.49,29.25,29.43,862300
8/21/1984 16:00:00,30.06,30.27,29.49,30.06,2250800
8/22/1984 16:00:00,29.67,30.18,29.61,29.67,1454100
8/23/1984 16:00:00,29.85,30.03,29.58,29.85,992100
8/24/1984 16:00:00,30,30,29.82,30,679900
8/27/1984 16:00:00,29.79,29.79,29.52,29.79,639500
8/28/1984 16:00:00,29.94,30.03,29.7,29.94,603400
8/29/1984 16:00:00,29.67,30.09,29.67,29.67,775900
8/30/1984 16:00:00,29.52,29.82,29.46,29.52,545500
8/31/1984 16:00:00,29.55,29.64,29.37,29.55,549000
9/4/1984 16:00:00,29.25,29.4,29.1,29.25,640600
9/5/1984 16:00:00,29.22,29.28,29.07,29.22,852600
9/6/1984 16:00:00,29.46,29.67,29.34,29.46,931600
9/7/1984 16:00:00,29.04,29.58,28.95,29.04,779700
9/10/1984 16:00:00,29.31,29.46,28.86,29.31,960800
9/11/1984 16:00:00,29.13,29.73,29.13,29.13,1433200
9/12/1984 16:00:00,29.34,29.46,29.13,29.34,792000
9/13/1984 16:00:00,30.12,30.12,29.28,30.12,1108900
9/14/1984 16:00:00,30.27,30.51,30.15,30.27,1447700
9/17/1984 16:00:00,30.48,30.68,30.12,30.48,1133300
9/18/1984 16:00:00,30.24,30.54,30.21,30.24,1071700
9/19/1984 16:00:00,30.06,30.68,29.85,30.06,1598600
9/20/1984 16:00:00,30.09,30.15,29.88,30.09,1229200
9/21/1984 16:00:00,29.67,30.45,29.52,29.67,1391000
9/24/1984 16:00:00,29.55,29.88,29.52,29.55,836800
9/25/1984 16:00:00,29.61,29.79,29.31,29.61,1132600
9/26/1984 16:00:00,29.76,30.09,29.61,29.76,1033200
9/27/1984 16:00:00,30.06,30.09,29.91,30.06,716800
9/28/1984 16:00:00,29.67,30.12,29.61,29.67,709000
10/1/1984 16:00:00,29.28,29.55,29.19,29.28,822100
10/2/1984 16:00:00,29.07,29.52,29.07,29.07,1015000
10/3/1984 16:00:00,28.95,29.25,28.77,28.95,1276100
10/4/1984 16:00:00,29.1,29.19,29.01,29.1,722000
10/5/1984 16:00:00,28.95,29.22,28.92,28.95,574500
10/8/1984 16:00:00,28.92,28.92,28.71,28.92,439000
10/9/1984 16:00:00,28.86,29.19,28.77,28.86,918300
10/10/1984 16:00:00,29.1,29.1,28.36,29.1,1735300
10/11/1984 16:00:00,28.71,29.16,28.68,28.71,1382100
10/12/1984 16:00:00,29.1,29.19,28.8,29.1,1200800
10/15/1984 16:00:00,29.25,29.46,28.98,29.25,1075500
10/16/1984 16:00:00,28.95,29.31,28.77,28.95,1154200
10/17/1984 16:00:00,29.1,29.37,28.8,29.1,770600
10/18/1984 16:00:00,30.09,30.15,29.07,30.09,1346000
10/19/1984 16:00:00,29.85,30.51,29.7,29.85,1871400
10/22/1984 16:00:00,30.09,30.21,29.82,30.09,960300
10/23/1984 16:00:00,30.24,30.42,30.09,30.24,1220400
10/24/1984 16:00:00,30.27,30.42,30.15,30.27,855300
10/25/1984 16:00:00,29.88,30.27,29.82,29.88,1067200
10/26/1984 16:00:00,29.64,29.76,29.55,29.64,642000
10/29/1984 16:00:00,29.76,29.82,29.64,29.76,387400
10/30/1984 16:00:00,30.27,30.36,29.88,30.27,990500
10/31/1984 16:00:00,29.76,30.12,29.76,29.76,929500
11/1/1984 16:00:00,30.03,30.3,29.91,30.03,1200100
11/2/1984 16:00:00,30.06,30.21,30.03,30.06,763200
11/5/1984 16:00:00,30.27,30.3,29.55,30.27,589700
11/6/1984 16:00:00,30.45,30.51,30.21,30.45,1270600
11/7/1984 16:00:00,30.03,30.36,29.94,30.03,1668400
11/8/1984 16:00:00,29.82,30.03,29.67,29.82,1056700
11/9/1984 16:00:00,29.43,29.97,29.43,29.43,944300
11/12/1984 16:00:00,29.61,29.61,29.31,29.61,782700
11/13/1984 16:00:00,29.31,29.67,29.25,29.31,1111000
11/14/1984 16:00:00,29.4,29.55,29.13,29.4,988200
11/15/1984 16:00:00,29.31,29.43,29.13,29.31,709100
11/16/1984 16:00:00,29.01,29.4,28.92,29.01,1120300
11/19/1984 16:00:00,28.65,29.04,28.54,28.65,1073400
11/20/1984 16:00:00,28.95,28.98,28.68,28.95,1359800
11/21/1984 16:00:00,28.89,28.98,28.57,28.89,1066800
11/23/1984 16:00:00,29.28,29.28,28.92,29.28,1027100
11/26/1984 16:00:00,29.34,29.43,29.16,29.34,1013700
11/27/1984 16:00:00,29.79,29.88,29.31,29.79,1319400
11/28/1984 16:00:00,29.4,29.82,29.37,29.4,947700
11/29/1984 16:00:00,29.13,29.4,29.04,29.13,1034200
11/30/1984 16:00:00,29.07,29.19,28.83,29.07,831700
12/3/1984 16:00:00,28.65,28.98,28.54,28.65,1303000
12/4/1984 16:00:00,28.71,28.89,28.65,28.71,997000
12/5/1984 16:00:00,28.15,28.71,28.03,28.15,1276300
12/6/1984 16:00:00,28.3,28.48,28,28.3,1424600
12/7/1984 16:00:00,27.97,28.45,27.82,27.97,1015600
12/10/1984 16:00:00,28.15,28.24,27.7,28.15,1711000
12/11/1984 16:00:00,28.45,28.45,28.12,28.45,1285000
12/12/1984 16:00:00,28.36,28.51,28.27,28.36,687200
12/13/1984 16:00:00,28.12,28.57,28.06,28.12,1147700
12/14/1984 16:00:00,28.36,28.71,28.15,28.36,1366600
12/17/1984 16:00:00,28.42,28.42,28.03,28.42,1061900
12/18/1984 16:00:00,29.4,29.43,28.65,29.4,1994700
12/19/1984 16:00:00,29.37,29.73,29.22,29.37,1642000
12/20/1984 16:00:00,29.22,29.58,29.16,29.22,998000
12/21/1984 16:00:00,29.55,29.55,28.65,29.55,1368700
12/24/1984 16:00:00,29.67,29.73,29.43,29.67,754200
12/26/1984 16:00:00,29.55,29.67,29.52,29.55,418300
12/27/1984 16:00:00,29.4,29.67,29.31,29.4,505200
12/28/1984 16:00:00,29.49,29.61,29.31,29.49,573600
12/31/1984 16:00:00,29.4,29.58,29.34,29.4,685000
1/2/1985 16:00:00,28.89,29.28,28.83,28.89,872500
1/3/1985 16:00:00,28.65,29.19,28.63,28.65,1388100
1/4/1985 16:00:00,28.6,28.74,28.42,28.6,1007000
1/7/1985 16:00:00,28.74,28.86,28.6,28.74,1167800
1/8/1985 16:00:00,28.6,28.77,28.48,28.6,1123100
1/9/1985 16:00:00,28.74,28.83,28.54,28.74,1310700
1/10/1985 16:00:00,29.55,29.55,28.57,29.55,1639700
1/11/1985 16:00:00,29.31,29.61,29.16,29.31,1114600
1/14/1985 16:00:00,29.79,29.91,29.25,29.79,1941900
1/15/1985 16:00:00,29.76,30,29.61,29.76,1626400
1/16/1985 16:00:00,29.58,29.97,29.52,29.58,1360400
1/17/1985 16:00:00,29.52,29.76,29.43,29.52,1069600
1/18/1985 16:00:00,29.64,29.85,29.52,29.64,1163300
1/21/1985 16:00:00,30.62,30.68,29.76,30.62,2138800
1/22/1985 16:00:00,30.95,31.19,30.83,30.95,2539000
1/23/1985 16:00:00,31.64,31.67,30.89,31.64,2270200
1/24/1985 16:00:00,31.79,32.12,31.61,31.79,1825200
1/25/1985 16:00:00,31.82,32.03,31.67,31.82,1212300
1/28/1985 16:00:00,32.15,32.3,31.82,32.15,1936500
1/29/1985 16:00:00,32.71,32.71,31.94,32.71,1128700
1/30/1985 16:00:00,32.62,32.86,32.51,32.62,1563600
1/31/1985 16:00:00,32.57,32.68,32.3,32.57,1263100
2/1/1985 16:00:00,32.39,32.48,32.33,32.39,830400
2/4/1985 16:00:00,32.86,33.01,32.24,32.86,1345900
2/5/1985 16:00:00,32.59,33.01,32.48,32.59,1265900
2/6/1985 16:00:00,32.33,32.62,32.24,32.33,1296900
2/7/1985 16:00:00,32.74,32.86,32.45,32.74,1059300
2/8/1985 16:00:00,32.77,32.92,32.65,32.77,848900
2/11/1985 16:00:00,31.88,32.77,31.7,31.88,2513600
2/12/1985 16:00:00,31.46,31.76,31.34,31.46,2221700
2/13/1985 16:00:00,31.94,32.15,31.46,31.94,1577600
2/14/1985 16:00:00,31.52,32.15,31.52,31.52,1343300
2/15/1985 16:00:00,31.37,31.7,31.22,31.37,1065400
2/19/1985 16:00:00,31.49,31.58,31.34,31.49,732100
2/20/1985 16:00:00,31.94,32.21,31.49,31.94,1455800
2/21/1985 16:00:00,31.94,32.12,31.76,31.94,838400
2/22/1985 16:00:00,31.73,32.06,31.55,31.73,919500
2/25/1985 16:00:00,31.97,31.97,31.55,31.97,765200
2/26/1985 16:00:00,32.12,32.36,31.82,32.12,1149800
2/27/1985 16:00:00,31.79,32.24,31.7,31.79,867600
2/28/1985 16:00:00,32,32.12,31.7,32,882400
3/1/1985 16:00:00,32.45,32.65,32,32.45,1382800
3/4/1985 16:00:00,32.24,32.57,32.09,32.24,890100
3/5/1985 16:00:00,32.24,32.45,32.15,32.24,1013500
3/6/1985 16:00:00,31.73,32.36,31.7,31.73,1031500
3/7/1985 16:00:00,31.07,31.85,31.04,31.07,1685000
3/8/1985 16:00:00,30.95,31.28,30.83,30.95,1723200
3/11/1985 16:00:00,31.4,31.46,30.98,31.4,1051400
3/12/1985 16:00:00,31.49,31.64,31.28,31.49,879600
3/13/1985 16:00:00,31.04,31.52,30.89,31.04,1194800
3/14/1985 16:00:00,30.77,31.13,30.74,30.77,1271800
3/15/1985 16:00:00,30.71,31.04,30.57,30.71,1197400
3/18/1985 16:00:00,30.65,30.83,30.51,30.65,1206700
3/19/1985 16:00:00,31.16,31.31,30.62,31.16,1037200
3/20/1985 16:00:00,30.89,31.19,30.8,30.89,1118800
3/21/1985 16:00:00,30.74,31.04,30.6,30.74,1552200
3/22/1985 16:00:00,30.51,30.74,30.51,30.51,1197800
3/25/1985 16:00:00,29.73,30.57,29.73,29.73,2057900
3/26/1985 16:00:00,29.94,30,29.64,29.94,1404400
3/27/1985 16:00:00,30.18,30.24,29.97,30.18,1098400
3/28/1985 16:00:00,30.24,30.48,30.18,30.24,993400
3/29/1985 16:00:00,30.33,30.36,30,30.33,695000
4/1/1985 16:00:00,30.6,30.62,30.3,30.6,840800
4/2/1985 16:00:00,30.51,30.92,30.45,30.51,949000
4/3/1985 16:00:00,30.21,30.48,30.15,30.21,829000
4/4/1985 16:00:00,30.33,30.39,29.97,30.33,536800
4/8/1985 16:00:00,29.58,30.33,29.58,29.58,1219000
4/9/1985 16:00:00,29.76,29.94,29.67,29.76,969700
4/10/1985 16:00:00,30.06,30.24,29.91,30.06,1016300
4/11/1985 16:00:00,30.33,30.48,30.21,30.33,1235400
4/12/1985 16:00:00,30.57,30.6,30.3,30.57,952600
4/15/1985 16:00:00,30.86,30.98,30.54,30.86,1033800
4/16/1985 16:00:00,30.98,31.13,30.68,30.98,1165200
4/17/1985 16:00:00,30.95,31.07,30.86,30.95,901700
4/18/1985 16:00:00,30.45,31.04,30.42,30.45,998800
4/19/1985 16:00:00,30.48,30.6,30.3,30.48,739700
4/22/1985 16:00:00,30.51,30.57,30.27,30.51,649100
4/23/1985 16:00:00,30.8,30.86,30.39,30.8,969200
4/24/1985 16:00:00,30.71,30.83,30.39,30.71,821400
4/25/1985 16:00:00,30.77,30.8,30.6,30.77,986000
4/26/1985 16:00:00,30.36,30.77,30.36,30.36,699600
4/29/1985 16:00:00,30.15,30.36,30.12,30.15,812800
4/30/1985 16:00:00,30.21,30.27,29.97,30.21,1280300
5/1/1985 16:00:00,30,30.3,29.88,30,1135000
5/2/1985 16:00:00,29.94,30.18,29.79,29.94,1258800
5/3/1985 16:00:00,29.85,30,29.76,29.85,770500
5/6/1985 16:00:00,29.79,30,29.79,29.79,579400
5/7/1985 16:00:00,30.03,30.15,29.85,30.03,772900
5/8/1985 16:00:00,30.36,30.39,29.94,30.36,925700
5/9/1985 16:00:00,30.54,30.62,30.33,30.54,978300
5/10/1985 16:00:00,31.07,31.25,30.68,31.07,2239000
5/13/1985 16:00:00,31.1,31.19,30.98,31.1,1157600
5/14/1985 16:00:00,30.57,31.25,30.51,30.57,1551200
5/15/1985 16:00:00,30.68,30.86,30.51,30.68,1047600
5/16/1985 16:00:00,30.8,30.92,30.68,30.8,981900
5/17/1985 16:00:00,31.22,31.34,30.71,31.22,1346600
5/20/1985 16:00:00,31.76,31.82,31.43,31.76,1716100
5/21/1985 16:00:00,31.76,31.82,31.61,31.76,1215000
5/22/1985 16:00:00,31.61,31.7,31.49,31.61,857100
5/23/1985 16:00:00,31.37,31.61,31.34,31.37,829300
5/24/1985 16:00:00,31.25,31.43,31.22,31.25,675200
5/28/1985 16:00:00,31.13,31.46,30.98,31.13,921900
5/29/1985 16:00:00,30.98,31.1,30.86,30.98,939700
5/30/1985 16:00:00,30.57,30.92,30.39,30.57,1666600
5/31/1985 16:00:00,30.71,31.04,30.39,30.71,1371900
6/3/1985 16:00:00,30.83,30.92,30.62,30.83,1265600
6/4/1985 16:00:00,30.98,31.07,30.74,30.98,1176100
6/5/1985 16:00:00,30.68,31.19,30.68,30.68,1644500
6/6/1985 16:00:00,30.98,30.98,30.48,30.98,1193500
6/7/1985 16:00:00,30.42,31.01,30.39,30.42,1185900
6/10/1985 16:00:00,30.48,30.54,30.3,30.48,863400
6/11/1985 16:00:00,30.09,30.62,30.09,30.09,1423900
6/12/1985 16:00:00,28.83,30.12,28.8,28.83,3055500
6/13/1985 16:00:00,28.33,28.71,28.24,28.33,3276700
6/14/1985 16:00:00,28.92,28.92,28.51,28.92,1753000
6/17/1985 16:00:00,28.68,28.77,28.48,28.68,1316600
6/18/1985 16:00:00,28.63,29.04,28.45,28.63,1819000
6/19/1985 16:00:00,28.51,28.86,28.48,28.51,1268900
6/20/1985 16:00:00,28.36,28.6,28.03,28.36,1400300
6/21/1985 16:00:00,28.51,28.6,28.27,28.51,1365100
6/24/1985 16:00:00,28.86,28.92,28.36,28.86,1125300
6/25/1985 16:00:00,29.13,29.46,28.98,29.13,1753000
6/26/1985 16:00:00,29.4,29.43,29.13,29.4,914300
6/27/1985 16:00:00,29.61,29.67,29.4,29.61,1151500
6/28/1985 16:00:00,29.55,29.73,29.49,29.55,820500
7/1/1985 16:00:00,29.82,29.85,29.37,29.82,890800
7/2/1985 16:00:00,29.7,29.94,29.67,29.7,1064800
7/3/1985 16:00:00,29.55,29.76,29.43,29.55,666900
7/5/1985 16:00:00,29.73,29.82,29.64,29.73,368900
7/8/1985 16:00:00,29.49,29.73,29.43,29.49,792600
7/9/1985 16:00:00,28.95,29.43,28.77,28.95,1199500
7/10/1985 16:00:00,29.37,29.46,28.65,29.37,1687300
7/11/1985 16:00:00,29.55,29.64,29.34,29.55,1043900
7/12/1985 16:00:00,29.67,29.76,29.43,29.67,986800
7/15/1985 16:00:00,29.97,30.27,29.46,29.97,1557700
7/16/1985 16:00:00,30.68,30.74,29.97,30.68,1601300
7/17/1985 16:00:00,30.89,31.1,30.8,30.89,1885600
7/18/1985 16:00:00,30.74,31.04,30.65,30.74,1729600
7/19/1985 16:00:00,30.86,31.04,30.74,30.86,1389100
7/22/1985 16:00:00,31.01,31.01,30.71,31.01,1075600
7/23/1985 16:00:00,30.89,31.49,30.8,30.89,1879800
7/24/1985 16:00:00,30.83,31.01,30.48,30.83,1465300
7/25/1985 16:00:00,31.1,31.1,30.71,31.1,1538800
7/26/1985 16:00:00,31.52,31.64,31.07,31.52,1420500
7/29/1985 16:00:00,30.95,31.52,30.89,30.95,1017300
7/30/1985 16:00:00,31.16,31.22,30.83,31.16,1139800
7/31/1985 16:00:00,31.37,31.49,31.16,31.37,1383000
8/1/1985 16:00:00,31.64,31.7,31.43,31.64,1360900
8/2/1985 16:00:00,31.43,31.58,31.37,31.43,666800
8/5/1985 16:00:00,31.34,31.4,31.16,31.34,670400
8/6/1985 16:00:00,30.89,31.46,30.83,30.89,1075400
8/7/1985 16:00:00,30.86,30.98,30.8,30.86,954300
8/8/1985 16:00:00,30.65,30.77,30.39,30.65,1117300
8/9/1985 16:00:00,30.42,30.71,30.39,30.42,691000
8/12/1985 16:00:00,30.36,30.42,30.24,30.36,980100
8/13/1985 16:00:00,30.24,30.45,30.03,30.24,745800
8/14/1985 16:00:00,30.27,30.83,30.27,30.27,543700
8/15/1985 16:00:00,30.18,30.39,30.03,30.18,723500
8/16/1985 16:00:00,30.03,30.18,29.97,30.03,804400
8/19/1985 16:00:00,30.06,30.18,30.03,30.06,511500
8/20/1985 16:00:00,30.45,30.51,30.06,30.45,925200
8/21/1985 16:00:00,30.65,30.65,30.48,30.65,709000
8/22/1985 16:00:00,30.24,30.65,30.18,30.24,789900
8/23/1985 16:00:00,30.3,30.36,30.18,30.3,638500
8/26/1985 16:00:00,30.62,30.62,30.18,30.62,611900
8/27/1985 16:00:00,30.62,30.77,30.51,30.62,786800
8/28/1985 16:00:00,30.57,30.71,30.45,30.57,596000
8/29/1985 16:00:00,30.45,30.57,30.39,30.45,505100
8/30/1985 16:00:00,30.24,30.48,30.21,30.24,625100
9/3/1985 16:00:00,30.36,30.45,30.21,30.36,1019800
9/4/1985 16:00:00,30.39,30.39,30.21,30.39,737300
9/5/1985 16:00:00,30.65,30.71,30.33,30.65,989200
9/6/1985 16:00:00,30.83,30.98,30.71,30.83,1061900
9/9/1985 16:00:00,30.89,31.16,30.86,30.89,1108800
9/10/1985 16:00:00,30.54,30.92,30.48,30.54,944800
9/11/1985 16:00:00,30.39,30.68,30.33,30.39,836000
9/12/1985 16:00:00,30.36,30.68,30.27,30.36,1388500
9/13/1985 16:00:00,30.45,30.57,30.12,30.45,1223000
9/16/1985 16:00:00,30.65,30.68,30.45,30.65,687300
9/17/1985 16:00:00,30.27,30.68,30.21,30.27,981900
9/18/1985 16:00:00,30.45,30.57,30.21,30.45,1637700
9/19/1985 16:00:00,30.57,30.57,30.21,30.57,1494200
9/20/1985 16:00:00,30.27,30.57,30.18,30.27,1090500
9/23/1985 16:00:00,30.6,30.65,30.48,30.6,1654800
9/24/1985 16:00:00,30.27,30.57,30.15,30.27,939000
9/25/1985 16:00:00,29.61,30.33,29.55,29.61,2137500
9/26/1985 16:00:00,29.55,29.58,29.19,29.55,2125700
9/27/1985 16:00:00,29.49,29.49,29.49,29.49,1100
9/30/1985 16:00:00,29.58,29.67,29.37,29.58,1055500
10/1/1985 16:00:00,30.24,30.24,29.58,30.24,1415400
10/2/1985 16:00:00,29.7,30.33,29.7,29.7,1482900
10/3/1985 16:00:00,29.7,29.91,29.55,29.7,1406400
10/4/1985 16:00:00,29.49,29.7,29.34,29.49,1019400
10/7/1985 16:00:00,29.67,29.85,29.4,29.67,1101300
10/8/1985 16:00:00,29.7,29.79,29.49,29.7,835900
10/9/1985 16:00:00,29.67,29.94,29.67,29.67,762500
10/10/1985 16:00:00,29.7,29.79,29.55,29.7,886100
10/11/1985 16:00:00,30,30.15,29.52,30,1380100
10/14/1985 16:00:00,30.57,30.6,29.94,30.57,1384200
10/15/1985 16:00:00,30.57,30.8,30.33,30.57,1353400
10/16/1985 16:00:00,30.89,30.92,30.45,30.89,1165800
10/17/1985 16:00:00,30.68,31.04,30.62,30.68,1356300
10/18/1985 16:00:00,30.48,30.8,30.48,30.48,895800
10/21/1985 16:00:00,30.45,30.54,30.39,30.45,635200
10/22/1985 16:00:00,30.83,31.07,30.48,30.83,1254700
10/23/1985 16:00:00,31.16,31.25,30.89,31.16,1730000
10/24/1985 16:00:00,30.71,31.34,30.62,30.71,1195400
10/25/1985 16:00:00,30.57,30.77,30.45,30.57,775200
10/28/1985 16:00:00,30.89,30.89,30.45,30.89,765400
10/29/1985 16:00:00,31.16,31.37,30.92,31.16,1046500
10/30/1985 16:00:00,31.31,31.37,31.1,31.31,1470100
10/31/1985 16:00:00,31.01,31.22,30.89,31.01,1152900
11/1/1985 16:00:00,31.25,31.31,30.95,31.25,1137600
11/4/1985 16:00:00,31.58,31.67,31.16,31.58,1730500
11/5/1985 16:00:00,31.85,32,31.58,31.85,1829900
11/6/1985 16:00:00,31.73,31.82,31.34,31.73,1979700
11/7/1985 16:00:00,31.55,31.7,31.43,31.55,1046800
11/8/1985 16:00:00,31.64,31.76,31.46,31.64,1181600
11/11/1985 16:00:00,32.15,32.21,31.67,32.15,1662800
11/12/1985 16:00:00,32.33,32.57,32.18,32.33,2355400
11/13/1985 16:00:00,32.24,32.42,32.15,32.24,1404300
11/14/1985 16:00:00,32.62,32.71,32.18,32.62,1343500
11/15/1985 16:00:00,32.65,33.04,32.57,32.65,2066000
11/18/1985 16:00:00,33.07,33.1,32.62,33.07,1180400
11/19/1985 16:00:00,33.01,33.25,32.77,33.01,1664700
11/20/1985 16:00:00,33.19,33.22,32.92,33.19,983900
11/21/1985 16:00:00,33.49,33.49,33.19,33.49,1715200
11/22/1985 16:00:00,33.31,33.55,33.25,33.31,1074700
11/25/1985 16:00:00,33.19,33.31,33.04,33.19,618500
11/26/1985 16:00:00,33.19,33.37,33.13,33.19,705500
11/27/1985 16:00:00,33.49,33.55,33.19,33.49,1078400
11/29/1985 16:00:00,33.37,33.61,33.25,33.37,513800
12/2/1985 16:00:00,32.92,33.4,32.89,32.92,671600
12/3/1985 16:00:00,33.1,33.1,32.86,33.1,767700
12/4/1985 16:00:00,33.88,33.88,33.1,33.88,1214500
12/5/1985 16:00:00,33.61,34.12,33.58,33.61,1905700
12/6/1985 16:00:00,33.85,33.85,33.49,33.85,1638400
12/9/1985 16:00:00,34.54,34.59,33.94,34.54,1662500
12/10/1985 16:00:00,35.01,35.34,34.45,35.01,1940200
12/11/1985 16:00:00,35.58,35.67,35.01,35.58,1985600
12/12/1985 16:00:00,35.49,35.67,35.1,35.49,1407600
12/13/1985 16:00:00,35.88,36.18,35.61,35.88,1890100
12/16/1985 16:00:00,36.36,36.65,35.82,36.36,1586100
12/17/1985 16:00:00,36.42,36.89,36.18,36.42,1786100
12/18/1985 16:00:00,36.51,36.74,36.21,36.51,1525700
12/19/1985 16:00:00,36.71,36.77,36.39,36.71,1105900
12/20/1985 16:00:00,36.83,37.4,36.83,36.83,2128100
12/23/1985 16:00:00,36.77,37.04,36.65,36.77,1220900
12/24/1985 16:00:00,36.48,36.92,36.12,36.48,1011600
12/26/1985 16:00:00,36.59,36.71,36.33,36.59,562700
12/27/1985 16:00:00,37.13,37.16,36.71,37.13,727100
12/30/1985 16:00:00,37.79,37.85,37.25,37.79,953200
12/31/1985 16:00:00,37.13,37.91,37.01,37.13,924100
1/2/1986 16:00:00,36.3,36.98,36.21,36.3,1804600
1/3/1986 16:00:00,36.86,36.86,36.39,36.86,1059800
1/6/1986 16:00:00,36.86,36.98,36.56,36.86,802200
1/7/1986 16:00:00,37.16,37.37,36.86,37.16,1443900
1/8/1986 16:00:00,35.55,37.25,35.1,35.55,1958900
1/9/1986 16:00:00,35.91,35.91,35.16,35.91,2218300
1/10/1986 16:00:00,35.46,36.06,35.34,35.46,1290200
1/13/1986 16:00:00,35.58,35.73,35.31,35.58,1145700
1/14/1986 16:00:00,35.64,35.79,35.52,35.64,885100
1/15/1986 16:00:00,36.45,36.48,35.64,36.45,1393600
1/16/1986 16:00:00,37.25,37.37,36.54,37.25,2014600
1/17/1986 16:00:00,36.03,37.31,35.82,36.03,2507700
1/20/1986 16:00:00,35.67,35.82,35.4,35.67,1438800
1/21/1986 16:00:00,35.7,35.91,35.46,35.7,1349600
1/22/1986 16:00:00,34.45,35.82,34.15,34.45,1535800
1/23/1986 16:00:00,35.34,35.34,34.42,35.34,1352700
1/24/1986 16:00:00,35.82,35.94,35.31,35.82,1411000
1/27/1986 16:00:00,35.73,36.12,35.4,35.73,1125800
1/28/1986 16:00:00,36.24,36.24,35.58,36.24,1115800
1/29/1986 16:00:00,36.06,36.68,35.91,36.06,1658700
1/30/1986 16:00:00,35.7,36.09,35.49,35.7,955900
1/31/1986 16:00:00,36.18,36.65,35.67,36.18,1423000
2/3/1986 16:00:00,36.92,36.92,36.21,36.92,1387100
2/4/1986 16:00:00,36.77,37.13,36.24,36.77,1730900
2/5/1986 16:00:00,36.98,37.01,36.33,36.98,1027800
2/6/1986 16:00:00,37.01,37.25,36.77,37.01,1354600
2/7/1986 16:00:00,37.19,37.55,36.06,37.19,1842800
2/10/1986 16:00:00,37.55,37.64,37.1,37.55,1401700
2/11/1986 16:00:00,37.43,37.79,37.25,37.43,1455300
2/12/1986 16:00:00,37.01,37.55,36.71,37.01,1734500
2/13/1986 16:00:00,37.16,37.22,36.65,37.16,1253000
2/14/1986 16:00:00,37.31,37.7,37.07,37.31,1738800
2/18/1986 16:00:00,37.94,38.15,37.25,37.94,1852300
2/19/1986 16:00:00,37.61,38.3,37.52,37.61,1643000
2/20/1986 16:00:00,38,38,37.52,38,1304200
2/21/1986 16:00:00,38.15,38.45,38,38.15,1794100
2/24/1986 16:00:00,37.94,38.21,37.67,37.94,1720100
2/25/1986 16:00:00,37.61,37.88,37.37,37.61,1225400
2/26/1986 16:00:00,37.79,38,37.58,37.79,1129500
2/27/1986 16:00:00,37.22,37.46,36.89,37.22,2783600
2/28/1986 16:00:00,36.03,37.43,35.82,36.03,3246600
3/3/1986 16:00:00,36.12,36.42,35.85,36.12,2555300
3/4/1986 16:00:00,35.76,36.56,35.61,35.76,1867300
3/5/1986 16:00:00,35.43,35.43,34.98,35.43,2976500
3/6/1986 16:00:00,35.04,35.61,34.68,35.04,3258300
3/7/1986 16:00:00,34.86,35.16,34.51,34.86,2143700
3/10/1986 16:00:00,35.46,35.46,34.92,35.46,1562700
3/11/1986 16:00:00,36.3,36.33,35.58,36.3,1948500
3/12/1986 16:00:00,35.58,36.45,35.55,35.58,2305800
3/13/1986 16:00:00,35.94,36.03,35.28,35.94,2086200
3/14/1986 16:00:00,35.91,36.18,35.34,35.91,2512500
3/17/1986 16:00:00,36.03,36.06,35.7,36.03,1927700
3/18/1986 16:00:00,36.39,36.65,36,36.39,1816700
3/19/1986 16:00:00,36.21,36.39,35.88,36.21,1304700
3/20/1986 16:00:00,35.85,36.48,35.79,35.85,1452200
3/21/1986 16:00:00,35.58,36.03,35.46,35.58,2273800
3/24/1986 16:00:00,35.55,35.82,34.98,35.55,1593700
3/25/1986 16:00:00,35.34,35.52,35.16,35.34,1158000
3/26/1986 16:00:00,35.25,35.31,35.04,35.25,1491000
3/27/1986 16:00:00,35.61,36.06,35.37,35.61,2196900
3/31/1986 16:00:00,36.18,36.56,35.73,36.18,1939500
4/1/1986 16:00:00,35.61,36.3,35.61,35.61,2206200
4/2/1986 16:00:00,36.06,36.09,35.34,36.06,1932600
4/3/1986 16:00:00,35.73,36.51,35.58,35.73,1912100
4/4/1986 16:00:00,35.4,35.85,35.37,35.4,1794800
4/7/1986 16:00:00,35.7,35.88,35.19,35.7,1600700
4/8/1986 16:00:00,36.3,36.3,35.76,36.3,1692100
4/9/1986 16:00:00,35.64,36.45,35.43,35.64,1654400
4/10/1986 16:00:00,35.88,36.18,35.37,35.88,1469000
4/11/1986 16:00:00,35.76,36.39,35.64,35.76,2224700
4/14/1986 16:00:00,36.39,36.45,35.61,36.39,1104500
4/15/1986 16:00:00,36.45,36.68,36.18,36.45,1751200
4/16/1986 16:00:00,36.95,37.07,36.59,36.95,1872200
4/17/1986 16:00:00,36.92,37.16,36.8,36.92,1739400
4/18/1986 16:00:00,36.45,36.98,36.42,36.45,1462100
4/21/1986 16:00:00,36.98,36.98,36.36,36.98,1440200
4/22/1986 16:00:00,36.54,37.04,36.36,36.54,1198100
4/23/1986 16:00:00,37.07,37.07,36.33,37.07,1035700
4/24/1986 16:00:00,37.64,37.85,37.13,37.64,2199900
4/25/1986 16:00:00,38.09,38.3,37.85,38.09,1642300
4/28/1986 16:00:00,38.53,38.53,37.85,38.53,1314600
4/29/1986 16:00:00,38.06,38.65,37.79,38.06,1523400
4/30/1986 16:00:00,37.31,38.15,37.31,37.31,1141200
5/1/1986 16:00:00,37.46,37.61,37.19,37.46,1175000
5/2/1986 16:00:00,36.8,37.55,36.68,36.8,1264400
5/5/1986 16:00:00,37.16,37.22,36.89,37.16,1032900
5/6/1986 16:00:00,36.83,37.22,36.65,36.83,1340600
5/7/1986 16:00:00,36.12,36.65,35.82,36.12,2185100
5/8/1986 16:00:00,35.58,35.94,35.49,35.58,1599400
5/9/1986 16:00:00,35.76,35.88,35.37,35.76,1161200
5/12/1986 16:00:00,35.82,36.18,35.76,35.82,980800
5/13/1986 16:00:00,35.55,35.91,35.52,35.55,1435200
5/14/1986 16:00:00,35.37,35.61,35.1,35.37,1715900
5/15/1986 16:00:00,34.71,35.37,34.71,34.71,1489000
5/16/1986 16:00:00,34.59,34.77,34.54,34.59,1457700
5/19/1986 16:00:00,34.42,34.68,34.33,34.42,1316700
5/20/1986 16:00:00,34.92,34.95,34.45,34.92,1014700
5/21/1986 16:00:00,34.51,35.01,34.45,34.51,1215900
5/22/1986 16:00:00,34.24,34.65,33.97,34.24,2336300
5/23/1986 16:00:00,34.36,34.92,34.3,34.36,1667200
5/27/1986 16:00:00,35.1,35.1,34.36,35.1,1365700
5/28/1986 16:00:00,36.15,36.42,35.31,36.15,3713300
5/29/1986 16:00:00,36.51,36.68,35.88,36.51,1814900
5/30/1986 16:00:00,36.39,36.92,36.3,36.39,1990400
6/2/1986 16:00:00,36.36,36.65,36.24,36.36,1292200
6/3/1986 16:00:00,36.48,36.48,36.18,36.48,1168100
6/4/1986 16:00:00,35.82,36.51,35.7,35.82,1452000
6/5/1986 16:00:00,36,36.03,35.67,36,966900
6/6/1986 16:00:00,35.79,36.06,35.58,35.79,837400
6/9/1986 16:00:00,35.04,35.58,34.98,35.04,1549500
6/10/1986 16:00:00,35.43,35.52,35.01,35.43,1285900
6/11/1986 16:00:00,35.61,35.7,35.4,35.61,1099000
6/12/1986 16:00:00,35.34,35.61,35.28,35.34,790800
6/13/1986 16:00:00,35.73,35.79,35.34,35.73,927500
6/16/1986 16:00:00,35.46,35.79,35.37,35.46,907800
6/17/1986 16:00:00,35.07,35.52,34.98,35.07,971000
6/18/1986 16:00:00,34.95,35.1,34.42,34.95,1461800
6/19/1986 16:00:00,34.62,35.1,34.62,34.62,1381700
6/20/1986 16:00:00,35.22,35.22,34.54,35.22,1650700
6/23/1986 16:00:00,34.65,35.1,34.51,34.65,1070900
6/24/1986 16:00:00,34.98,35.31,34.56,34.98,1205600
6/25/1986 16:00:00,35.22,35.46,35.04,35.22,1116200
6/26/1986 16:00:00,35.04,35.25,35.01,35.04,803800
6/27/1986 16:00:00,35.1,35.19,35.01,35.1,687400
6/30/1986 16:00:00,34.98,35.22,34.92,34.98,999500
7/1/1986 16:00:00,35.49,35.49,34.95,35.49,1749700
7/2/1986 16:00:00,35.7,35.85,35.4,35.7,1573600
7/3/1986 16:00:00,35.58,35.85,35.4,35.58,969600
7/7/1986 16:00:00,34.68,35.37,34.62,34.68,1255900
7/8/1986 16:00:00,34.54,34.54,34.15,34.54,1961200
7/9/1986 16:00:00,34.45,34.56,34.27,34.45,1309100
7/10/1986 16:00:00,34.8,34.83,33.73,34.8,1795400
7/11/1986 16:00:00,34.18,34.77,34.15,34.18,2233200
7/14/1986 16:00:00,33.25,33.76,33.25,33.25,2228300
7/15/1986 16:00:00,32.42,33.1,32.36,32.42,3620500
7/16/1986 16:00:00,31.79,32.51,31.7,31.79,3065600
7/17/1986 16:00:00,31.52,32,31.46,31.52,2373700
7/18/1986 16:00:00,31.46,31.88,31.01,31.46,2431600
7/21/1986 16:00:00,31.49,31.61,31.22,31.49,1365300
7/22/1986 16:00:00,31.91,31.97,31.4,31.91,1586400
7/23/1986 16:00:00,31.79,32,31.67,31.79,1154800
7/24/1986 16:00:00,31.79,31.91,31.64,31.79,1202300
7/25/1986 16:00:00,32.03,32.24,31.82,32.03,885200
7/28/1986 16:00:00,31.61,32.21,31.52,31.61,1481000
7/29/1986 16:00:00,31.34,31.7,31.25,31.34,1105600
7/30/1986 16:00:00,31.58,31.82,31.1,31.58,1276500
7/31/1986 16:00:00,31.64,31.82,31.55,31.64,1039500
8/1/1986 16:00:00,31.37,31.85,31.37,31.37,760800
8/4/1986 16:00:00,31.43,31.49,31.07,31.43,1519800
8/5/1986 16:00:00,31.25,31.49,31.22,31.25,1150700
8/6/1986 16:00:00,31.31,31.4,30.95,31.31,1617900
8/7/1986 16:00:00,31.28,31.49,31.07,31.28,1194800
8/8/1986 16:00:00,31.04,31.34,30.98,31.04,906900
8/11/1986 16:00:00,31.28,31.43,30.86,31.28,1580400
8/12/1986 16:00:00,31.64,31.7,31.19,31.64,1577400
8/13/1986 16:00:00,32,32.09,31.64,32,1825600
8/14/1986 16:00:00,32.06,32.3,31.94,32.06,1323700
8/15/1986 16:00:00,31.79,32.12,31.76,31.79,1078400
8/18/1986 16:00:00,32.33,32.42,31.79,32.33,1445900
8/19/1986 16:00:00,32.65,32.89,32.27,32.65,1647200
8/20/1986 16:00:00,33.25,33.31,32.65,33.25,1576900
8/21/1986 16:00:00,32.95,33.55,32.77,32.95,1664400
8/22/1986 16:00:00,32.95,32.98,32.8,32.95,763400
8/25/1986 16:00:00,33.19,33.43,32.95,33.19,1466900
8/26/1986 16:00:00,33.7,33.73,33.16,33.7,1858600
8/27/1986 16:00:00,33.7,33.91,33.55,33.7,1561600
8/28/1986 16:00:00,33.43,33.52,33.31,33.43,1229000
8/29/1986 16:00:00,33.13,33.43,32.95,33.13,887600
9/2/1986 16:00:00,32.48,33.16,32.36,32.48,1938300
9/3/1986 16:00:00,32.51,32.57,32.27,32.51,1628600
9/4/1986 16:00:00,33.28,33.31,32.48,33.28,1630000
9/5/1986 16:00:00,33.52,33.67,33.07,33.52,2619000
9/8/1986 16:00:00,34.33,34.36,33.64,34.33,2629100
9/9/1986 16:00:00,34.36,34.74,34.27,34.36,2251100
9/10/1986 16:00:00,34.42,34.51,34.12,34.42,1766900
9/11/1986 16:00:00,33.25,34.12,33.13,33.25,2860600
9/12/1986 16:00:00,32.8,33.4,32.54,32.8,4379500
9/15/1986 16:00:00,32.71,33.07,32.48,32.71,2194500
9/16/1986 16:00:00,33.01,33.07,32.39,33.01,1413100
9/17/1986 16:00:00,32.86,33.34,32.86,32.86,1361600
9/18/1986 16:00:00,33.04,33.19,32.65,33.04,1507800
9/19/1986 16:00:00,32.68,33.01,32.65,32.68,1670300
9/22/1986 16:00:00,33.1,33.1,32.74,33.1,1473000
9/23/1986 16:00:00,33.25,33.28,33.04,33.25,1419200
9/24/1986 16:00:00,32.83,33.28,32.74,32.83,1813400
9/25/1986 16:00:00,32.42,32.86,32.06,32.42,1472100
9/26/1986 16:00:00,32.36,32.62,32.24,32.36,1100000
9/29/1986 16:00:00,32.06,32.3,31.79,32.06,1752200
9/30/1986 16:00:00,32.12,32.45,32.06,32.12,1751900
10/1/1986 16:00:00,31.76,32.36,31.67,31.76,1258900
10/2/1986 16:00:00,31.76,31.85,31.58,31.76,1146700
10/3/1986 16:00:00,31.25,31.82,31.19,31.25,2005200
10/6/1986 16:00:00,31.88,31.91,31.28,31.88,995100
10/7/1986 16:00:00,30.6,31.91,30.6,30.6,3374900
10/8/1986 16:00:00,30.45,30.45,30.15,30.45,3260200
10/9/1986 16:00:00,29.13,30.54,29.07,29.13,3089700
10/10/1986 16:00:00,29.52,29.73,29.22,29.52,2431100
10/13/1986 16:00:00,29.13,29.91,29.1,29.13,1609300
10/14/1986 16:00:00,28.86,29.37,28.6,28.86,3142200
10/15/1986 16:00:00,29.37,29.37,28.74,29.37,2239600
10/16/1986 16:00:00,28.92,29.46,28.86,28.92,2220500
10/17/1986 16:00:00,29.1,29.22,28.77,29.1,1947600
10/20/1986 16:00:00,28.71,28.95,28.63,28.71,1484700
10/21/1986 16:00:00,28.98,28.98,28.71,28.98,1697000
10/22/1986 16:00:00,28.74,29.01,28.68,28.74,1283900
10/23/1986 16:00:00,29.01,29.25,28.8,29.01,1727300
10/24/1986 16:00:00,28.98,29.19,28.95,28.98,1507400
10/27/1986 16:00:00,29.16,29.16,28.65,29.16,1197000
10/28/1986 16:00:00,28.83,29.22,28.8,28.83,1213200
10/29/1986 16:00:00,28.86,29.07,28.71,28.86,1036500
10/30/1986 16:00:00,29.13,29.37,28.98,29.13,1701800
10/31/1986 16:00:00,29.52,29.55,29.07,29.52,1163300
11/3/1986 16:00:00,30.18,30.18,29.55,30.18,1229700
11/4/1986 16:00:00,30.06,30.21,29.79,30.06,1662600
11/5/1986 16:00:00,29.4,29.79,29.25,29.4,2107700
11/6/1986 16:00:00,28.98,29.13,28.48,28.98,2581200
11/7/1986 16:00:00,29.01,29.1,28.65,29.01,1103400
11/10/1986 16:00:00,29.4,29.43,28.95,29.4,998200
11/11/1986 16:00:00,29.55,29.67,29.34,29.55,751400
11/12/1986 16:00:00,29.31,29.7,29.1,29.31,1130500
11/13/1986 16:00:00,28.63,29.37,28.63,28.63,1226400
11/14/1986 16:00:00,28.98,29.01,28.57,28.98,1203900
11/17/1986 16:00:00,29.13,29.52,28.8,29.13,1198700
11/18/1986 16:00:00,28.77,29.4,28.71,28.77,1740100
11/19/1986 16:00:00,29.37,29.37,28.68,29.37,1669000
11/20/1986 16:00:00,29.49,29.58,29.07,29.49,1707000
11/21/1986 16:00:00,29.43,29.94,29.28,29.43,2093400
11/24/1986 16:00:00,29.76,29.91,29.43,29.76,1595800
11/25/1986 16:00:00,30.36,30.45,29.64,30.36,1898900
11/26/1986 16:00:00,30.09,30.54,30.09,30.09,1008400
11/28/1986 16:00:00,30.36,30.39,30.21,30.36,727000
12/1/1986 16:00:00,30.42,30.42,29.91,30.42,1211700
12/2/1986 16:00:00,31.01,31.01,30.45,31.01,2926400
12/3/1986 16:00:00,30.71,31.07,30.71,30.71,1883700
12/4/1986 16:00:00,30.51,30.86,30.48,30.51,1334400
12/5/1986 16:00:00,30.24,30.68,30.15,30.24,1298000
12/8/1986 16:00:00,30.51,30.74,30.03,30.51,1530800
12/9/1986 16:00:00,30.3,30.6,30.21,30.3,1003700
12/10/1986 16:00:00,30.57,30.8,30.27,30.57,1427300
12/11/1986 16:00:00,30.57,30.89,30.51,30.57,2179500
12/12/1986 16:00:00,30.21,30.62,30.18,30.21,1030600
12/15/1986 16:00:00,30.48,30.48,29.94,30.48,1401900
12/16/1986 16:00:00,30.6,30.68,30.33,30.6,1566000
12/17/1986 16:00:00,30.27,30.6,30.18,30.27,1151900
12/18/1986 16:00:00,29.94,30.33,29.88,29.94,1608600
12/19/1986 16:00:00,29.88,30.06,29.67,29.88,2834300
12/22/1986 16:00:00,29.4,29.85,28.92,29.4,1635500
12/23/1986 16:00:00,28.77,29.25,28.74,28.77,2427100
12/24/1986 16:00:00,29.13,29.25,28.77,29.13,1032900
12/26/1986 16:00:00,29.13,29.19,29.07,29.13,382300
12/29/1986 16:00:00,28.8,29.13,28.71,28.8,1012300
12/30/1986 16:00:00,28.86,29.04,28.71,28.86,1216900
12/31/1986 16:00:00,28.65,29.1,28.65,28.65,1509200
1/2/1987 16:00:00,29.13,29.25,28.86,29.13,685000
1/5/1987 16:00:00,29.52,29.61,29.28,29.52,1764500
1/6/1987 16:00:00,29.37,29.7,29.28,29.37,1962800
1/7/1987 16:00:00,29.49,29.61,29.16,29.49,1681900
1/8/1987 16:00:00,29.34,29.46,28.98,29.34,2244500
1/9/1987 16:00:00,29.19,29.28,29.01,29.19,1726400
1/12/1987 16:00:00,28.74,28.92,28.65,28.74,2515700
1/13/1987 16:00:00,27.82,28.36,27.7,27.82,3974300
1/14/1987 16:00:00,28.33,28.36,27.64,28.33,3199000
1/15/1987 16:00:00,28.65,28.98,28.36,28.65,2749000
1/16/1987 16:00:00,28.65,28.92,28.54,28.65,2655100
1/19/1987 16:00:00,29.91,29.91,28.42,29.91,2745600
1/20/1987 16:00:00,29.31,30.39,29.13,29.31,3278400
1/21/1987 16:00:00,29.31,29.82,29.07,29.31,2694000
1/22/1987 16:00:00,30.42,30.57,29.28,30.42,2534100
1/23/1987 16:00:00,30.15,31.01,29.61,30.15,3973400
1/26/1987 16:00:00,30.39,30.54,29.79,30.39,1917700
1/27/1987 16:00:00,30.89,30.98,30.54,30.89,2094500
1/28/1987 16:00:00,31.04,31.1,30.68,31.04,2260300
1/29/1987 16:00:00,30.71,31.25,30.45,30.71,2187800
1/30/1987 16:00:00,30.74,30.83,30.45,30.74,1440900
2/2/1987 16:00:00,31.58,31.64,30.57,31.58,2001500
2/3/1987 16:00:00,31.76,32.09,31.67,31.76,2473500
2/4/1987 16:00:00,32.27,32.27,31.4,32.27,2339600
2/5/1987 16:00:00,32.68,32.83,32.06,32.68,3186200
2/6/1987 16:00:00,32.42,32.74,32.36,32.42,1623800
2/9/1987 16:00:00,31.94,32.45,31.64,31.94,1684700
2/10/1987 16:00:00,31.85,32.18,31.4,31.85,1859300
2/11/1987 16:00:00,32,32.12,31.7,32,1312600
2/12/1987 16:00:00,31.67,32.24,31.67,31.67,1735900
2/13/1987 16:00:00,32.12,32.18,31.58,32.12,1408900
2/17/1987 16:00:00,33.04,33.1,32.06,33.04,2309500
2/18/1987 16:00:00,32.95,33.31,32.74,32.95,1914000
2/19/1987 16:00:00,33.22,33.34,32.83,33.22,1442500
2/20/1987 16:00:00,33.34,33.37,32.98,33.34,2039900
2/23/1987 16:00:00,34.24,34.42,33.13,34.24,2897700
2/24/1987 16:00:00,34.15,34.45,34,34.15,2016400
2/25/1987 16:00:00,33.85,34.27,33.85,33.85,1257800
2/26/1987 16:00:00,33.28,33.82,33.28,33.28,1834300
2/27/1987 16:00:00,33.31,33.58,33.25,33.31,1038400
3/2/1987 16:00:00,33.07,33.43,33.01,33.07,1044100
3/3/1987 16:00:00,32.98,33.16,32.86,32.98,986100
3/4/1987 16:00:00,33.4,33.76,33.01,33.4,1807000
3/5/1987 16:00:00,33.52,33.88,33.43,33.52,1322200
3/6/1987 16:00:00,33.28,33.55,33.19,33.28,956400
3/9/1987 16:00:00,33.16,33.16,32.92,33.16,1321800
3/10/1987 16:00:00,34.12,34.12,33.13,34.12,1852100
3/11/1987 16:00:00,33.85,34.48,33.79,33.85,2332600
3/12/1987 16:00:00,34.45,34.65,33.64,34.45,2192800
3/13/1987 16:00:00,34.59,34.86,34.54,34.59,1881900
3/16/1987 16:00:00,34.54,34.62,34.18,34.54,994600
3/17/1987 16:00:00,35.13,35.13,34.48,35.13,1948800
3/18/1987 16:00:00,34.92,35.34,34.65,34.92,1897200
3/19/1987 16:00:00,35.1,35.19,34.83,35.1,1092900
3/20/1987 16:00:00,35.49,35.64,35.19,35.49,2175100
3/23/1987 16:00:00,35.76,35.88,35.46,35.76,2185600
3/24/1987 16:00:00,36.51,36.51,35.64,36.51,1683800
3/25/1987 16:00:00,37.16,37.37,36.33,37.16,2084300
3/26/1987 16:00:00,36.77,37.4,36.74,36.77,1986000
3/27/1987 16:00:00,36,36.8,35.94,36,1767000
3/30/1987 16:00:00,36.39,36.48,34.83,36.39,3220900
3/31/1987 16:00:00,35.85,36.62,35.7,35.85,2634800
4/1/1987 16:00:00,36.09,36.3,35.58,36.09,2650500
4/2/1987 16:00:00,35.34,36.15,35.22,35.34,2398700
4/3/1987 16:00:00,35.7,36,34.77,35.7,3281500
4/6/1987 16:00:00,35.67,35.91,35.55,35.67,1763300
4/7/1987 16:00:00,34.98,35.85,34.98,34.98,2090300
4/8/1987 16:00:00,35.25,35.4,34.89,35.25,1694200
4/9/1987 16:00:00,34.39,35.22,34.27,34.39,2201600
4/10/1987 16:00:00,34.62,34.77,34.06,34.62,2319400
4/13/1987 16:00:00,35.25,35.88,35.04,35.25,3301800
4/14/1987 16:00:00,35.37,36.03,34.98,35.37,4176200
4/15/1987 16:00:00,36.03,36.27,35.58,36.03,3046300
4/16/1987 16:00:00,35.82,36.36,35.79,35.82,2973100
4/20/1987 16:00:00,35.82,35.97,35.52,35.82,1813300
4/21/1987 16:00:00,37.49,37.73,35.46,37.49,2692700
4/22/1987 16:00:00,36.83,37.49,36.74,36.83,3012000
4/23/1987 16:00:00,36.83,37.37,36.56,36.83,2384400
4/24/1987 16:00:00,36.24,36.8,36.18,36.24,1804700
4/27/1987 16:00:00,36.83,37.25,35.7,36.83,3308900
4/28/1987 16:00:00,37.07,37.4,36.92,37.07,2945900
4/29/1987 16:00:00,37.88,38.12,37.22,37.88,3248900
4/30/1987 16:00:00,38.24,38.56,37.67,38.24,3272200
5/1/1987 16:00:00,38.36,38.77,38,38.36,2385000
5/4/1987 16:00:00,38.92,38.92,38.15,38.92,1561700
5/5/1987 16:00:00,39.85,40.03,39.22,39.85,2792500
5/6/1987 16:00:00,39.82,40.03,39.64,39.82,2187900
5/7/1987 16:00:00,39.37,39.82,39.13,39.37,1652200
5/8/1987 16:00:00,39.1,39.61,38.98,39.1,1430700
5/11/1987 16:00:00,38.92,39.97,38.92,38.92,2269600
5/12/1987 16:00:00,39.49,39.67,38.74,39.49,1998200
5/13/1987 16:00:00,39.7,39.88,39.28,39.7,1736700
5/14/1987 16:00:00,39.43,39.97,39.4,39.43,1346300
5/15/1987 16:00:00,38.36,39.49,38.36,38.36,1992100
5/18/1987 16:00:00,38.45,38.51,37.52,38.45,2513200
5/19/1987 16:00:00,37.43,38.62,37.16,37.43,2646700
5/20/1987 16:00:00,37.4,37.88,37.01,37.4,2714300
5/21/1987 16:00:00,37.55,37.91,37.46,37.55,1698700
5/22/1987 16:00:00,37.4,38.03,37.28,37.4,1032300
5/26/1987 16:00:00,38.36,38.39,37.79,38.36,1439100
5/27/1987 16:00:00,38.45,38.77,38.21,38.45,1724000
5/28/1987 16:00:00,38.83,38.86,38.03,38.83,1403100
5/29/1987 16:00:00,38.21,39.13,38.21,38.21,1235000
6/1/1987 16:00:00,38.12,38.53,38.03,38.12,1330300
6/2/1987 16:00:00,37.55,38.15,37.55,37.55,1855500
6/3/1987 16:00:00,38.27,38.3,37.7,38.27,1655700
6/4/1987 16:00:00,38.53,38.53,38.12,38.53,1089400
6/5/1987 16:00:00,38.21,38.51,37.94,38.21,1050800
6/8/1987 16:00:00,38.51,38.65,37.91,38.51,1205300
6/9/1987 16:00:00,38.18,38.59,38.03,38.18,1315000
6/10/1987 16:00:00,37.67,38.56,37.25,37.67,1898700
6/11/1987 16:00:00,37.64,38,37.49,37.64,1569000
6/12/1987 16:00:00,37.4,38.06,37.31,37.4,1407500
6/15/1987 16:00:00,38.12,38.24,37.73,38.12,1548500
6/16/1987 16:00:00,38.68,38.74,38.06,38.68,1660600
6/17/1987 16:00:00,38.53,38.8,38.27,38.53,1214900
6/18/1987 16:00:00,38.42,38.68,38.24,38.42,1119400
6/19/1987 16:00:00,38.53,38.71,38.3,38.53,2368700
6/22/1987 16:00:00,38.98,39.04,38.65,38.98,1776800
6/23/1987 16:00:00,39.37,39.4,38.8,39.37,2170000
6/24/1987 16:00:00,39.67,40.03,39.31,39.67,2425400
6/25/1987 16:00:00,40.09,40.27,39.88,40.09,1937800
6/26/1987 16:00:00,39.76,40.06,39.67,39.76,1284300
6/29/1987 16:00:00,39.49,39.76,39.4,39.49,1122400
6/30/1987 16:00:00,38.8,39.58,38.8,38.8,1709900
7/1/1987 16:00:00,39.16,39.31,38.86,39.16,1540800
7/2/1987 16:00:00,39.22,39.43,39.16,39.22,1209300
7/6/1987 16:00:00,39.43,39.55,39.19,39.43,1451400
7/7/1987 16:00:00,39.13,39.64,39.13,39.13,1318200
7/8/1987 16:00:00,39.82,39.85,39.28,39.82,1589000
7/9/1987 16:00:00,39.7,39.94,39.58,39.7,1339800
7/10/1987 16:00:00,39.88,39.94,39.52,39.88,1105300
7/13/1987 16:00:00,40.56,40.56,39.91,40.56,2366600
7/14/1987 16:00:00,40,40.56,39.76,40,2380400
7/15/1987 16:00:00,40.12,40.48,39.79,40.12,2263400
7/16/1987 16:00:00,40.15,40.3,39.97,40.15,1126100
7/17/1987 16:00:00,39.88,40.24,39.82,39.88,1665400
7/20/1987 16:00:00,39.31,39.61,39.16,39.31,1190400
7/21/1987 16:00:00,38.86,39.31,38.68,38.86,1594000
7/22/1987 16:00:00,38.53,38.89,38.51,38.53,1445100
7/23/1987 16:00:00,38.24,38.74,38,38.24,1661900
7/24/1987 16:00:00,38.51,38.56,38.24,38.51,885900
7/27/1987 16:00:00,38.71,38.83,38.42,38.71,903900
7/28/1987 16:00:00,38.51,38.89,38.24,38.51,1222900
7/29/1987 16:00:00,38.56,38.62,38.12,38.56,1346900
7/30/1987 16:00:00,38.77,38.8,38.36,38.77,1735100
7/31/1987 16:00:00,38.45,38.92,38.39,38.45,1218700
8/3/1987 16:00:00,38.03,38.42,37.91,38.03,2058200
8/4/1987 16:00:00,38.06,38.21,37.85,38.06,1668400
8/5/1987 16:00:00,38.27,38.45,38.15,38.27,2435800
8/6/1987 16:00:00,38.92,38.98,38,38.92,2284000
8/7/1987 16:00:00,39.25,39.55,38.92,39.25,2386900
8/10/1987 16:00:00,39.82,39.82,39.28,39.82,1632300
8/11/1987 16:00:00,40.36,40.5,39.91,40.36,3203300
8/12/1987 16:00:00,40.68,41.1,40.27,40.68,3299900
8/13/1987 16:00:00,41.4,41.55,40.68,41.4,2588300
8/14/1987 16:00:00,41.37,41.79,41.07,41.37,2110800
8/17/1987 16:00:00,41.67,41.73,41.37,41.67,1514600
8/18/1987 16:00:00,41.28,41.52,40.83,41.28,2439800
8/19/1987 16:00:00,41.22,41.37,40.74,41.22,1915800
8/20/1987 16:00:00,41.73,41.85,41.34,41.73,1882400
8/21/1987 16:00:00,41.73,42,41.67,41.73,2266600
8/24/1987 16:00:00,41.7,41.82,41.34,41.7,1637900
8/25/1987 16:00:00,41.07,41.76,40.83,41.07,2035400
8/26/1987 16:00:00,40.09,40.48,39.82,40.09,3993300
8/27/1987 16:00:00,39.7,40.21,39.61,39.7,2329300
8/28/1987 16:00:00,39.76,40.12,39.46,39.76,1877100
8/31/1987 16:00:00,40.21,40.48,39.76,40.21,1786600
9/1/1987 16:00:00,38.89,40.45,38.74,38.89,2220200
9/2/1987 16:00:00,38.8,39.19,38.51,38.8,2963200
9/3/1987 16:00:00,38.59,39.04,38.27,38.59,2226100
9/4/1987 16:00:00,38.39,38.86,38.36,38.39,1476100
9/8/1987 16:00:00,37.67,38.33,37.22,37.67,2964900
9/9/1987 16:00:00,37.55,37.76,37.01,37.55,3612900
9/10/1987 16:00:00,37.67,37.82,37.52,37.67,1909800
9/11/1987 16:00:00,38.48,38.53,37.7,38.48,2319300
9/14/1987 16:00:00,38.68,38.86,38.51,38.68,1317600
9/15/1987 16:00:00,37.61,38.74,37.49,37.61,2371100
9/16/1987 16:00:00,37.4,38.18,37.25,37.4,2385900
9/17/1987 16:00:00,37.7,37.88,37.28,37.7,2035900
9/18/1987 16:00:00,37.1,37.85,37.04,37.1,2265300
9/21/1987 16:00:00,35.94,37.37,35.76,35.94,2744800
9/22/1987 16:00:00,37.19,37.19,35.64,37.19,2916000
9/23/1987 16:00:00,36.83,37.25,36.51,36.83,2464500
9/24/1987 16:00:00,37.22,37.76,36.68,37.22,2066500
9/25/1987 16:00:00,37.25,37.4,37.01,37.25,1066300
9/28/1987 16:00:00,36.48,37.79,36.18,36.48,2264100
9/29/1987 16:00:00,35.94,36.71,35.7,35.94,2630500
9/30/1987 16:00:00,36,36.27,35.46,36,3073400
10/1/1987 16:00:00,36.92,36.95,36.06,36.92,1908400
10/2/1987 16:00:00,37.07,37.46,36.95,37.07,1868500
10/5/1987 16:00:00,37.37,37.55,36.89,37.37,1544300
10/6/1987 16:00:00,36.06,37.34,36.06,36.06,2044200
10/7/1987 16:00:00,36.48,36.54,35.82,36.48,2039500
10/8/1987 16:00:00,36.18,36.51,35.82,36.18,1838200
10/9/1987 16:00:00,35.19,36.21,35.1,35.19,2361000
10/12/1987 16:00:00,35.7,36.12,34.74,35.7,1872300
10/13/1987 16:00:00,35.52,36.18,34.62,35.52,3206000
10/14/1987 16:00:00,34.68,35.19,34.42,34.68,2922100
10/15/1987 16:00:00,33.46,34.8,33.43,33.46,3923900
10/16/1987 16:00:00,32.24,33.73,31.52,32.24,4665600
10/19/1987 16:00:00,24.66,32.95,23.88,24.66,6384300
10/20/1987 16:00:00,27.46,29.13,26.3,27.46,7033200
10/21/1987 16:00:00,29.31,29.97,28.65,29.31,5386800
10/22/1987 16:00:00,28.65,29.25,26.74,28.65,3985700
10/23/1987 16:00:00,28.83,29.31,28.18,28.83,2095600
10/26/1987 16:00:00,26.74,27.94,26.74,26.74,2495700
10/27/1987 16:00:00,28.18,28.33,27.46,28.18,2487000
10/28/1987 16:00:00,28.18,28.65,27.22,28.18,2734500
10/29/1987 16:00:00,28.71,29.37,28.24,28.71,2216000
10/30/1987 16:00:00,29.25,29.85,29.07,29.25,2265200
11/2/1987 16:00:00,29.73,29.82,28.89,29.73,1599000
11/3/1987 16:00:00,29.1,29.37,28.18,29.1,1932800
11/4/1987 16:00:00,28.8,29.25,28.54,28.8,1799100
11/5/1987 16:00:00,29.55,29.76,28.45,29.55,2139400
11/6/1987 16:00:00,28.54,29.73,28.42,28.54,1665700
11/9/1987 16:00:00,28.21,28.6,28.18,28.21,2001600
11/10/1987 16:00:00,28.12,28.54,27.49,28.12,1960000
11/11/1987 16:00:00,28.48,28.68,28.24,28.48,1282800
11/12/1987 16:00:00,29.19,29.49,28.92,29.19,2029600
11/13/1987 16:00:00,29.04,29.28,28.95,29.04,1449800
11/16/1987 16:00:00,28.65,29.43,28.12,28.65,1745600
11/17/1987 16:00:00,28.12,28.48,27.76,28.12,2064700
11/18/1987 16:00:00,28.27,28.54,27.76,28.27,1553000
11/19/1987 16:00:00,27.61,28.39,27.61,27.61,1663700
11/20/1987 16:00:00,28.12,28.15,27.4,28.12,2428400
11/23/1987 16:00:00,28.06,28.12,27.76,28.06,951600
11/24/1987 16:00:00,28.3,28.54,28.15,28.3,1598000
11/25/1987 16:00:00,28.09,28.39,28.03,28.09,1171100
11/27/1987 16:00:00,27.43,27.94,27.31,27.43,922500
11/30/1987 16:00:00,26.45,26.83,26.27,26.45,2802300
12/1/1987 16:00:00,26.57,26.95,26.51,26.57,1611700
12/2/1987 16:00:00,26.39,26.77,26.33,26.39,1347400
12/3/1987 16:00:00,25.43,26.48,25.43,25.43,2360900
12/4/1987 16:00:00,25.73,25.73,25.07,25.73,2137300
12/7/1987 16:00:00,26.15,26.15,25.73,26.15,1475100
12/8/1987 16:00:00,26.63,26.63,25.88,26.63,1549200
12/9/1987 16:00:00,27.22,27.4,26.51,27.22,2025400
12/10/1987 16:00:00,26.51,27.34,26.39,26.51,2390700
12/11/1987 16:00:00,26.3,26.66,26.09,26.3,1413800
12/14/1987 16:00:00,27.49,27.64,26.33,27.49,1697500
12/15/1987 16:00:00,27.7,27.94,27.28,27.7,2332400
12/16/1987 16:00:00,28.39,28.48,27.64,28.39,2233600
12/17/1987 16:00:00,27.58,28.54,27.46,27.58,1824700
12/18/1987 16:00:00,28,28.24,27.52,28,2798900
12/21/1987 16:00:00,28.24,28.54,27.91,28.24,1550200
12/22/1987 16:00:00,28.24,28.27,27.82,28.24,1217000
12/23/1987 16:00:00,28.54,28.74,28.36,28.54,1646500
12/24/1987 16:00:00,28.63,28.63,28.42,28.63,630300
12/28/1987 16:00:00,27.64,28.09,27.49,27.64,1086800
12/29/1987 16:00:00,27.7,27.85,27.58,27.7,681900
12/30/1987 16:00:00,27.94,28.12,27.79,27.94,1048800
12/31/1987 16:00:00,27.58,27.79,27.52,27.58,1165100
1/4/1988 16:00:00,28.83,28.95,27.88,28.83,1835100
1/5/1988 16:00:00,29.1,29.49,29.04,29.1,2172200
1/6/1988 16:00:00,29.34,29.43,28.95,29.34,1577100
1/7/1988 16:00:00,29.46,29.61,28.92,29.46,1430300
1/8/1988 16:00:00,27.43,29.55,27.43,27.43,2112000
1/11/1988 16:00:00,28.12,28.18,27.34,28.12,1785000
1/12/1988 16:00:00,27.52,28.12,27.04,27.52,2356000
1/13/1988 16:00:00,27.73,28.24,27.07,27.73,2174600
1/14/1988 16:00:00,27.67,28.03,27.34,27.67,1268800
1/15/1988 16:00:00,28.42,28.71,28.27,28.42,2801800
1/18/1988 16:00:00,28.12,28.6,27.94,28.12,1283100
1/19/1988 16:00:00,26.68,27.58,26.63,26.68,3689300
1/20/1988 16:00:00,26.36,26.6,25.94,26.36,4240800
1/21/1988 16:00:00,26.51,26.74,26.03,26.51,2502200
1/22/1988 16:00:00,26.39,26.68,26.18,26.39,1350700
1/25/1988 16:00:00,27.04,27.04,26.39,27.04,1687200
1/26/1988 16:00:00,26.71,27.1,26.63,26.71,1137900
1/27/1988 16:00:00,26.92,27.4,26.63,26.92,2003800
1/28/1988 16:00:00,27.16,27.34,26.98,27.16,1229400
1/29/1988 16:00:00,26.83,27.31,26.39,26.83,1710000
2/1/1988 16:00:00,26.27,27.1,26.27,26.27,1878400
2/2/1988 16:00:00,26.24,26.42,26.06,26.24,2400700
2/3/1988 16:00:00,26.03,26.68,25.85,26.03,2724400
2/4/1988 16:00:00,25.94,26.09,25.67,25.94,1842400
2/5/1988 16:00:00,25.79,26.15,25.73,25.79,1154700
2/8/1988 16:00:00,25.73,25.88,25.52,25.73,1835200
2/9/1988 16:00:00,26.06,26.09,25.61,26.06,1443900
2/10/1988 16:00:00,26.66,26.68,26.15,26.66,2137000
2/11/1988 16:00:00,26.57,26.83,26.39,26.57,1483400
2/12/1988 16:00:00,26.74,26.95,26.51,26.74,1316000
2/16/1988 16:00:00,27.16,27.16,26.86,27.16,1438400
2/17/1988 16:00:00,26.92,27.28,26.74,26.92,1854700
2/18/1988 16:00:00,26.86,27.16,26.77,26.86,1494100
2/19/1988 16:00:00,27.07,27.07,26.77,27.07,1429500
2/22/1988 16:00:00,27.52,27.61,27.01,27.52,1886400
2/23/1988 16:00:00,27.55,27.67,27.31,27.55,1852500
2/24/1988 16:00:00,27.73,27.88,27.4,27.73,1719400
2/25/1988 16:00:00,27.34,28.15,27.25,27.34,2379000
2/26/1988 16:00:00,27.64,27.64,27.25,27.64,1308600
2/29/1988 16:00:00,28.06,28.12,27.4,28.06,1427100
3/1/1988 16:00:00,27.94,28.27,27.76,27.94,1972800
3/2/1988 16:00:00,28,28.27,27.91,28,1461200
3/3/1988 16:00:00,27.82,28,27.64,27.82,1085700
3/4/1988 16:00:00,27.91,28.06,27.52,27.91,1250500
3/7/1988 16:00:00,28,28.06,27.73,28,890200
3/8/1988 16:00:00,28.09,28.33,28,28.09,1462200
3/9/1988 16:00:00,27.85,28.12,27.76,27.85,1120800
3/10/1988 16:00:00,27.16,27.82,27.13,27.16,1440200
3/11/1988 16:00:00,27.58,27.58,26.83,27.58,1798300
3/14/1988 16:00:00,27.58,27.64,27.34,27.58,990200
3/15/1988 16:00:00,27.22,27.55,27.13,27.22,1339200
3/16/1988 16:00:00,27.52,27.55,27.07,27.52,1128400
3/17/1988 16:00:00,27.43,27.58,27.16,27.43,1777600
3/18/1988 16:00:00,27.28,27.37,27.04,27.28,2149500
3/21/1988 16:00:00,27.16,27.22,26.92,27.16,1078200
3/22/1988 16:00:00,27.01,27.28,27.01,27.01,923100
3/23/1988 16:00:00,26.66,27.07,26.57,26.66,1341500
3/24/1988 16:00:00,26.21,26.39,26.12,26.21,1785000
3/25/1988 16:00:00,25.55,26.36,25.43,25.55,1882300
3/28/1988 16:00:00,25.82,25.88,24.89,25.82,2186600
3/29/1988 16:00:00,25.28,25.97,25.28,25.28,1899100
3/30/1988 16:00:00,25.1,25.46,25.01,25.1,2135000
3/31/1988 16:00:00,25.7,25.91,24.95,25.7,1752000
4/4/1988 16:00:00,25.67,26.03,25.49,25.67,1497600
4/5/1988 16:00:00,25.67,25.85,25.22,25.67,1531800
4/6/1988 16:00:00,26.18,26.21,25.25,26.18,1879100
4/7/1988 16:00:00,26.09,26.33,25.82,26.09,1566200
4/8/1988 16:00:00,26.66,26.89,26.12,26.66,1742800
4/11/1988 16:00:00,27.07,27.13,26.71,27.07,1498400
4/12/1988 16:00:00,27.13,27.25,27.04,27.13,1337800
4/13/1988 16:00:00,27.73,27.82,27.28,27.73,2583900
4/14/1988 16:00:00,26.6,27.64,26.57,26.6,2851800
4/15/1988 16:00:00,27.25,27.31,26.51,27.25,2796200
4/18/1988 16:00:00,27.22,27.34,27.04,27.22,1390000
4/19/1988 16:00:00,27.01,27.7,26.98,27.01,1749300
4/20/1988 16:00:00,26.95,27.19,26.74,26.95,1668500
4/21/1988 16:00:00,26.83,27.25,26.63,26.83,1930600
4/22/1988 16:00:00,27.16,27.28,26.83,27.16,1100000
4/25/1988 16:00:00,27.19,27.37,27.1,27.19,1205800
4/26/1988 16:00:00,27.28,27.4,27.07,27.28,1313600
4/27/1988 16:00:00,27.22,27.34,27.01,27.22,945100
4/28/1988 16:00:00,27.01,27.1,26.89,27.01,801900
4/29/1988 16:00:00,27.07,27.16,26.89,27.07,766600
5/2/1988 16:00:00,27.25,27.31,27.01,27.25,1044900
5/3/1988 16:00:00,27.37,27.49,27.04,27.37,852800
5/4/1988 16:00:00,27.04,27.4,27.04,27.04,1184600
5/5/1988 16:00:00,26.57,26.66,26.48,26.57,1168900
5/6/1988 16:00:00,26.39,26.71,26.3,26.39,766900
5/9/1988 16:00:00,26.39,26.48,26.24,26.39,798000
5/10/1988 16:00:00,26.48,26.63,26.27,26.48,924700
5/11/1988 16:00:00,25.97,26.24,25.88,25.97,1598300
5/12/1988 16:00:00,25.97,26.12,25.94,25.97,809800
5/13/1988 16:00:00,26.36,26.36,26.06,26.36,763500
5/16/1988 16:00:00,26.66,26.68,26.24,26.66,725300
5/17/1988 16:00:00,26.3,26.92,26.27,26.3,1273200
5/18/1988 16:00:00,26,26.42,25.91,26,1220500
5/19/1988 16:00:00,26.39,26.42,25.94,26.39,1516700
5/20/1988 16:00:00,26.15,26.45,26.12,26.15,1010400
5/23/1988 16:00:00,25.97,26.24,25.82,25.97,911900
5/24/1988 16:00:00,26.09,26.15,25.94,26.09,900900
5/25/1988 16:00:00,25.91,26.21,25.91,25.91,1019800
5/26/1988 16:00:00,25.85,26.09,25.82,25.85,806800
5/27/1988 16:00:00,25.79,25.88,25.67,25.79,527000
5/31/1988 16:00:00,26.86,26.98,25.82,26.86,1212400
6/1/1988 16:00:00,27.01,27.34,26.83,27.01,2176800
6/2/1988 16:00:00,26.89,27.13,26.68,26.89,1096500
6/3/1988 16:00:00,27.04,27.19,26.74,27.04,836300
6/6/1988 16:00:00,27.31,27.31,26.98,27.31,1066200
6/7/1988 16:00:00,27.16,27.52,27.13,27.16,1731900
6/8/1988 16:00:00,27.85,27.91,27.22,27.85,2111900
6/9/1988 16:00:00,27.55,27.97,27.52,27.55,1637200
6/10/1988 16:00:00,27.7,28.03,27.58,27.7,1285600
6/13/1988 16:00:00,27.94,28.03,27.64,27.94,1028900
6/14/1988 16:00:00,28.36,28.6,28.24,28.36,2390400
6/15/1988 16:00:00,28.39,28.57,28.3,28.39,1368900
6/16/1988 16:00:00,27.97,28.27,27.97,27.97,1191700
6/17/1988 16:00:00,28.06,28.06,27.64,28.06,2294700
6/20/1988 16:00:00,27.97,28.09,27.85,27.97,936500
6/21/1988 16:00:00,28.71,28.74,28.06,28.71,2113600
6/22/1988 16:00:00,29.37,29.52,29.28,29.37,4090000
6/23/1988 16:00:00,30.03,30.06,29.31,30.03,2924000
6/24/1988 16:00:00,29.88,30.15,29.79,29.88,1686700
6/27/1988 16:00:00,29.85,30.15,29.79,29.85,1696700
6/28/1988 16:00:00,30.33,30.51,29.85,30.33,1838600
6/29/1988 16:00:00,30.33,30.65,30.18,30.33,2155900
6/30/1988 16:00:00,30.42,30.51,30.27,30.42,1584100
7/1/1988 16:00:00,30.24,30.51,30.03,30.24,1062400
7/5/1988 16:00:00,30.86,30.86,30.09,30.86,1337300
7/6/1988 16:00:00,30.3,30.92,30.09,30.3,2029300
7/7/1988 16:00:00,30.48,30.54,30.18,30.48,2065700
7/8/1988 16:00:00,30.18,30.62,30.15,30.18,1449400
7/11/1988 16:00:00,30.27,30.42,30.18,30.27,758400
7/12/1988 16:00:00,29.91,30.42,29.7,29.91,1646400
7/13/1988 16:00:00,29.91,30,29.49,29.91,1681900
7/14/1988 16:00:00,29.79,30.03,29.76,29.79,1287700
7/15/1988 16:00:00,29.97,30.15,29.85,29.97,1972700
7/18/1988 16:00:00,29.88,30.15,29.82,29.88,1723000
7/19/1988 16:00:00,29.61,29.94,29.4,29.61,1503500
7/20/1988 16:00:00,29.61,29.79,29.46,29.61,1214200
7/21/1988 16:00:00,29.07,29.52,29.01,29.07,1193200
7/22/1988 16:00:00,28.68,29.04,28.65,28.68,1818700
7/25/1988 16:00:00,29.22,29.22,28.71,29.22,1132600
7/26/1988 16:00:00,29.28,29.46,29.22,29.28,1308000
7/27/1988 16:00:00,28.92,29.4,28.83,28.92,1292600
7/28/1988 16:00:00,29.55,29.58,28.95,29.55,1211900
7/29/1988 16:00:00,30.03,30.15,29.67,30.03,1833800
8/1/1988 16:00:00,30.15,30.21,29.94,30.15,1086100
8/2/1988 16:00:00,30.03,30.3,29.76,30.03,1338400
8/3/1988 16:00:00,30.03,30.21,29.97,30.03,1921400
8/4/1988 16:00:00,29.67,29.97,29.61,29.67,1113800
8/5/1988 16:00:00,29.58,29.67,29.49,29.58,721000
8/8/1988 16:00:00,29.4,29.7,29.4,29.4,647000
8/9/1988 16:00:00,29.04,29.52,29.04,29.04,1626500
8/10/1988 16:00:00,28.39,29.04,28.39,28.39,2036500
8/11/1988 16:00:00,28.42,28.57,28.03,28.42,1903000
8/12/1988 16:00:00,28.18,28.36,28.15,28.18,935500
8/15/1988 16:00:00,27.49,28.15,27.46,27.49,1664000
8/16/1988 16:00:00,27.64,27.88,27.37,27.64,2204000
8/17/1988 16:00:00,27.37,27.79,27.16,27.37,1467700
8/18/1988 16:00:00,27.37,27.58,27.25,27.37,908400
8/19/1988 16:00:00,26.92,27.46,26.86,26.92,1319900
8/22/1988 16:00:00,26.45,27.01,26.45,26.45,1119800
8/23/1988 16:00:00,26.48,26.68,26.36,26.48,1193700
8/24/1988 16:00:00,26.92,26.95,26.57,26.92,1318200
8/25/1988 16:00:00,26.66,26.77,26.45,26.66,1230300
8/26/1988 16:00:00,26.8,26.92,26.63,26.8,769000
8/29/1988 16:00:00,27.07,27.22,26.92,27.07,867400
8/30/1988 16:00:00,26.95,27.16,26.89,26.95,896800
8/31/1988 16:00:00,26.63,27.1,26.45,26.63,932200
9/1/1988 16:00:00,26.33,26.54,26.15,26.33,1488100
9/2/1988 16:00:00,27.22,27.4,26.66,27.22,1564500
9/6/1988 16:00:00,26.95,27.19,26.83,26.95,958200
9/7/1988 16:00:00,26.68,27.04,26.66,26.68,919500
9/8/1988 16:00:00,26.77,27.01,26.6,26.77,1048200
9/9/1988 16:00:00,27.31,27.52,26.57,27.31,1972000
9/12/1988 16:00:00,27.13,27.55,27.07,27.13,1306000
9/13/1988 16:00:00,27.46,27.46,26.86,27.46,1317500
9/14/1988 16:00:00,27.37,27.67,27.1,27.37,1839700
9/15/1988 16:00:00,27.16,27.55,27.16,27.16,897000
9/16/1988 16:00:00,27.28,27.46,27.07,27.28,2360300
9/19/1988 16:00:00,26.92,27.25,26.68,26.92,1549500
9/20/1988 16:00:00,26.92,27.07,26.83,26.92,732300
9/21/1988 16:00:00,27.04,27.13,26.86,27.04,673900
9/22/1988 16:00:00,26.74,27.19,26.74,26.74,1275600
9/23/1988 16:00:00,26.95,27.07,26.68,26.95,900900
9/26/1988 16:00:00,26.8,27.13,26.8,26.8,851300
9/27/1988 16:00:00,27.04,27.13,26.6,27.04,1204900
9/28/1988 16:00:00,27.19,27.25,26.98,27.19,995800
9/29/1988 16:00:00,27.55,27.58,27.16,27.55,1357400
9/30/1988 16:00:00,27.55,27.82,27.4,27.55,1619300
10/3/1988 16:00:00,27.43,27.52,27.22,27.43,1043000
10/4/1988 16:00:00,27.34,27.55,27.31,27.34,835000
10/5/1988 16:00:00,27.19,27.31,26.92,27.19,1131100
10/6/1988 16:00:00,27.22,27.25,27.07,27.22,778300
10/7/1988 16:00:00,27.7,27.76,27.4,27.7,1973100
10/10/1988 16:00:00,27.73,27.82,27.58,27.73,836500
10/11/1988 16:00:00,28.36,28.36,27.73,28.36,1604300
10/12/1988 16:00:00,28.06,28.3,28.06,28.06,1816100
10/13/1988 16:00:00,28.33,28.6,28.12,28.33,1524900
10/14/1988 16:00:00,28.6,28.71,28.51,28.6,2245000
10/17/1988 16:00:00,28.92,29.1,28.51,28.92,1092000
10/18/1988 16:00:00,29.7,29.7,28.92,29.7,1769800
10/19/1988 16:00:00,29.22,29.79,28.77,29.22,2245600
10/20/1988 16:00:00,29.82,29.82,29.22,29.82,1706700
10/21/1988 16:00:00,29.7,29.76,29.52,29.7,1934200
10/24/1988 16:00:00,29.4,29.76,29.4,29.4,1023300
10/25/1988 16:00:00,29.34,29.49,29.19,29.34,1028000
10/26/1988 16:00:00,29.04,29.25,29.01,29.04,914300
10/27/1988 16:00:00,28.71,28.95,28.54,28.71,1349200
10/28/1988 16:00:00,28.83,28.95,28.74,28.83,952200
10/31/1988 16:00:00,29.28,29.34,28.71,29.28,1266700
11/1/1988 16:00:00,29.61,29.7,29.25,29.61,1277400
11/2/1988 16:00:00,29.34,29.58,29.07,29.34,1024000
11/3/1988 16:00:00,29.19,29.34,29.16,29.19,899900
11/4/1988 16:00:00,28.71,28.98,28.71,28.71,1716800
11/7/1988 16:00:00,28.45,28.68,28.33,28.45,1439200
11/8/1988 16:00:00,28.6,28.8,28.51,28.6,1116600
11/9/1988 16:00:00,28.63,28.65,28.3,28.63,1391100
11/10/1988 16:00:00,28.6,28.74,28.57,28.6,1128500
11/11/1988 16:00:00,27.85,28.48,27.79,27.85,1385200
11/14/1988 16:00:00,27.97,28.06,27.79,27.97,1327900
11/15/1988 16:00:00,28.06,28.21,27.94,28.06,1022000
11/16/1988 16:00:00,27.58,28.06,27.34,27.58,1856500
11/17/1988 16:00:00,27.58,27.7,27.43,27.58,1236300
11/18/1988 16:00:00,27.64,27.73,27.55,27.64,1140500
11/21/1988 16:00:00,27.61,27.61,27.25,27.61,1014400
11/22/1988 16:00:00,27.94,28,27.55,27.94,1025800
11/23/1988 16:00:00,28.18,28.3,27.94,28.18,780600
11/25/1988 16:00:00,27.7,27.88,27.7,27.7,661000
11/28/1988 16:00:00,28.39,28.6,27.76,28.39,1492600
11/29/1988 16:00:00,28.51,28.6,28.09,28.51,1695200
11/30/1988 16:00:00,28.3,28.6,28.24,28.3,1270900
12/1/1988 16:00:00,28.24,28.36,28.12,28.24,897700
12/2/1988 16:00:00,28.48,28.51,28.09,28.48,1357800
12/5/1988 16:00:00,28.86,29.04,28.54,28.86,1379500
12/6/1988 16:00:00,29.16,29.16,28.77,29.16,1268500
12/7/1988 16:00:00,28.89,29.31,28.86,28.89,1404800
12/8/1988 16:00:00,28.51,28.98,28.51,28.51,909600
12/9/1988 16:00:00,28.74,28.83,28.57,28.74,1128200
12/12/1988 16:00:00,28.77,29.1,28.68,28.77,895800
12/13/1988 16:00:00,28.83,28.83,28.54,28.83,959600
12/14/1988 16:00:00,28.77,29.07,28.71,28.77,1195800
12/15/1988 16:00:00,28.89,29.04,28.71,28.89,925400
12/16/1988 16:00:00,28.95,29.1,28.92,28.95,2007100
12/19/1988 16:00:00,29.31,29.43,28.92,29.31,1422000
12/20/1988 16:00:00,29.43,29.64,29.37,29.43,2105600
12/21/1988 16:00:00,29.37,29.52,29.31,29.37,1207400
12/22/1988 16:00:00,29.25,29.43,29.22,29.25,797000
12/23/1988 16:00:00,29.46,29.49,29.31,29.46,462900
12/27/1988 16:00:00,29.4,29.58,29.28,29.4,575000
12/28/1988 16:00:00,29.25,29.4,29.1,29.25,583200
12/29/1988 16:00:00,29.43,29.61,29.25,29.43,771300
12/30/1988 16:00:00,29.1,29.52,29.04,29.1,591400
1/3/1989 16:00:00,28.89,29.19,28.8,28.89,1454600
1/4/1989 16:00:00,29.25,29.28,28.95,29.25,1272400
1/5/1989 16:00:00,29.19,29.4,29.13,29.19,1444600
1/6/1989 16:00:00,29.1,29.31,28.98,29.1,1276000
1/9/1989 16:00:00,29.13,29.22,29.01,29.13,1151100
1/10/1989 16:00:00,28.92,29.25,28.86,28.92,1073700
1/11/1989 16:00:00,29.19,29.19,28.83,29.19,957600
1/12/1989 16:00:00,29.4,29.64,29.19,29.4,1981900
1/13/1989 16:00:00,29.46,29.55,29.22,29.46,1169500
1/16/1989 16:00:00,29.67,29.88,29.46,29.67,1249000
1/17/1989 16:00:00,29.58,29.73,29.49,29.58,1177700
1/18/1989 16:00:00,29.85,29.85,29.16,29.85,1970600
1/19/1989 16:00:00,29.67,29.94,29.55,29.67,1745600
1/20/1989 16:00:00,29.52,29.7,29.49,29.52,1016300
1/23/1989 16:00:00,29.22,29.64,29.16,29.22,956900
1/24/1989 16:00:00,29.67,29.76,29.16,29.67,1392500
1/25/1989 16:00:00,29.43,29.7,29.37,29.43,1417200
1/26/1989 16:00:00,30.09,30.33,29.4,30.09,2560900
1/27/1989 16:00:00,30.3,30.54,30.18,30.3,2975500
1/30/1989 16:00:00,30.74,30.86,30.39,30.74,2060400
1/31/1989 16:00:00,31.19,31.25,30.42,31.19,2378400
2/1/1989 16:00:00,30.95,31.25,30.86,30.95,2168400
2/2/1989 16:00:00,30.65,31.01,30.54,30.65,1697300
2/3/1989 16:00:00,30.51,30.77,30.3,30.51,1553600
2/6/1989 16:00:00,30.24,30.54,30.15,30.24,1200900
2/7/1989 16:00:00,30.48,30.71,30.15,30.48,1546800
2/8/1989 16:00:00,30.33,30.65,30.3,30.33,1528800
2/9/1989 16:00:00,30.18,30.45,30.09,30.18,1586000
2/10/1989 16:00:00,29.85,30.24,29.85,29.85,1925600
2/13/1989 16:00:00,30.09,30.15,29.79,30.09,1358200
2/14/1989 16:00:00,29.79,30.27,29.79,29.79,1115600
2/15/1989 16:00:00,30.33,30.36,29.82,30.33,1607200
2/16/1989 16:00:00,30.06,30.3,29.85,30.06,1271600
2/17/1989 16:00:00,29.91,30.24,29.91,29.91,1336700
2/21/1989 16:00:00,29.97,30.09,29.85,29.97,1100300
2/22/1989 16:00:00,29.46,29.97,29.43,29.46,1352000
2/23/1989 16:00:00,29.46,29.52,29.28,29.46,1567200
2/24/1989 16:00:00,28.92,29.49,28.92,28.92,1747900
2/27/1989 16:00:00,29.04,29.1,28.8,29.04,1763600
2/28/1989 16:00:00,29.01,29.19,28.98,29.01,1221400
3/1/1989 16:00:00,28.63,29.22,28.45,28.63,1499600
3/2/1989 16:00:00,28.77,28.86,28.6,28.77,1338000
3/3/1989 16:00:00,28.86,28.89,28.68,28.86,946600
3/6/1989 16:00:00,29.01,29.04,28.8,29.01,1327800
3/7/1989 16:00:00,28.63,28.92,28.51,28.63,1876800
3/8/1989 16:00:00,28.57,28.8,28.54,28.57,1346800
3/9/1989 16:00:00,28.33,28.63,28.21,28.33,1412900
3/10/1989 16:00:00,28.24,28.3,27.97,28.24,1786100
3/13/1989 16:00:00,28.39,28.57,28.21,28.39,1427600
3/14/1989 16:00:00,28.15,28.51,28.09,28.15,1169900
3/15/1989 16:00:00,27.94,28.36,27.94,27.94,1651500
3/16/1989 16:00:00,28.21,28.36,28,28.21,2266900
3/17/1989 16:00:00,26.86,27.82,26.6,26.86,4686100
3/20/1989 16:00:00,26.15,26.6,26.03,26.15,3978600
3/21/1989 16:00:00,26.3,26.39,26.21,26.3,3456300
3/22/1989 16:00:00,26.09,26.12,25.7,26.09,2594700
3/23/1989 16:00:00,26.18,26.33,25.91,26.18,2015500
3/27/1989 16:00:00,26.3,26.36,26.03,26.3,1363800
3/28/1989 16:00:00,26.27,26.48,26.12,26.27,1247400
3/29/1989 16:00:00,26.18,26.36,26.06,26.18,1224600
3/30/1989 16:00:00,25.97,26.21,25.85,25.97,1652400
3/31/1989 16:00:00,26.06,26.15,26.03,26.06,1119700
4/3/1989 16:00:00,25.91,26.15,25.91,25.91,1281000
4/4/1989 16:00:00,25.58,25.91,25.37,25.58,2336700
4/5/1989 16:00:00,25.73,25.79,25.58,25.73,1452000
4/6/1989 16:00:00,25.79,25.85,25.58,25.79,1002400
4/7/1989 16:00:00,26.21,26.33,25.73,26.21,1606700
4/10/1989 16:00:00,26.27,26.33,26.15,26.27,844500
4/11/1989 16:00:00,26.54,26.6,26.27,26.54,1186900
4/12/1989 16:00:00,26.54,26.8,26.48,26.54,1009400
4/13/1989 16:00:00,26.09,26.51,26,26.09,956700
4/14/1989 16:00:00,26.48,26.74,26.39,26.48,1790200
4/17/1989 16:00:00,26.6,26.68,26.45,26.6,912200
4/18/1989 16:00:00,26.98,27.01,26.77,26.98,1557400
4/19/1989 16:00:00,26.83,27.01,26.77,26.83,1455100
4/20/1989 16:00:00,26.83,26.95,26.51,26.83,1232900
4/21/1989 16:00:00,27.1,27.1,26.77,27.1,1539400
4/24/1989 16:00:00,27.1,27.31,27.01,27.1,1444300
4/25/1989 16:00:00,27.34,27.49,27.07,27.34,2005300
4/26/1989 16:00:00,27.34,27.4,27.1,27.34,1301600
4/27/1989 16:00:00,27.37,27.64,27.28,27.37,1858400
4/28/1989 16:00:00,27.25,27.37,27.22,27.25,1109500
5/1/1989 16:00:00,27.07,27.13,26.95,27.07,1178300
5/2/1989 16:00:00,26.83,27.16,26.83,26.83,936000
5/3/1989 16:00:00,26.63,26.86,26.63,26.63,1432200
5/4/1989 16:00:00,26.42,26.54,26.33,26.42,984000
5/5/1989 16:00:00,26.12,26.6,26.06,26.12,1444300
5/8/1989 16:00:00,26.15,26.21,25.94,26.15,1322000
5/9/1989 16:00:00,26.21,26.3,26.06,26.21,1522400
5/10/1989 16:00:00,26.18,26.33,26.18,26.18,1289400
5/11/1989 16:00:00,26.06,26.24,26.03,26.06,1192600
5/12/1989 16:00:00,26.45,26.57,26.33,26.45,1720900
5/15/1989 16:00:00,26.92,26.95,26.42,26.92,2010200
5/16/1989 16:00:00,26.6,27.01,26.57,26.6,2003800
5/17/1989 16:00:00,26.63,26.71,26.33,26.63,1789500
5/18/1989 16:00:00,26.74,26.86,26.42,26.74,1743000
5/19/1989 16:00:00,26.54,26.86,26.48,26.54,2866300
5/22/1989 16:00:00,26.24,26.71,26.09,26.24,1932000
5/23/1989 16:00:00,26.15,26.24,26.06,26.15,2007600
5/24/1989 16:00:00,26.21,26.3,26.12,26.21,1681000
5/25/1989 16:00:00,26.18,26.33,26.15,26.18,979800
5/26/1989 16:00:00,26.15,26.27,26.09,26.15,841600
5/30/1989 16:00:00,25.85,26.21,25.67,25.85,1633100
5/31/1989 16:00:00,26.18,26.3,25.76,26.18,1736100
6/1/1989 16:00:00,26.27,26.45,26.15,26.27,1401400
6/2/1989 16:00:00,26.3,26.48,26.18,26.3,1615200
6/5/1989 16:00:00,26.03,26.3,25.97,26.03,1269700
6/6/1989 16:00:00,26.18,26.21,25.94,26.18,1771100
6/7/1989 16:00:00,26.15,26.36,26.06,26.15,1142300
6/8/1989 16:00:00,26.09,26.18,25.97,26.09,1271500
6/9/1989 16:00:00,25.88,26.15,25.88,25.88,1391800
6/12/1989 16:00:00,26,26.03,25.67,26,1918800
6/13/1989 16:00:00,26.51,26.66,25.91,26.51,2324000
6/14/1989 16:00:00,26.36,26.63,26.18,26.36,1195200
6/15/1989 16:00:00,26.12,26.39,25.91,26.12,1569100
6/16/1989 16:00:00,26.15,26.18,25.88,26.15,2725300
6/19/1989 16:00:00,26.36,26.39,26.18,26.36,1234400
6/20/1989 16:00:00,26.15,26.57,26.12,26.15,1180500
6/21/1989 16:00:00,26.21,26.36,26.12,26.21,1284100
6/22/1989 16:00:00,26.06,26.24,25.91,26.06,1542100
6/23/1989 16:00:00,26.48,26.54,26.18,26.48,2127900
6/26/1989 16:00:00,26.74,26.92,26.48,26.74,1709100
6/27/1989 16:00:00,27.31,27.34,26.83,27.31,2429300
6/28/1989 16:00:00,27.19,27.49,27.01,27.19,1694200
6/29/1989 16:00:00,26.63,27.04,26.57,26.63,1609500
6/30/1989 16:00:00,26.71,26.77,26.18,26.71,1824700
7/3/1989 16:00:00,26.8,26.86,26.68,26.8,612800
7/5/1989 16:00:00,26.74,26.92,26.57,26.74,1031100
7/6/1989 16:00:00,26.66,26.83,26.6,26.66,839300
7/7/1989 16:00:00,26.77,26.92,26.57,26.77,1215800
7/10/1989 16:00:00,27.37,27.46,26.8,27.37,1752100
7/11/1989 16:00:00,27.19,27.67,27.13,27.19,1742500
7/12/1989 16:00:00,27.4,27.49,27.07,27.4,1153400
7/13/1989 16:00:00,27.43,27.52,27.28,27.43,1168600
7/14/1989 16:00:00,27.4,27.46,27.13,27.4,1448300
7/17/1989 16:00:00,27.7,27.82,27.34,27.7,1421200
7/18/1989 16:00:00,27.4,27.88,27.34,27.4,1512600
7/19/1989 16:00:00,27.31,27.58,27.25,27.31,1369600
7/20/1989 16:00:00,26.92,27.37,26.92,26.92,1263800
7/21/1989 16:00:00,27.25,27.31,26.86,27.25,1652700
7/24/1989 16:00:00,27.1,27.25,27.07,27.1,947400
7/25/1989 16:00:00,26.92,27.31,26.86,26.92,1100100
7/26/1989 16:00:00,26.86,26.89,26.42,26.86,2195900
7/27/1989 16:00:00,26.98,26.98,26.71,26.98,1558100
7/28/1989 16:00:00,27.07,27.28,27.01,27.07,1187700
7/31/1989 16:00:00,27.46,27.52,27.13,27.46,1365300
8/1/1989 16:00:00,27.37,27.82,27.34,27.37,1992000
8/2/1989 16:00:00,27.22,27.46,27.13,27.22,1582100
8/3/1989 16:00:00,27.16,27.22,26.89,27.16,2225000
8/4/1989 16:00:00,27.58,27.64,27.04,27.58,2406400
8/7/1989 16:00:00,28.03,28.09,27.64,28.03,2209500
8/8/1989 16:00:00,28.24,28.51,28.12,28.24,2648200
8/9/1989 16:00:00,27.97,28.45,27.97,27.97,1619800
8/10/1989 16:00:00,28.06,28.24,27.73,28.06,1385500
8/11/1989 16:00:00,27.58,28.24,27.43,27.58,1791300
8/14/1989 16:00:00,27.73,27.82,27.4,27.73,1485600
8/15/1989 16:00:00,27.76,27.82,27.55,27.76,1102400
8/16/1989 16:00:00,27.58,27.79,27.49,27.58,1024400
8/17/1989 16:00:00,27.4,27.64,27.31,27.4,1092700
8/18/1989 16:00:00,27.49,27.58,27.4,27.49,1310700
8/21/1989 16:00:00,26.98,27.55,26.98,26.98,1228500
8/22/1989 16:00:00,27.13,27.19,26.86,27.13,1576000
8/23/1989 16:00:00,27.22,27.25,26.92,27.22,1014400
8/24/1989 16:00:00,27.7,27.73,27.04,27.7,2561100
8/25/1989 16:00:00,27.73,27.82,27.61,27.73,1397600
8/28/1989 16:00:00,28.18,28.21,27.55,28.18,1681600
8/29/1989 16:00:00,27.79,28.27,27.7,27.79,1333800
8/30/1989 16:00:00,27.91,28.06,27.73,27.91,1509800
8/31/1989 16:00:00,27.97,28.09,27.91,27.97,939000
9/1/1989 16:00:00,28.03,28.24,27.91,28.03,1049800
9/5/1989 16:00:00,28.12,28.36,28.03,28.12,1708300
9/6/1989 16:00:00,27.88,28.09,27.7,27.88,1105600
9/7/1989 16:00:00,27.76,27.94,27.67,27.76,1141200
9/8/1989 16:00:00,27.7,27.79,27.46,27.7,1173400
9/11/1989 16:00:00,27.76,27.79,27.55,27.76,946600
9/12/1989 16:00:00,27.91,28,27.73,27.91,1079200
9/13/1989 16:00:00,27.55,28.06,27.55,27.55,1667000
9/14/1989 16:00:00,27.64,27.67,27.46,27.64,1069500
9/15/1989 16:00:00,27.58,27.76,27.49,27.58,2053800
9/18/1989 16:00:00,27.73,27.73,27.55,27.73,899400
9/19/1989 16:00:00,27.7,27.82,27.7,27.7,1038000
9/20/1989 16:00:00,27.7,27.79,27.64,27.7,964400
9/21/1989 16:00:00,27.73,28,27.7,27.73,1193500
9/22/1989 16:00:00,27.82,27.91,27.73,27.82,727000
9/25/1989 16:00:00,27.76,28.15,27.73,27.76,1140500
9/26/1989 16:00:00,28.06,28.12,27.85,28.06,1369700
9/27/1989 16:00:00,26.63,26.86,26.51,26.63,5656500
9/28/1989 16:00:00,26.03,26.57,25.73,26.03,3925700
9/29/1989 16:00:00,26.09,26.12,25.94,26.09,2171500
10/2/1989 16:00:00,25.94,26.21,25.88,25.94,1544900
10/3/1989 16:00:00,25.31,25.85,25.22,25.31,2969800
10/4/1989 16:00:00,25.85,25.85,25.31,25.85,3042500
10/5/1989 16:00:00,25.67,26.06,25.55,25.67,1740500
10/6/1989 16:00:00,25.67,25.82,25.58,25.67,1390700
10/9/1989 16:00:00,26.09,26.09,25.73,26.09,793000
10/10/1989 16:00:00,25.85,26.12,25.76,25.85,1064500
10/11/1989 16:00:00,25.73,25.85,25.67,25.73,1174100
10/12/1989 16:00:00,25.7,25.73,25.61,25.7,1042600
10/13/1989 16:00:00,24.36,25.79,23.85,24.36,2443700
10/16/1989 16:00:00,24.6,25.73,23.34,24.6,5362700
10/17/1989 16:00:00,24.42,24.57,24,24.42,2907100
10/18/1989 16:00:00,24.3,24.6,24.24,24.3,1563300
10/19/1989 16:00:00,24.86,25.16,24.63,24.86,2224100
10/20/1989 16:00:00,24.89,24.98,24.71,24.89,1931600
10/23/1989 16:00:00,24.71,25.01,24.69,24.71,1450000
10/24/1989 16:00:00,24.6,24.74,24.12,24.6,2020500
10/25/1989 16:00:00,24.33,24.54,24.3,24.33,1094300
10/26/1989 16:00:00,24.06,24.3,24,24.06,1705900
10/27/1989 16:00:00,23.85,24.09,23.76,23.85,2082100
10/30/1989 16:00:00,23.76,24.06,23.73,23.76,1185400
10/31/1989 16:00:00,23.94,24.03,23.85,23.94,1759000
11/1/1989 16:00:00,23.88,23.97,23.79,23.88,1806100
11/2/1989 16:00:00,23.37,23.79,23.1,23.37,2694500
11/3/1989 16:00:00,23.52,23.61,23.37,23.52,1120400
11/6/1989 16:00:00,23.07,23.43,23.04,23.07,2004600
11/7/1989 16:00:00,23.25,23.34,22.98,23.25,1499100
11/8/1989 16:00:00,23.1,23.4,23.1,23.1,1578800
11/9/1989 16:00:00,23.25,23.28,23.04,23.25,1527900
11/10/1989 16:00:00,23.43,23.55,23.31,23.43,1327600
11/13/1989 16:00:00,23.46,23.61,23.34,23.46,1428400
11/14/1989 16:00:00,23.4,23.7,23.34,23.4,1689900
11/15/1989 16:00:00,23.37,23.52,23.19,23.37,1305300
11/16/1989 16:00:00,23.19,23.46,22.92,23.19,1811300
11/17/1989 16:00:00,23.67,23.82,23.1,23.67,2277300
11/20/1989 16:00:00,23.58,23.73,23.4,23.58,1249700
11/21/1989 16:00:00,23.76,23.82,23.52,23.76,1127900
11/22/1989 16:00:00,23.91,24,23.73,23.91,1129400
11/24/1989 16:00:00,23.97,24.06,23.94,23.97,638800
11/27/1989 16:00:00,23.73,24.06,23.46,23.73,1245400
11/28/1989 16:00:00,23.61,23.73,23.52,23.61,1157600
11/29/1989 16:00:00,23.34,23.55,23.28,23.34,956500
11/30/1989 16:00:00,23.31,23.43,23.13,23.31,1001300
12/1/1989 16:00:00,23.19,23.43,23.13,23.19,1434200
12/4/1989 16:00:00,23.7,23.76,23.25,23.7,2026900
12/5/1989 16:00:00,23.79,24.33,23.79,23.79,2216700
12/6/1989 16:00:00,23.55,23.7,23.52,23.55,1333800
12/7/1989 16:00:00,23.4,23.7,23.31,23.4,1381200
12/8/1989 16:00:00,23.13,23.43,23.04,23.13,1227700
12/11/1989 16:00:00,22.95,23.1,22.8,22.95,1737200
12/12/1989 16:00:00,23.16,23.16,22.83,23.16,2102100
12/13/1989 16:00:00,22.89,23.25,22.83,22.89,1333900
12/14/1989 16:00:00,22.72,22.8,22.69,22.72,1386500
12/15/1989 16:00:00,22.69,22.74,22.45,22.69,3043400
12/18/1989 16:00:00,22.36,22.74,22.3,22.36,1911900
12/19/1989 16:00:00,22.63,22.74,22.3,22.63,2242200
12/20/1989 16:00:00,22.6,22.72,22.42,22.6,1516300
12/21/1989 16:00:00,22.72,22.77,22.54,22.72,1805400
12/22/1989 16:00:00,22.77,22.86,22.72,22.77,1005100
12/26/1989 16:00:00,22.57,22.8,22.51,22.57,682200
12/27/1989 16:00:00,22.63,22.77,22.57,22.63,1165700
12/28/1989 16:00:00,22.48,22.72,22.45,22.48,1192300
12/29/1989 16:00:00,22.48,22.6,22.45,22.48,1636500
1/2/1990 16:00:00,23.4,23.43,22.57,23.4,1760400
1/3/1990 16:00:00,23.61,23.76,23.49,23.61,2366000
1/4/1990 16:00:00,23.88,23.97,23.61,23.88,2418700
1/5/1990 16:00:00,23.82,24.27,23.76,23.82,1892500
1/8/1990 16:00:00,23.97,24.09,23.7,23.97,1156300
1/9/1990 16:00:00,23.73,24.18,23.73,23.73,1762000
1/10/1990 16:00:00,23.64,23.88,23.55,23.64,1486400
1/11/1990 16:00:00,23.85,23.97,23.73,23.85,1493900
1/12/1990 16:00:00,23.37,23.7,23.31,23.37,1347700
1/15/1990 16:00:00,23.43,23.49,23.22,23.43,1008900
1/16/1990 16:00:00,23.91,23.97,23.28,23.91,2055100
1/17/1990 16:00:00,23.61,24.09,23.49,23.61,2231500
1/18/1990 16:00:00,23.76,23.79,23.31,23.76,1731600
1/19/1990 16:00:00,23.55,23.85,23.52,23.55,1648700
1/22/1990 16:00:00,23.07,23.67,23.04,23.07,1720700
1/23/1990 16:00:00,23.1,23.46,23.07,23.1,1480700
1/24/1990 16:00:00,23.28,23.37,22.8,23.28,2455100
1/25/1990 16:00:00,22.89,23.37,22.69,22.89,1698100
1/26/1990 16:00:00,23.13,23.22,22.72,23.13,1836400
1/29/1990 16:00:00,23.22,23.34,22.8,23.22,1288400
1/30/1990 16:00:00,23.22,23.31,22.86,23.22,2161700
1/31/1990 16:00:00,23.55,23.55,23.31,23.55,2113000
2/1/1990 16:00:00,23.34,23.82,23.34,23.34,1725900
2/2/1990 16:00:00,23.49,23.58,23.37,23.49,1516100
2/5/1990 16:00:00,23.79,23.85,23.28,23.79,1324800
2/6/1990 16:00:00,24.12,24.21,23.76,24.12,2702000
2/7/1990 16:00:00,24.63,24.77,24.03,24.63,3014400
2/8/1990 16:00:00,24.54,24.8,24.33,24.54,1983000
2/9/1990 16:00:00,24.48,24.66,24.36,24.48,1265400
2/12/1990 16:00:00,24.15,24.45,24.03,24.15,1191600
2/13/1990 16:00:00,24.66,24.66,24.18,24.66,1792100
2/14/1990 16:00:00,24.77,24.89,24.66,24.77,1501700
2/15/1990 16:00:00,24.77,24.98,24.77,24.77,1426000
2/16/1990 16:00:00,24.71,24.95,24.69,24.71,2201400
2/20/1990 16:00:00,24.57,24.63,24.42,24.57,1399900
2/21/1990 16:00:00,25.04,25.1,24.36,25.04,2024100
2/22/1990 16:00:00,24.66,25.19,24.66,24.66,2296400
2/23/1990 16:00:00,24.51,24.8,24.36,24.51,1562900
2/26/1990 16:00:00,24.83,24.86,24.48,24.83,1371500
2/27/1990 16:00:00,24.77,25.19,24.74,24.77,1722700
2/28/1990 16:00:00,24.8,24.98,24.63,24.8,1440300
3/1/1990 16:00:00,24.83,24.92,24.69,24.83,1122700
3/2/1990 16:00:00,25.04,25.16,24.83,25.04,1422500
3/5/1990 16:00:00,25.07,25.28,24.98,25.07,1377300
3/6/1990 16:00:00,25.25,25.25,24.89,25.25,1275200
3/7/1990 16:00:00,25.19,25.37,25.13,25.19,1539600
3/8/1990 16:00:00,25.55,25.64,25.31,25.55,1736900
3/9/1990 16:00:00,25.43,25.64,25.37,25.43,1750800
3/12/1990 16:00:00,25.73,25.73,25.37,25.73,1512800
3/13/1990 16:00:00,25.37,25.85,25.37,25.37,2075200
3/14/1990 16:00:00,25.37,25.55,25.22,25.37,1247700
3/15/1990 16:00:00,25.55,25.64,25.43,25.55,1332000
3/16/1990 16:00:00,25.94,25.97,25.64,25.94,2574100
3/19/1990 16:00:00,26.03,26.06,25.64,26.03,1607200
3/20/1990 16:00:00,25.79,26.12,25.76,25.79,1851600
3/21/1990 16:00:00,25.61,25.91,25.58,25.61,847300
3/22/1990 16:00:00,25.43,25.67,25.19,25.43,1200300
3/23/1990 16:00:00,25.07,25.34,25.04,25.07,1149400
3/26/1990 16:00:00,24.86,25.25,24.86,24.86,837500
3/27/1990 16:00:00,24.95,25.01,24.69,24.95,1323200
3/28/1990 16:00:00,25.28,25.28,24.77,25.28,1456100
3/29/1990 16:00:00,25.31,25.52,25.25,25.31,1414200
3/30/1990 16:00:00,25.34,25.49,25.22,25.34,1426000
4/2/1990 16:00:00,25.28,25.28,25.07,25.28,1298300
4/3/1990 16:00:00,25.46,25.49,25.31,25.46,1050400
4/4/1990 16:00:00,25.43,25.73,25.28,25.43,1716200
4/5/1990 16:00:00,25.34,25.52,25.28,25.34,868400
4/6/1990 16:00:00,25.28,25.4,25.13,25.28,752300
4/9/1990 16:00:00,25.19,25.28,25.13,25.19,782800
4/10/1990 16:00:00,25.28,25.4,25.1,25.28,934800
4/11/1990 16:00:00,25.4,25.43,25.28,25.4,645200
4/12/1990 16:00:00,25.58,25.79,25.55,25.58,921600
4/16/1990 16:00:00,26.48,26.57,26.3,26.48,4120900
4/17/1990 16:00:00,26.54,26.57,26.24,26.54,1916400
4/18/1990 16:00:00,26.24,26.48,26.15,26.24,1531000
4/19/1990 16:00:00,26.06,26.33,26.06,26.06,1527500
4/20/1990 16:00:00,26.12,26.15,25.85,26.12,1656500
4/23/1990 16:00:00,26.12,26.15,25.94,26.12,1350200
4/24/1990 16:00:00,26,26.36,26,26,1306600
4/25/1990 16:00:00,26.12,26.3,26.06,26.12,1173400
4/26/1990 16:00:00,25.97,26.27,25.91,25.97,1382300
4/27/1990 16:00:00,25.64,26.03,25.64,25.64,981600
4/30/1990 16:00:00,26.03,26.09,25.55,26.03,1562900
5/1/1990 16:00:00,25.79,26.18,25.76,25.79,1166200
5/2/1990 16:00:00,26.06,26.06,25.79,26.06,1216600
5/3/1990 16:00:00,26.09,26.3,26.06,26.09,1668700
5/4/1990 16:00:00,26.39,26.42,25.85,26.39,1512300
5/7/1990 16:00:00,26.39,26.6,26.33,26.39,1305200
5/8/1990 16:00:00,26.45,26.51,26.36,26.45,1240500
5/9/1990 16:00:00,26.57,26.57,26.36,26.57,1215500
5/10/1990 16:00:00,26.83,26.95,26.57,26.83,1813800
5/11/1990 16:00:00,27.22,27.34,26.98,27.22,2547300
5/14/1990 16:00:00,27.28,27.58,27.22,27.28,2310600
5/15/1990 16:00:00,27.61,27.61,27.16,27.61,1486000
5/16/1990 16:00:00,27.55,27.64,27.37,27.55,1761500
5/17/1990 16:00:00,27.73,27.76,27.49,27.73,1522600
5/18/1990 16:00:00,27.55,27.76,27.52,27.55,1770200
5/21/1990 16:00:00,27.94,28.03,27.49,27.94,1735600
5/22/1990 16:00:00,28.12,28.12,27.85,28.12,1933600
5/23/1990 16:00:00,28.36,28.36,28,28.36,1703100
5/24/1990 16:00:00,28.36,28.39,28.15,28.36,1445300
5/25/1990 16:00:00,27.76,28.18,27.73,27.76,1148700
5/29/1990 16:00:00,28.6,28.63,27.88,28.6,1960100
5/30/1990 16:00:00,28.86,29.16,28.57,28.86,2857000
5/31/1990 16:00:00,28.65,28.86,28.54,28.65,1990900
6/1/1990 16:00:00,28.54,28.83,28.42,28.54,1542000
6/4/1990 16:00:00,28.74,28.86,28.48,28.74,1298300
6/5/1990 16:00:00,28.83,29.1,28.68,28.83,2351900
6/6/1990 16:00:00,28.8,29.19,28.74,28.8,1543500
6/7/1990 16:00:00,28.8,29.01,28.6,28.8,1487400
6/8/1990 16:00:00,28.36,28.86,28.33,28.36,1431300
6/11/1990 16:00:00,28.63,28.71,28.33,28.63,1081700
6/12/1990 16:00:00,28.71,28.86,28.48,28.71,1376200
6/13/1990 16:00:00,28.98,29.16,28.71,28.98,2241000
6/14/1990 16:00:00,28.86,29.1,28.68,28.86,1698300
6/15/1990 16:00:00,28.74,28.95,28.68,28.74,2111900
6/18/1990 16:00:00,28.36,28.83,28.33,28.36,1492000
6/19/1990 16:00:00,28.36,28.45,28.15,28.36,1445600
6/20/1990 16:00:00,28.18,28.45,28,28.18,1011200
6/21/1990 16:00:00,28.45,28.45,28.06,28.45,1001200
6/22/1990 16:00:00,27.76,28.54,27.76,27.76,1200100
6/25/1990 16:00:00,27.85,28,27.82,27.85,1126200
6/26/1990 16:00:00,27.88,28.18,27.82,27.88,1254400
6/27/1990 16:00:00,28.18,28.21,27.88,28.18,1151700
6/28/1990 16:00:00,28.09,28.27,28.06,28.09,803800
6/29/1990 16:00:00,28.06,28.21,28.03,28.06,848700
7/2/1990 16:00:00,28.3,28.36,28.03,28.3,916000
7/3/1990 16:00:00,28.09,28.36,28.09,28.09,584100
7/5/1990 16:00:00,28.03,28.09,27.91,28.03,849800
7/6/1990 16:00:00,28.18,28.3,27.94,28.18,708600
7/9/1990 16:00:00,28.42,28.48,28.15,28.42,916800
7/10/1990 16:00:00,28.12,28.6,28.12,28.12,1244000
7/11/1990 16:00:00,28.45,28.48,28.15,28.45,1025000
7/12/1990 16:00:00,28.65,28.74,28.36,28.65,1736400
7/13/1990 16:00:00,28.89,29.16,28.71,28.89,2155400
7/16/1990 16:00:00,29.22,29.4,28.95,29.22,2231200
7/17/1990 16:00:00,28.83,29.25,28.63,28.83,1685700
7/18/1990 16:00:00,28.63,29.04,28.63,28.63,1684100
7/19/1990 16:00:00,28.65,28.68,28.36,28.65,1435800
7/20/1990 16:00:00,28.09,28.71,28.06,28.09,1758600
7/23/1990 16:00:00,27.67,28.12,27.25,27.67,2143300
7/24/1990 16:00:00,27.4,27.7,27.13,27.4,1539500
7/25/1990 16:00:00,27.4,27.58,27.28,27.4,1363800
7/26/1990 16:00:00,27.01,27.37,26.8,27.01,1371000
7/27/1990 16:00:00,26.6,26.92,26.42,26.6,1846300
7/30/1990 16:00:00,26.77,26.83,26.39,26.77,1477600
7/31/1990 16:00:00,26.63,26.95,26.42,26.63,1369300
8/1/1990 16:00:00,26.66,26.83,26.42,26.66,1710800
8/2/1990 16:00:00,26.21,26.45,26.03,26.21,1868700
8/3/1990 16:00:00,25.82,26.15,24.77,25.82,3549200
8/6/1990 16:00:00,24.8,24.92,24.48,24.8,2285000
8/7/1990 16:00:00,24.6,25.07,24.48,24.6,2237100
8/8/1990 16:00:00,24.63,24.8,24.57,24.63,1884800
8/9/1990 16:00:00,24.66,24.8,24.6,24.66,1256700
8/10/1990 16:00:00,24.36,24.74,24.24,24.36,1448500
8/13/1990 16:00:00,24.77,24.83,24.12,24.77,1582800
8/14/1990 16:00:00,24.92,25.1,24.63,24.92,1655900
8/15/1990 16:00:00,25.07,25.13,24.66,25.07,1514900
8/16/1990 16:00:00,24.77,25.25,24.77,24.77,2031400
8/17/1990 16:00:00,24.21,24.69,24.06,24.21,2640600
8/20/1990 16:00:00,24.42,24.54,24.33,24.42,1238800
8/21/1990 16:00:00,24,24.3,23.82,24,2389900
8/22/1990 16:00:00,23.64,24.12,23.61,23.64,1973000
8/23/1990 16:00:00,23.13,23.49,23.04,23.13,2427400
8/24/1990 16:00:00,23.97,24.12,23.37,23.97,2039600
8/27/1990 16:00:00,24.92,24.92,24.54,24.92,1575100
8/28/1990 16:00:00,24.74,24.86,24.69,24.74,968100
8/29/1990 16:00:00,24.8,24.92,24.54,24.8,1144700
8/30/1990 16:00:00,24.3,24.86,24.21,24.3,1080100
8/31/1990 16:00:00,24.33,24.33,23.97,24.33,885400
9/4/1990 16:00:00,24.48,24.51,24.06,24.48,1200500
9/5/1990 16:00:00,24.45,24.8,24.42,24.45,1452600
9/6/1990 16:00:00,24.45,24.71,24.24,24.45,1347000
9/7/1990 16:00:00,25.19,25.19,24.33,25.19,1634700
9/10/1990 16:00:00,25.28,25.7,25.19,25.28,1609400
9/11/1990 16:00:00,25.67,25.73,25.28,25.67,1438200
9/12/1990 16:00:00,25.76,25.88,25.58,25.76,1192900
9/13/1990 16:00:00,25.07,25.73,25.01,25.07,1077000
9/14/1990 16:00:00,24.92,25.07,24.74,24.92,1347600
9/17/1990 16:00:00,25.1,25.25,24.86,25.1,894900
9/18/1990 16:00:00,25.61,25.7,25.1,25.61,1699200
9/19/1990 16:00:00,25.88,26.09,25.67,25.88,2189100
9/20/1990 16:00:00,25.76,26.03,25.46,25.76,1213600
9/21/1990 16:00:00,25.49,25.76,25.19,25.49,2211500
9/24/1990 16:00:00,25.07,25.37,24.95,25.07,1993700
9/25/1990 16:00:00,25.4,25.43,25.04,25.4,1545300
9/26/1990 16:00:00,25.16,25.49,24.89,25.16,1744400
9/27/1990 16:00:00,24.92,25.46,24.57,24.92,1689100
9/28/1990 16:00:00,25.4,25.58,24.57,25.4,1975100
10/1/1990 16:00:00,26.03,26.15,25.58,26.03,1851300
10/2/1990 16:00:00,25.85,26.36,25.85,25.85,1893100
10/3/1990 16:00:00,25.64,26.03,25.58,25.64,1101700
10/4/1990 16:00:00,25.76,25.85,25.4,25.76,1162000
10/5/1990 16:00:00,25.85,26.03,25.31,25.85,1572000
10/8/1990 16:00:00,26.15,26.15,25.94,26.15,901300
10/9/1990 16:00:00,25.16,25.94,25.16,25.16,1418600
10/10/1990 16:00:00,24.71,25.46,24.57,24.71,2258600
10/11/1990 16:00:00,24.12,24.8,23.82,24.12,3113800
10/12/1990 16:00:00,23.94,24.36,23.76,23.94,2308100
10/15/1990 16:00:00,23.7,24.09,22.98,23.7,3121400
10/16/1990 16:00:00,23.73,23.97,23.46,23.73,1690200
10/17/1990 16:00:00,24.06,24.27,23.73,24.06,1330300
10/18/1990 16:00:00,25.16,25.16,24.3,25.16,1866500
10/19/1990 16:00:00,25.7,26.03,24.98,25.7,2658600
10/22/1990 16:00:00,25.73,25.97,25.43,25.73,1918300
10/23/1990 16:00:00,25.49,25.85,25.46,25.49,1270700
10/24/1990 16:00:00,25.94,26.03,25.49,25.94,1619400
10/25/1990 16:00:00,25.82,26.09,25.46,25.82,1592000
10/26/1990 16:00:00,25.46,25.67,25.43,25.46,1246100
10/29/1990 16:00:00,25.31,25.76,25.1,25.31,1313600
10/30/1990 16:00:00,25.4,25.52,25.04,25.4,1639000
10/31/1990 16:00:00,25.19,25.46,25.01,25.19,1452500
11/1/1990 16:00:00,25.61,25.64,25.04,25.61,1233900
11/2/1990 16:00:00,25.88,25.94,25.61,25.88,1790300
11/5/1990 16:00:00,25.76,25.82,25.43,25.76,1208700
11/6/1990 16:00:00,25.76,26.03,25.7,25.76,1593500
11/7/1990 16:00:00,25.43,25.85,25.37,25.43,1400800
11/8/1990 16:00:00,25.67,25.7,25.37,25.67,1619200
11/9/1990 16:00:00,26.33,26.33,25.76,26.33,2274200
11/12/1990 16:00:00,26.98,27.04,26.45,26.98,3543300
11/13/1990 16:00:00,26.74,27.1,26.74,26.74,2131500
11/14/1990 16:00:00,27.1,27.22,26.86,27.1,1968900
11/15/1990 16:00:00,26.89,27.13,26.86,26.89,1539700
11/16/1990 16:00:00,27.13,27.25,26.74,27.13,2269700
11/19/1990 16:00:00,27.4,27.43,27.22,27.4,1860800
11/20/1990 16:00:00,27.07,27.49,27.04,27.07,2000300
11/21/1990 16:00:00,27.25,27.25,26.83,27.25,1312900
11/23/1990 16:00:00,26.89,27.28,26.89,26.89,465500
11/26/1990 16:00:00,27.19,27.28,26.66,27.19,1165400
11/27/1990 16:00:00,27.1,27.25,26.89,27.1,1531500
11/28/1990 16:00:00,26.83,27.19,26.83,26.83,1319200
11/29/1990 16:00:00,26.74,26.95,26.66,26.74,1195700
11/30/1990 16:00:00,27.13,27.34,26.57,27.13,1804400
12/3/1990 16:00:00,27.07,27.34,27.01,27.07,1570200
12/4/1990 16:00:00,27.4,27.46,26.98,27.4,1459100
12/5/1990 16:00:00,27.37,27.43,27.16,27.37,1484500
12/6/1990 16:00:00,26.63,27.7,26.57,26.63,3389800
12/7/1990 16:00:00,26.86,26.95,26.45,26.86,1909400
12/10/1990 16:00:00,27.07,27.16,26.77,27.07,1173800
12/11/1990 16:00:00,26.95,27.01,26.83,26.95,997900
12/12/1990 16:00:00,27.31,27.34,26.89,27.31,1471900
12/13/1990 16:00:00,26.95,27.37,26.95,26.95,1093100
12/14/1990 16:00:00,26.57,26.86,26.51,26.57,1435200
12/17/1990 16:00:00,26.63,26.68,26.42,26.63,942600
12/18/1990 16:00:00,27.1,27.1,26.63,27.1,1617300
12/19/1990 16:00:00,26.92,27.22,26.77,26.92,2463900
12/20/1990 16:00:00,27.16,27.37,26.8,27.16,1896000
12/21/1990 16:00:00,27.19,27.31,27.07,27.19,2084600
12/24/1990 16:00:00,27.19,27.28,27.16,27.19,341300
12/26/1990 16:00:00,27.1,27.28,27.1,27.1,396800
12/27/1990 16:00:00,27.13,27.19,26.98,27.13,714100
12/28/1990 16:00:00,27.07,27.19,27.04,27.07,728200
12/31/1990 16:00:00,26.98,27.1,26.95,26.98,461300
1/2/1991 16:00:00,26.77,27.16,26.77,26.77,1037700
1/3/1991 16:00:00,26.86,27.19,26.8,26.86,1307400
1/4/1991 16:00:00,26.77,26.98,26.71,26.77,1085100
1/7/1991 16:00:00,26.33,26.71,26.27,26.33,1189400
1/8/1991 16:00:00,26.03,26.36,25.97,26.03,1715500
1/9/1991 16:00:00,25.52,26.45,25.49,25.52,2078000
1/10/1991 16:00:00,25.88,25.88,25.61,25.88,962000
1/11/1991 16:00:00,25.82,25.85,25.73,25.82,608700
1/14/1991 16:00:00,25.49,25.58,25.19,25.49,1746500
1/15/1991 16:00:00,25.67,25.73,25.49,25.67,1168100
1/16/1991 16:00:00,26.06,26.09,25.46,26.06,1582000
1/17/1991 16:00:00,27.64,27.73,27.28,27.64,4330400
1/18/1991 16:00:00,28.09,28.24,27.43,28.09,4592500
1/21/1991 16:00:00,28.57,28.68,27.85,28.57,2201500
1/22/1991 16:00:00,28.18,28.57,28.12,28.18,1963700
1/23/1991 16:00:00,28.48,28.68,28.15,28.48,2211000
1/24/1991 16:00:00,28.89,29.04,28.63,28.89,2841200
1/25/1991 16:00:00,29.28,29.28,28.77,29.28,2441100
1/28/1991 16:00:00,29.67,29.85,29.22,29.67,2478400
1/29/1991 16:00:00,29.73,29.94,29.37,29.73,1949200
1/30/1991 16:00:00,30.33,30.33,29.76,30.33,2524300
1/31/1991 16:00:00,30.27,30.36,30.15,30.27,1718300
2/1/1991 16:00:00,30.3,30.48,30,30.3,1919100
2/4/1991 16:00:00,30.42,30.48,30,30.42,1553100
2/5/1991 16:00:00,30.68,30.68,30.33,30.68,2177100
2/6/1991 16:00:00,31.01,31.04,30.57,31.01,2419600
2/7/1991 16:00:00,30.68,31.28,30.65,30.68,2532000
2/8/1991 16:00:00,30.92,31.01,30.62,30.92,1751700
2/11/1991 16:00:00,31.61,31.64,30.95,31.61,1865300
2/12/1991 16:00:00,31.7,31.97,31.4,31.7,2372400
2/13/1991 16:00:00,32.15,32.24,31.58,32.15,1922700
2/14/1991 16:00:00,32.27,32.54,31.97,32.27,2485200
2/15/1991 16:00:00,32.8,32.89,32.33,32.8,2738900
2/19/1991 16:00:00,33.31,33.37,32.71,33.31,2278100
2/20/1991 16:00:00,32.92,33.13,32.92,32.92,1854200
2/21/1991 16:00:00,32.36,33.01,32.36,32.36,1565500
2/22/1991 16:00:00,31.82,32.71,31.67,31.82,2384100
2/25/1991 16:00:00,31.91,32.27,31.55,31.91,1894700
2/26/1991 16:00:00,30.98,31.76,30.98,30.98,2227100
2/27/1991 16:00:00,31.25,31.25,30.6,31.25,2041200
2/28/1991 16:00:00,30.74,31.4,30.45,30.74,2158500
3/1/1991 16:00:00,31.28,31.4,30.6,31.28,1858200
3/4/1991 16:00:00,31.19,31.64,31.01,31.19,1189600
3/5/1991 16:00:00,31.88,32.24,31.01,31.88,2483900
3/6/1991 16:00:00,31.73,32.21,31.67,31.73,2035500
3/7/1991 16:00:00,31.64,31.94,31.43,31.64,1192600
3/8/1991 16:00:00,31.34,31.91,31.28,31.34,1484000
3/11/1991 16:00:00,30.83,31.16,30.74,30.83,1804500
3/12/1991 16:00:00,30.33,30.86,30.21,30.33,2157800
3/13/1991 16:00:00,30.83,30.95,30.27,30.83,1504400
3/14/1991 16:00:00,30.6,31.22,30.21,30.6,1944900
3/15/1991 16:00:00,30.24,30.51,30.15,30.24,2691500
3/18/1991 16:00:00,30.54,30.6,30.15,30.54,1491300
3/19/1991 16:00:00,27.49,28.42,27.46,27.49,6334600
3/20/1991 16:00:00,27.25,27.55,27.1,27.25,4007100
3/21/1991 16:00:00,26.71,27.46,26.51,26.71,3232800
3/22/1991 16:00:00,26.66,26.89,26.57,26.66,2858300
3/25/1991 16:00:00,27.1,27.13,26.68,27.1,1596900
3/26/1991 16:00:00,27.19,27.37,27.07,27.19,1376800
3/27/1991 16:00:00,26.95,27.37,26.86,26.95,1704700
3/28/1991 16:00:00,27.19,27.31,26.95,27.19,1618800
4/1/1991 16:00:00,26.8,27.28,26.71,26.8,1423000
4/2/1991 16:00:00,27.04,27.1,26.54,27.04,2268100
4/3/1991 16:00:00,27.01,27.28,26.98,27.01,1840900
4/4/1991 16:00:00,27.1,27.4,26.77,27.1,1938300
4/5/1991 16:00:00,26.89,27.34,26.86,26.89,1520100
4/8/1991 16:00:00,26.98,27.1,26.74,26.98,965100
4/9/1991 16:00:00,26.57,27.07,26.51,26.57,1348900
4/10/1991 16:00:00,26.57,26.66,26.33,26.57,1933300
4/11/1991 16:00:00,26.42,26.71,26.3,26.42,2214700
4/12/1991 16:00:00,25.91,26.51,25.82,25.91,3555500
4/15/1991 16:00:00,25.52,25.88,25.22,25.52,3026800
4/16/1991 16:00:00,26.09,26.09,25.49,26.09,2076700
4/17/1991 16:00:00,26.24,26.45,26.09,26.24,2089000
4/18/1991 16:00:00,26.21,26.45,26.12,26.21,1463800
4/19/1991 16:00:00,26.15,26.33,26.03,26.15,2109300
4/22/1991 16:00:00,25.91,26.12,25.82,25.91,1570400
4/23/1991 16:00:00,25.88,26.06,25.76,25.88,932100
4/24/1991 16:00:00,25.85,26,25.79,25.85,1442100
4/25/1991 16:00:00,25.79,26.06,25.7,25.79,1121400
4/26/1991 16:00:00,25.64,25.85,25.61,25.64,1023500
4/29/1991 16:00:00,25.04,25.76,24.98,25.04,1854500
4/30/1991 16:00:00,24.6,25.19,24.39,24.6,3288200
5/1/1991 16:00:00,24.83,24.95,24.39,24.83,1944200
5/2/1991 16:00:00,25.28,25.31,24.77,25.28,1522400
5/3/1991 16:00:00,24.74,25.43,24.36,24.74,3223200
5/6/1991 16:00:00,24.69,24.74,24.45,24.69,1088700
5/7/1991 16:00:00,24.33,24.71,24.33,24.33,1286100
5/8/1991 16:00:00,24.77,24.83,24.3,24.77,1384000
5/9/1991 16:00:00,25.28,25.28,24.86,25.28,1543500
5/10/1991 16:00:00,24.69,25.31,24.6,24.69,1364400
5/13/1991 16:00:00,25.28,25.31,24.66,25.28,1284600
5/14/1991 16:00:00,25.31,25.37,24.98,25.31,1966600
5/15/1991 16:00:00,24.54,25.1,24.18,24.54,2676500
5/16/1991 16:00:00,24.86,24.89,24.6,24.86,1363600
5/17/1991 16:00:00,24.77,24.98,24.71,24.77,2113100
5/20/1991 16:00:00,24.66,24.89,24.63,24.66,790700
5/21/1991 16:00:00,24.24,24.89,24,24.24,1693200
5/22/1991 16:00:00,24.98,24.98,24.36,24.98,2242100
5/23/1991 16:00:00,24.98,24.98,24.77,24.98,1381300
5/24/1991 16:00:00,25.07,25.1,24.95,25.07,955100
5/28/1991 16:00:00,25.1,25.16,24.74,25.1,1441700
5/29/1991 16:00:00,24.86,24.98,24.77,24.86,1652200
5/30/1991 16:00:00,24.92,25.1,24.74,24.92,1429100
5/31/1991 16:00:00,25.34,25.43,24.77,25.34,1765000
6/3/1991 16:00:00,25.4,25.64,25.25,25.4,1321800
6/4/1991 16:00:00,25.07,25.31,24.98,25.07,1220600
6/5/1991 16:00:00,24.66,25.19,24.63,24.66,1487200
6/6/1991 16:00:00,24.6,24.74,24.45,24.6,1354200
6/7/1991 16:00:00,24.36,24.6,24.21,24.36,1760400
6/10/1991 16:00:00,24.45,24.69,24.39,24.45,985300
6/11/1991 16:00:00,24.42,24.71,24.39,24.42,1137000
6/12/1991 16:00:00,24.24,24.36,24.03,24.24,1879600
6/13/1991 16:00:00,24.03,24.21,23.91,24.03,1896100
6/14/1991 16:00:00,23.97,24.27,23.85,23.97,2362000
6/17/1991 16:00:00,23.76,23.88,23.76,23.76,1627500
6/18/1991 16:00:00,24.09,24.12,23.82,24.09,1736400
6/19/1991 16:00:00,24.12,24.18,23.88,24.12,2082800
6/20/1991 16:00:00,23.67,23.7,23.19,23.67,4086000
6/21/1991 16:00:00,23.79,23.88,23.67,23.79,3142400
6/24/1991 16:00:00,23.49,23.79,23.46,23.49,2345600
6/25/1991 16:00:00,23.73,23.79,23.46,23.73,1715300
6/26/1991 16:00:00,23.55,23.73,23.43,23.55,1701100
6/27/1991 16:00:00,23.31,23.58,23.25,23.31,1723100
6/28/1991 16:00:00,23.19,23.34,23.07,23.19,1771600
7/1/1991 16:00:00,23.49,23.55,23.25,23.49,1344600
7/2/1991 16:00:00,23.67,23.73,23.43,23.67,1209600
7/3/1991 16:00:00,23.43,23.61,23.43,23.43,967100
7/5/1991 16:00:00,23.55,23.7,23.37,23.55,785000
7/8/1991 16:00:00,24,24,23.34,24,1390500
7/9/1991 16:00:00,23.76,24.09,23.7,23.76,1261700
7/10/1991 16:00:00,23.58,23.97,23.52,23.58,1302500
7/11/1991 16:00:00,23.46,23.64,23.4,23.46,1187300
7/12/1991 16:00:00,23.73,23.82,23.46,23.73,1405400
7/15/1991 16:00:00,23.7,23.85,23.7,23.7,852800
7/16/1991 16:00:00,23.07,23.76,22.92,23.07,2200800
7/17/1991 16:00:00,22.98,23.13,22.95,22.98,1547200
7/18/1991 16:00:00,23.46,23.49,22.83,23.46,2359200
7/19/1991 16:00:00,24,24.09,23.52,24,2572600
7/22/1991 16:00:00,24.36,24.39,24.09,24.36,1855800
7/23/1991 16:00:00,24.03,24.6,24.03,24.03,1313200
7/24/1991 16:00:00,24.06,24.21,23.88,24.06,1081600
7/25/1991 16:00:00,24,24.27,24,24,844500
7/26/1991 16:00:00,24,24.12,23.91,24,640200
7/29/1991 16:00:00,24.21,24.21,23.97,24.21,831100
7/30/1991 16:00:00,24.27,24.36,23.97,24.27,1080100
7/31/1991 16:00:00,24.18,24.39,24.15,24.18,872100
8/1/1991 16:00:00,24.18,24.3,24.06,24.18,903000
8/2/1991 16:00:00,23.94,24.27,23.94,23.94,889600
8/5/1991 16:00:00,24.12,24.18,23.97,24.12,1246200
8/6/1991 16:00:00,23.97,24.06,23.79,23.97,1400900
8/7/1991 16:00:00,23.64,24,23.64,23.64,1160300
8/8/1991 16:00:00,23.7,23.82,23.64,23.7,1059200
8/9/1991 16:00:00,23.61,23.79,23.58,23.61,840500
8/12/1991 16:00:00,23.55,23.76,23.55,23.55,783500
8/13/1991 16:00:00,23.64,23.85,23.49,23.64,1272700
8/14/1991 16:00:00,23.52,23.73,23.49,23.52,1121500
8/15/1991 16:00:00,23.49,23.64,23.43,23.49,803300
8/16/1991 16:00:00,23.04,23.55,23.04,23.04,1680900
8/19/1991 16:00:00,22.69,22.83,21.97,22.69,2914900
8/20/1991 16:00:00,22.86,22.98,22.72,22.86,1630700
8/21/1991 16:00:00,22.83,23.01,22.45,22.83,2828100
8/22/1991 16:00:00,22.54,23.01,22.48,22.54,2165500
8/23/1991 16:00:00,22.66,22.95,22.54,22.66,1700600
8/26/1991 16:00:00,22.72,22.83,22.63,22.72,895300
8/27/1991 16:00:00,22.74,22.83,22.6,22.74,1258600
8/28/1991 16:00:00,22.57,22.74,22.51,22.57,1616700
8/29/1991 16:00:00,22.8,22.89,22.45,22.8,2244300
8/30/1991 16:00:00,23.13,23.19,22.86,23.13,1342100
9/3/1991 16:00:00,23.4,23.61,23.31,23.4,1658400
9/4/1991 16:00:00,23.55,23.7,23.31,23.55,1601400
9/5/1991 16:00:00,23.46,23.67,23.31,23.46,994500
9/6/1991 16:00:00,23.73,23.79,23.34,23.73,1306100
9/9/1991 16:00:00,24.12,24.15,23.76,24.12,1182900
9/10/1991 16:00:00,23.79,24.18,23.7,23.79,1697600
9/11/1991 16:00:00,24.21,24.21,23.79,24.21,1587900
9/12/1991 16:00:00,24.83,24.83,24.42,24.83,2239100
9/13/1991 16:00:00,24.57,24.77,24.24,24.57,1890500
9/16/1991 16:00:00,24.74,24.92,24.57,24.74,1841100
9/17/1991 16:00:00,25.04,25.04,24.66,25.04,1394300
9/18/1991 16:00:00,25.16,25.19,24.95,25.16,1414600
9/19/1991 16:00:00,25.04,25.4,25.01,25.04,1743800
9/20/1991 16:00:00,24.89,25.1,24.83,24.89,1884800
9/23/1991 16:00:00,24.98,24.98,24.86,24.98,782600
9/24/1991 16:00:00,25.28,25.28,24.86,25.28,1499200
9/25/1991 16:00:00,25.07,25.25,25.01,25.07,802300
9/26/1991 16:00:00,25.04,25.25,24.89,25.04,946700
9/27/1991 16:00:00,24.42,25.16,24.36,24.42,1591100
9/30/1991 16:00:00,24.74,24.89,24.18,24.74,1234100
10/1/1991 16:00:00,24.51,24.77,24.48,24.51,702300
10/2/1991 16:00:00,24.15,24.48,24.06,24.15,1044700
10/3/1991 16:00:00,23.64,24.12,23.64,23.64,1295000
10/4/1991 16:00:00,23.46,23.79,23.43,23.46,1320200
10/7/1991 16:00:00,23.61,23.73,23.46,23.61,1277600
10/8/1991 16:00:00,23.4,23.73,23.31,23.4,1438800
10/9/1991 16:00:00,23.22,23.46,23.1,23.22,1909500
10/10/1991 16:00:00,23.82,23.85,23.16,23.82,1417200
10/11/1991 16:00:00,23.85,24,23.76,23.85,893600
10/14/1991 16:00:00,24.18,24.27,23.67,24.18,791000
10/15/1991 16:00:00,24.89,25.01,23.82,24.89,3033600
10/16/1991 16:00:00,24.27,24.77,24.21,24.27,2025900
10/17/1991 16:00:00,23.85,24.18,23.73,23.85,1631900
10/18/1991 16:00:00,23.97,23.97,23.79,23.97,1315700
10/21/1991 16:00:00,23.94,24.12,23.85,23.94,941300
10/22/1991 16:00:00,23.52,24,23.52,23.52,1155400
10/23/1991 16:00:00,23.52,23.58,23.22,23.52,1581000
10/24/1991 16:00:00,23.46,23.67,23.31,23.46,971600
10/25/1991 16:00:00,23.4,23.55,23.28,23.4,995100
10/28/1991 16:00:00,23.46,23.55,23.4,23.46,897200
10/29/1991 16:00:00,23.61,23.73,23.28,23.61,1180400
10/30/1991 16:00:00,23.94,23.94,23.61,23.94,1527100
10/31/1991 16:00:00,23.46,23.97,23.46,23.46,1132500
11/1/1991 16:00:00,23.49,23.73,23.34,23.49,2185700
11/4/1991 16:00:00,23.16,23.34,23.07,23.16,1140900
11/5/1991 16:00:00,23.07,23.34,23.07,23.07,1171600
11/6/1991 16:00:00,23.07,23.22,23.01,23.07,1007800
11/7/1991 16:00:00,23.85,23.88,23.46,23.85,1899200
11/8/1991 16:00:00,23.94,24.21,23.88,23.94,1385000
11/11/1991 16:00:00,23.91,24.06,23.85,23.91,664300
11/12/1991 16:00:00,23.73,24.03,23.67,23.73,1150000
11/13/1991 16:00:00,23.61,23.67,23.49,23.61,922600
11/14/1991 16:00:00,23.88,23.91,23.49,23.88,1102500
11/15/1991 16:00:00,22.98,23.91,22.92,22.98,1957300
11/18/1991 16:00:00,23.22,23.34,22.98,23.22,1711500
11/19/1991 16:00:00,23.04,23.1,22.69,23.04,2124300
11/20/1991 16:00:00,22.8,23.25,22.77,22.8,1348200
11/21/1991 16:00:00,22.77,23.1,22.72,22.77,1527000
11/22/1991 16:00:00,22.63,22.92,22.6,22.63,1367800
11/25/1991 16:00:00,22.72,22.83,22.6,22.72,1063500
11/26/1991 16:00:00,23.37,23.43,22.6,23.37,1947800
11/27/1991 16:00:00,22.51,23.19,22.48,22.51,1803900
11/29/1991 16:00:00,22.09,22.42,22.06,22.09,1642400
12/2/1991 16:00:00,22.03,22.06,21.64,22.03,2347800
12/3/1991 16:00:00,21.79,22,21.73,21.79,1563600
12/4/1991 16:00:00,21.49,21.85,21.49,21.49,2340000
12/5/1991 16:00:00,21.55,21.76,21.52,21.55,1892800
12/6/1991 16:00:00,21.25,21.55,21.25,21.25,2696600
12/9/1991 16:00:00,20.33,21.43,20.21,20.33,3814900
12/10/1991 16:00:00,20.6,20.66,19.94,20.6,5007000
12/11/1991 16:00:00,20.95,20.98,20.45,20.95,2590200
12/12/1991 16:00:00,21.16,21.31,21.01,21.16,2093100
12/13/1991 16:00:00,21.01,21.22,20.83,21.01,1779300
12/16/1991 16:00:00,20.75,21.01,20.72,20.75,1292100
12/17/1991 16:00:00,20.42,20.77,20.36,20.42,1482000
12/18/1991 16:00:00,20.6,20.75,20.27,20.6,1906000
12/19/1991 16:00:00,20.27,20.51,20.18,20.27,1902400
12/20/1991 16:00:00,20.48,20.6,20.3,20.48,3223300
12/23/1991 16:00:00,21.07,21.13,20.42,21.07,2326300
12/24/1991 16:00:00,21.04,21.49,20.98,21.04,1718800
12/26/1991 16:00:00,21.07,21.22,20.89,21.07,1228800
12/27/1991 16:00:00,21.34,21.4,21.1,21.34,1541000
12/30/1991 16:00:00,21.58,21.67,21.28,21.58,1946200
12/31/1991 16:00:00,21.25,21.76,21.22,21.25,1906500
1/2/1992 16:00:00,21.55,21.64,21.22,21.55,1780900
1/3/1992 16:00:00,21.58,21.76,21.49,21.58,1450600
1/6/1992 16:00:00,22.03,22.24,21.7,22.03,2198500
1/7/1992 16:00:00,22.6,22.63,21.94,22.6,1973000
1/8/1992 16:00:00,22.06,22.69,22.03,22.06,2515900
1/9/1992 16:00:00,21.79,22.51,21.79,21.79,2040100
1/10/1992 16:00:00,21.7,22.09,21.64,21.7,1611500
1/13/1992 16:00:00,21.55,21.7,21.43,21.55,1333300
1/14/1992 16:00:00,22.06,22.09,21.55,22.06,1337900
1/15/1992 16:00:00,22.77,22.86,22.33,22.77,3103900
1/16/1992 16:00:00,22.8,23.19,22.69,22.8,2253200
1/17/1992 16:00:00,23.01,23.43,22.12,23.01,3582000
1/20/1992 16:00:00,22.74,23.01,22.74,22.74,1209900
1/21/1992 16:00:00,22.18,22.8,22.18,22.18,1426400
1/22/1992 16:00:00,22.83,22.83,22.18,22.83,1273400
1/23/1992 16:00:00,22.33,22.89,22.27,22.33,1339200
1/24/1992 16:00:00,22.24,22.51,22.24,22.24,1055300
1/27/1992 16:00:00,22.39,22.45,22.3,22.39,718000
1/28/1992 16:00:00,22.27,22.45,22.18,22.27,978500
1/29/1992 16:00:00,21.94,22.48,21.88,21.94,1438600
1/30/1992 16:00:00,21.91,22.09,21.82,21.91,1047600
1/31/1992 16:00:00,21.49,21.97,21.49,21.49,1487700
2/3/1992 16:00:00,21.82,21.82,21.31,21.82,1519300
2/4/1992 16:00:00,22.03,22.03,21.49,22.03,1502700
2/5/1992 16:00:00,21.79,22,21.73,21.79,1632500
2/6/1992 16:00:00,21.46,21.7,21.4,21.46,1401700
2/7/1992 16:00:00,21.31,21.58,21.16,21.31,1724200
2/10/1992 16:00:00,21.43,21.46,21.28,21.43,945800
2/11/1992 16:00:00,21.55,21.7,21.43,21.55,1130700
2/12/1992 16:00:00,22,22.06,21.46,22,1581500
2/13/1992 16:00:00,21.67,22.27,21.52,21.67,1954000
2/14/1992 16:00:00,21.43,21.76,21.37,21.43,1295100
2/18/1992 16:00:00,21.4,21.76,21.28,21.4,1314500
2/19/1992 16:00:00,21.4,21.67,21.34,21.4,1148400
2/20/1992 16:00:00,21.43,21.64,21.28,21.43,1363200
2/21/1992 16:00:00,21.46,21.58,21.31,21.46,1446100
2/24/1992 16:00:00,21.34,21.55,21.19,21.34,1056500
2/25/1992 16:00:00,21.07,21.31,21.04,21.07,1579800
2/26/1992 16:00:00,21.07,21.16,20.92,21.07,1555300
2/27/1992 16:00:00,20.95,21.1,20.89,20.95,1481600
2/28/1992 16:00:00,20.75,21.16,20.69,20.75,1747200
3/2/1992 16:00:00,20.89,20.95,20.6,20.89,1441700
3/3/1992 16:00:00,21.07,21.16,20.8,21.07,1577300
3/4/1992 16:00:00,20.86,21.4,20.86,20.86,1802500
3/5/1992 16:00:00,20.69,21.04,20.66,20.69,1657500
3/6/1992 16:00:00,20.63,21.28,20.54,20.63,1814100
3/9/1992 16:00:00,20.86,20.86,20.33,20.86,1578800
3/10/1992 16:00:00,20.98,21.1,20.89,20.98,1263800
3/11/1992 16:00:00,20.95,21.1,20.8,20.95,1217600
3/12/1992 16:00:00,21.28,21.28,20.92,21.28,1349700
3/13/1992 16:00:00,21.4,21.55,21.28,21.4,1343400
3/16/1992 16:00:00,21.19,21.4,21.07,21.19,975800
3/17/1992 16:00:00,20.92,21.22,20.86,20.92,1471700
3/18/1992 16:00:00,20.89,21.13,20.83,20.89,1073100
3/19/1992 16:00:00,20.51,20.8,20.45,20.51,1923000
3/20/1992 16:00:00,20.57,20.69,20.48,20.57,1924600
3/23/1992 16:00:00,20.45,20.72,20.45,20.45,1249000
3/24/1992 16:00:00,20.36,20.54,20.3,20.36,1833500
3/25/1992 16:00:00,20.33,20.54,20.24,20.33,1315300
3/26/1992 16:00:00,20.09,20.39,20.09,20.09,1590100
3/27/1992 16:00:00,19.88,20.15,19.85,19.88,2143100
3/30/1992 16:00:00,19.91,20.03,19.85,19.91,1350500
3/31/1992 16:00:00,19.94,20.27,19.91,19.94,1618300
4/1/1992 16:00:00,19.79,19.94,19.76,19.79,1968600
4/2/1992 16:00:00,19.64,19.94,19.55,19.64,2072800
4/3/1992 16:00:00,19.52,19.67,19.52,19.52,1727500
4/6/1992 16:00:00,19.85,19.85,19.49,19.85,1421300
4/7/1992 16:00:00,19.67,20.27,19.64,19.67,1926400
4/8/1992 16:00:00,20.27,20.3,19.73,20.27,3020100
4/9/1992 16:00:00,20.33,20.51,20.21,20.33,2275600
4/10/1992 16:00:00,20.54,20.57,20.18,20.54,2052900
4/13/1992 16:00:00,20.89,20.89,20.51,20.89,1712300
4/14/1992 16:00:00,21.07,21.43,21.04,21.07,3316600
4/15/1992 16:00:00,21.13,21.22,20.92,21.13,2215600
4/16/1992 16:00:00,21.16,21.16,20.89,21.16,2063100
4/20/1992 16:00:00,21.37,21.43,21.07,21.37,1792800
4/21/1992 16:00:00,21.49,21.55,21.37,21.49,2117200
4/22/1992 16:00:00,21.52,21.52,21.4,21.52,1324900
4/23/1992 16:00:00,21.31,21.64,21.25,21.31,1475400
4/24/1992 16:00:00,21.04,21.31,21.04,21.04,993100
4/27/1992 16:00:00,21.04,21.19,20.95,21.04,1000900
4/28/1992 16:00:00,21.13,21.13,20.86,21.13,1108900
4/29/1992 16:00:00,21.04,21.22,20.95,21.04,1268600
4/30/1992 16:00:00,21.67,21.67,21.07,21.67,1681900
5/1/1992 16:00:00,21.64,22,21.58,21.64,2074400
5/4/1992 16:00:00,22.09,22.21,22,22.09,2341200
5/5/1992 16:00:00,22.42,22.45,22.06,22.42,2044900
5/6/1992 16:00:00,22.3,22.48,22.24,22.3,2029100
5/7/1992 16:00:00,22.39,22.48,22.15,22.39,1895700
5/8/1992 16:00:00,22.24,22.51,22.24,22.24,1424700
5/11/1992 16:00:00,22.42,22.54,22.3,22.42,1647700
5/12/1992 16:00:00,22.33,22.42,22.21,22.33,1283000
5/13/1992 16:00:00,22.06,22.36,22.06,22.06,1388200
5/14/1992 16:00:00,21.91,22.03,21.73,21.91,1469500
5/15/1992 16:00:00,21.88,22,21.76,21.88,1602100
5/18/1992 16:00:00,21.67,21.94,21.61,21.67,1169900
5/19/1992 16:00:00,22.09,22.09,21.64,22.09,1229000
5/20/1992 16:00:00,21.88,22.15,21.85,21.88,1156500
5/21/1992 16:00:00,21.85,21.88,21.64,21.85,933900
5/22/1992 16:00:00,21.91,22.03,21.79,21.91,839400
5/26/1992 16:00:00,21.61,21.85,21.58,21.61,969100
5/27/1992 16:00:00,21.7,21.73,21.52,21.7,907500
5/28/1992 16:00:00,21.76,21.85,21.58,21.76,813000
5/29/1992 16:00:00,21.67,21.97,21.67,21.67,1034700
6/1/1992 16:00:00,21.64,21.79,21.52,21.64,1171800
6/2/1992 16:00:00,21.64,21.73,21.58,21.64,1026600
6/3/1992 16:00:00,21.43,21.67,21.43,21.43,1129100
6/4/1992 16:00:00,21.25,21.43,21.22,21.25,1046000
6/5/1992 16:00:00,21.58,21.67,21.07,21.58,1543200
6/8/1992 16:00:00,21.73,21.79,21.58,21.73,970600
6/9/1992 16:00:00,21.64,21.73,21.58,21.64,880100
6/10/1992 16:00:00,21.52,21.76,21.52,21.52,1783400
6/11/1992 16:00:00,21.97,22,21.58,21.97,1965400
6/12/1992 16:00:00,22.21,22.42,22.03,22.21,2797600
6/15/1992 16:00:00,22.48,22.48,22.09,22.48,1872700
6/16/1992 16:00:00,22.24,22.45,22.18,22.24,1705800
6/17/1992 16:00:00,22.12,22.42,22,22.12,1843200
6/18/1992 16:00:00,22.57,22.89,22.24,22.57,3191700
6/19/1992 16:00:00,22.69,22.8,22.63,22.69,2350500
6/22/1992 16:00:00,22.74,22.77,22.6,22.74,1859200
6/23/1992 16:00:00,22.89,23.01,22.74,22.89,2083600
6/24/1992 16:00:00,23.31,23.37,22.98,23.31,2121100
6/25/1992 16:00:00,23.19,23.46,23.07,23.19,1836000
6/26/1992 16:00:00,23.22,23.25,23.04,23.22,1046400
6/29/1992 16:00:00,23.55,23.55,23.34,23.55,1294900
6/30/1992 16:00:00,23.37,23.55,23.34,23.37,1069000
7/1/1992 16:00:00,23.46,23.52,23.34,23.46,1526900
7/2/1992 16:00:00,23.13,23.46,23.13,23.13,1271300
7/6/1992 16:00:00,23.43,23.46,23.16,23.43,1148700
7/7/1992 16:00:00,23.1,23.58,23.07,23.1,1353600
7/8/1992 16:00:00,23.37,23.37,23.1,23.37,1253300
7/9/1992 16:00:00,23.28,23.49,23.28,23.28,1140400
7/10/1992 16:00:00,23.31,23.37,23.04,23.31,916100
7/13/1992 16:00:00,23.37,23.61,23.31,23.37,1193200
7/14/1992 16:00:00,23.37,23.49,23.28,23.37,921000
7/15/1992 16:00:00,23.7,23.73,23.4,23.7,2083000
7/16/1992 16:00:00,23.94,23.97,23.64,23.94,2560900
7/17/1992 16:00:00,22.69,23.25,22.6,22.69,5937500
7/20/1992 16:00:00,22.18,22.3,22.15,22.18,2906300
7/21/1992 16:00:00,22.39,22.51,22.18,22.39,1990100
7/22/1992 16:00:00,22.09,22.45,22.09,22.09,1536100
7/23/1992 16:00:00,22.15,22.27,22.12,22.15,1069600
7/24/1992 16:00:00,22.15,22.36,22.06,22.15,1537300
7/27/1992 16:00:00,22.06,22.27,22.06,22.06,873300
7/28/1992 16:00:00,22.39,22.45,22.06,22.39,1155100
7/29/1992 16:00:00,22.54,22.66,22.51,22.54,1587200
7/30/1992 16:00:00,22.77,22.8,22.54,22.77,1115300
7/31/1992 16:00:00,22.63,22.72,22.57,22.63,821400
8/3/1992 16:00:00,22.66,22.74,22.54,22.66,663900
8/4/1992 16:00:00,22.51,22.66,22.51,22.51,634800
8/5/1992 16:00:00,21.88,22.21,21.82,21.88,2642200
8/6/1992 16:00:00,21.07,21.52,21.04,21.07,3431700
8/7/1992 16:00:00,20.8,21.16,20.69,20.8,2802800
8/10/1992 16:00:00,21.13,21.19,20.83,21.13,1603500
8/11/1992 16:00:00,21.01,21.16,20.95,21.01,1475100
8/12/1992 16:00:00,21.1,21.25,21.01,21.1,1442500
8/13/1992 16:00:00,21.04,21.28,20.98,21.04,1343900
8/14/1992 16:00:00,21.1,21.19,21.07,21.1,998600
8/17/1992 16:00:00,21.16,21.28,21.13,21.16,729900
8/18/1992 16:00:00,21.01,21.16,20.98,21.01,828200
8/19/1992 16:00:00,20.69,21.13,20.66,20.69,1341600
8/20/1992 16:00:00,20.51,20.75,20.42,20.51,1446300
8/21/1992 16:00:00,20.54,20.66,20.48,20.54,1845300
8/24/1992 16:00:00,20.33,20.6,20.3,20.33,1425400
8/25/1992 16:00:00,20.8,20.8,20.36,20.8,1902400
8/26/1992 16:00:00,20.63,21.25,20.6,20.63,809300
8/27/1992 16:00:00,20.86,20.86,20.63,20.86,1176300
8/28/1992 16:00:00,20.83,20.86,20.69,20.83,787700
8/31/1992 16:00:00,20.69,20.89,20.66,20.69,989000
9/1/1992 16:00:00,20.92,20.92,20.66,20.92,964400
9/2/1992 16:00:00,20.89,20.92,20.72,20.89,798200
9/3/1992 16:00:00,20.69,20.95,20.69,20.69,1178400
9/4/1992 16:00:00,20.54,20.69,20.51,20.54,787700
9/8/1992 16:00:00,20.57,20.63,20.51,20.57,762200
9/9/1992 16:00:00,20.75,20.75,20.6,20.75,856100
9/10/1992 16:00:00,20.89,20.89,20.69,20.89,1096700
9/11/1992 16:00:00,21.01,21.07,20.8,21.01,1027600
9/14/1992 16:00:00,21.1,21.19,21.04,21.1,1334800
9/15/1992 16:00:00,20.42,20.77,20.39,20.42,1828700
9/16/1992 16:00:00,19.85,20.18,19.7,19.85,4816900
9/17/1992 16:00:00,20,20,19.76,20,2389600
9/18/1992 16:00:00,19.94,20.06,19.88,19.94,2316600
9/21/1992 16:00:00,20.15,20.18,20.03,20.15,1256300
9/22/1992 16:00:00,19.88,20.21,19.85,19.88,1508200
9/23/1992 16:00:00,19.97,20,19.88,19.97,1112500
9/24/1992 16:00:00,19.7,20,19.64,19.7,1597200
9/25/1992 16:00:00,19.64,19.85,19.58,19.64,1644100
9/28/1992 16:00:00,19.76,19.79,19.58,19.76,1147300
9/29/1992 16:00:00,19.34,19.76,19.34,19.34,2140700
9/30/1992 16:00:00,19.28,19.43,19.1,19.28,3006800
10/1/1992 16:00:00,19.13,19.37,19.1,19.13,2137200
10/2/1992 16:00:00,18.75,19.22,18.69,18.75,3288300
10/5/1992 16:00:00,18.83,18.83,18.03,18.83,3851600
10/6/1992 16:00:00,19.04,19.19,18.77,19.04,1806600
10/7/1992 16:00:00,18.72,19.1,18.63,18.72,1254200
10/8/1992 16:00:00,18.95,18.98,18.75,18.95,1207900
10/9/1992 16:00:00,18.75,19.07,18.69,18.75,1354400
10/12/1992 16:00:00,18.75,18.86,18.72,18.75,879900
10/13/1992 16:00:00,18.8,19.1,18.72,18.8,1481000
10/14/1992 16:00:00,18.63,18.83,18.33,18.63,1949700
10/15/1992 16:00:00,17.4,17.7,17.22,17.4,8329000
10/16/1992 16:00:00,16.89,17.4,16.45,16.89,7653500
10/19/1992 16:00:00,16.36,16.78,16.36,16.36,3901600
10/20/1992 16:00:00,16.33,16.63,16.18,16.33,3354900
10/21/1992 16:00:00,16.36,16.51,16.3,16.36,2766900
10/22/1992 16:00:00,16.36,16.48,16.24,16.36,2433100
10/23/1992 16:00:00,16.51,16.57,16.33,16.51,2237100
10/26/1992 16:00:00,16.12,16.42,16.12,16.12,2525700
10/27/1992 16:00:00,15.7,16.06,15.55,15.7,4536700
10/28/1992 16:00:00,16.03,16.03,15.67,16.03,2846500
10/29/1992 16:00:00,15.76,16.15,15.67,15.76,2570800
10/30/1992 16:00:00,15.97,16.09,15.76,15.97,2294500
11/2/1992 16:00:00,16.45,16.48,16,16.45,2322100
11/3/1992 16:00:00,16.51,16.69,16.36,16.51,2375200
11/4/1992 16:00:00,16.3,16.63,16.27,16.3,2079800
11/5/1992 16:00:00,15.73,16.06,15.67,15.73,2136200
11/6/1992 16:00:00,15.82,15.88,15.52,15.82,2642300
11/9/1992 16:00:00,16.12,16.15,15.82,16.12,2216400
11/10/1992 16:00:00,15.73,16.24,15.73,15.73,2187100
11/11/1992 16:00:00,15.52,15.7,15.4,15.52,3145100
11/12/1992 16:00:00,15.31,15.61,15.31,15.31,3133000
11/13/1992 16:00:00,15.49,15.55,15.28,15.49,1851300
11/16/1992 16:00:00,15.49,15.64,15.43,15.49,1765100
11/17/1992 16:00:00,15.34,15.52,15.28,15.34,2020700
11/18/1992 16:00:00,15.07,15.37,14.98,15.07,2707100
11/19/1992 16:00:00,14.63,15.25,14.57,14.63,3307600
11/20/1992 16:00:00,14.86,14.95,14.54,14.86,3715200
11/23/1992 16:00:00,15.1,15.25,14.86,15.1,2220200
11/24/1992 16:00:00,15.49,15.64,15.16,15.49,2847100
11/25/1992 16:00:00,15.61,15.76,15.55,15.61,1788700
11/27/1992 16:00:00,15.76,15.82,15.58,15.76,1229500
11/30/1992 16:00:00,16.3,16.39,16.12,16.3,3236400
12/1/1992 16:00:00,16.18,16.45,16.12,16.18,2089800
12/2/1992 16:00:00,16.21,16.3,16.15,16.21,1332900
12/3/1992 16:00:00,16.06,16.24,15.94,16.06,1446400
12/4/1992 16:00:00,16,16.15,15.91,16,1446400
12/7/1992 16:00:00,15.73,16.09,15.7,15.73,1668400
12/8/1992 16:00:00,15.61,15.7,15.37,15.61,2213400
12/9/1992 16:00:00,14.95,15.34,14.69,14.95,3604100
12/10/1992 16:00:00,14.75,14.89,14.66,14.75,3189000
12/11/1992 16:00:00,14.89,15.01,14.72,14.89,1946800
12/14/1992 16:00:00,15.01,15.13,14.89,15.01,2541800
12/15/1992 16:00:00,13.4,14.3,13.37,13.4,12193500
12/16/1992 16:00:00,12.39,13.13,12.12,12.39,13421400
12/17/1992 16:00:00,12.66,12.75,12.24,12.66,8025400
12/18/1992 16:00:00,12.27,12.72,12,12.27,7658000
12/21/1992 16:00:00,11.67,12.33,11.64,11.67,7384600
12/22/1992 16:00:00,12.36,12.42,11.76,12.36,6110600
12/23/1992 16:00:00,12.24,12.57,12.18,12.24,4186200
12/24/1992 16:00:00,12.6,12.66,12.24,12.6,1787300
12/28/1992 16:00:00,12.36,12.66,12.21,12.36,2770600
12/29/1992 16:00:00,11.88,12.21,11.76,11.88,5003100
12/30/1992 16:00:00,11.97,12.15,11.88,11.97,3982100
12/31/1992 16:00:00,12.03,12.24,11.94,12.03,4182400
1/4/1993 16:00:00,11.97,12.39,11.94,11.97,3555400
1/5/1993 16:00:00,11.67,11.94,11.58,11.67,3483800
1/6/1993 16:00:00,11.46,11.73,11.25,11.46,4838700
1/7/1993 16:00:00,11.22,11.61,11.13,11.22,3683700
1/8/1993 16:00:00,11.1,11.19,10.95,11.1,3947700
1/11/1993 16:00:00,11.4,11.55,11.16,11.4,3874700
1/12/1993 16:00:00,11.64,11.91,11.4,11.64,4866100
1/13/1993 16:00:00,11.4,11.7,11.34,11.4,3208300
1/14/1993 16:00:00,11.64,11.82,11.4,11.64,4286800
1/15/1993 16:00:00,11.52,11.7,11.4,11.52,3373200
1/18/1993 16:00:00,11.82,11.97,11.61,11.82,2975300
1/19/1993 16:00:00,11.55,12.15,11.28,11.55,5039200
1/20/1993 16:00:00,11.19,11.52,11.13,11.19,3358300
1/21/1993 16:00:00,11.07,11.22,10.95,11.07,3638900
1/22/1993 16:00:00,11.61,11.64,11.1,11.61,3420500
1/25/1993 16:00:00,11.67,11.76,11.34,11.67,3054500
1/26/1993 16:00:00,11.7,12.72,11.64,11.7,7804400
1/27/1993 16:00:00,11.85,11.94,11.52,11.85,3307700
1/28/1993 16:00:00,12,12.15,11.88,12,3095700
1/29/1993 16:00:00,12.3,12.33,12.15,12.3,2981500
2/1/1993 16:00:00,12.57,12.57,12.42,12.57,3039500
2/2/1993 16:00:00,12.45,12.66,12.42,12.45,2635400
2/3/1993 16:00:00,12.21,12.6,12.15,12.21,3197600
2/4/1993 16:00:00,12.27,12.39,12.12,12.27,2372100
2/5/1993 16:00:00,12.42,12.57,12.33,12.42,3146500
2/8/1993 16:00:00,12.63,12.69,12.45,12.63,2582500
2/9/1993 16:00:00,12.75,13.01,12.63,12.75,3580700
2/10/1993 16:00:00,12.48,12.86,12.33,12.48,3602400
2/11/1993 16:00:00,12.21,12.39,12.06,12.21,3093600
2/12/1993 16:00:00,12.12,12.33,12.06,12.12,1608300
2/16/1993 16:00:00,11.94,12.15,11.64,11.94,2984400
2/17/1993 16:00:00,12.06,12.12,11.88,12.06,2008000
2/18/1993 16:00:00,12.06,12.24,11.88,12.06,2083100
2/19/1993 16:00:00,12.06,12.12,11.94,12.06,1914400
2/22/1993 16:00:00,12.24,12.27,12.06,12.24,1886200
2/23/1993 16:00:00,12.21,12.36,12.12,12.21,1688900
2/24/1993 16:00:00,12.39,12.42,12.18,12.39,1861500
2/25/1993 16:00:00,12.84,12.86,12.33,12.84,2642100
2/26/1993 16:00:00,12.98,13.1,12.75,12.98,3030800
3/1/1993 16:00:00,13.07,13.22,13.01,13.07,2624200
3/2/1993 16:00:00,12.95,13.04,12.84,12.95,1785200
3/3/1993 16:00:00,13.19,13.25,12.81,13.19,2717900
3/4/1993 16:00:00,13.1,13.19,13.01,13.1,1720200
3/5/1993 16:00:00,13.19,13.34,13.07,13.19,2665300
3/8/1993 16:00:00,13.4,13.43,13.19,13.4,3356400
3/9/1993 16:00:00,13.52,13.55,13.37,13.52,2431500
3/10/1993 16:00:00,13.34,13.64,13.13,13.34,3626500
3/11/1993 16:00:00,13.1,13.34,13.07,13.1,2260600
3/12/1993 16:00:00,13.28,13.31,12.81,13.28,2427700
3/15/1993 16:00:00,13.13,13.43,13.13,13.13,1207500
3/16/1993 16:00:00,13.16,13.22,13.1,13.16,1144200
3/17/1993 16:00:00,13.01,13.28,12.92,13.01,1371800
3/18/1993 16:00:00,13.04,13.07,12.95,13.04,1395900
3/19/1993 16:00:00,12.84,13.01,12.81,12.84,2232300
3/22/1993 16:00:00,12.81,12.84,12.6,12.81,1682800
3/23/1993 16:00:00,12.95,12.95,12.63,12.95,1657300
3/24/1993 16:00:00,12.21,12.84,12.15,12.21,3575600
3/25/1993 16:00:00,12.06,12.15,11.97,12.06,2805100
3/26/1993 16:00:00,12.27,12.33,12.09,12.27,2400900
3/29/1993 16:00:00,12.36,12.6,12.33,12.36,2057800
3/30/1993 16:00:00,11.94,12.42,11.91,11.94,2550500
3/31/1993 16:00:00,12.15,12.3,11.97,12.15,2593300
4/1/1993 16:00:00,12.39,12.45,12.27,12.39,1917600
4/2/1993 16:00:00,12.57,12.69,12.36,12.57,2809300
4/5/1993 16:00:00,12.57,12.66,12.33,12.57,1702100
4/6/1993 16:00:00,12.42,12.57,12.36,12.42,1410500
4/7/1993 16:00:00,12.48,12.48,12.15,12.48,1236700
4/8/1993 16:00:00,12,12.51,12,12,1205600
4/12/1993 16:00:00,12.18,12.39,12.09,12.18,1399300
4/13/1993 16:00:00,11.79,12.21,11.76,11.79,2313900
4/14/1993 16:00:00,11.7,11.85,11.58,11.7,2761900
4/15/1993 16:00:00,11.64,11.76,11.58,11.64,1562900
4/16/1993 16:00:00,11.7,11.73,11.58,11.7,2109900
4/19/1993 16:00:00,11.76,12.09,11.67,11.76,1749500
4/20/1993 16:00:00,12.09,12.09,11.64,12.09,2949800
4/21/1993 16:00:00,11.73,12,11.73,11.73,2182800
4/22/1993 16:00:00,11.58,11.7,11.49,11.58,2150600
4/23/1993 16:00:00,11.4,11.55,11.31,11.4,2156600
4/26/1993 16:00:00,11.55,11.76,11.43,11.55,2000200
4/27/1993 16:00:00,11.55,11.64,11.43,11.55,1473000
4/28/1993 16:00:00,11.91,12.12,11.61,11.91,3226600
4/29/1993 16:00:00,11.67,11.97,11.55,11.67,1573100
4/30/1993 16:00:00,11.61,11.79,11.61,11.61,1331600
5/3/1993 16:00:00,11.76,11.79,11.58,11.76,1322100
5/4/1993 16:00:00,11.76,11.91,11.76,11.76,1373200
5/5/1993 16:00:00,11.79,11.82,11.67,11.79,1353000
5/6/1993 16:00:00,11.52,11.61,11.46,11.52,1152000
5/7/1993 16:00:00,11.61,11.61,11.4,11.61,1411900
5/10/1993 16:00:00,11.67,11.73,11.55,11.67,1711100
5/11/1993 16:00:00,11.67,11.67,11.55,11.67,1126100
5/12/1993 16:00:00,11.46,11.61,11.43,11.46,1311000
5/13/1993 16:00:00,11.34,11.4,11.25,11.34,1311200
5/14/1993 16:00:00,11.43,11.49,11.31,11.43,1213400
5/17/1993 16:00:00,11.37,11.52,11.34,11.37,844600
5/18/1993 16:00:00,11.7,11.7,11.4,11.7,2661900
5/19/1993 16:00:00,11.85,11.97,11.55,11.85,3017000
5/20/1993 16:00:00,11.76,11.82,11.64,11.76,1412800
5/21/1993 16:00:00,11.55,11.76,11.52,11.55,1545300
5/24/1993 16:00:00,11.88,11.91,11.58,11.88,1775000
5/25/1993 16:00:00,12.03,12.15,11.91,12.03,2940800
5/26/1993 16:00:00,12.6,12.6,12.06,12.6,4056400
5/27/1993 16:00:00,12.72,12.89,12.63,12.72,4016200
5/28/1993 16:00:00,12.6,12.69,12.42,12.6,2265800
6/1/1993 16:00:00,12.42,12.75,12.39,12.42,1948700
6/2/1993 16:00:00,12.86,12.89,12.36,12.86,2483000
6/3/1993 16:00:00,12.86,12.98,12.78,12.86,2622800
6/4/1993 16:00:00,12.89,12.98,12.81,12.89,1878700
6/7/1993 16:00:00,12.48,12.89,12.48,12.48,1690800
6/8/1993 16:00:00,12.48,12.54,12.33,12.48,1464900
6/9/1993 16:00:00,12.63,12.75,12.57,12.63,1218200
6/10/1993 16:00:00,12.54,12.6,12.3,12.54,1505200
6/11/1993 16:00:00,12.54,12.66,12.51,12.54,1340300
6/14/1993 16:00:00,12.42,12.54,12.39,12.42,1174700
6/15/1993 16:00:00,11.91,12.39,11.88,11.91,3026800
6/16/1993 16:00:00,12.03,12.03,11.67,12.03,2633200
6/17/1993 16:00:00,11.85,12,11.79,11.85,1302900
6/18/1993 16:00:00,11.79,11.85,11.67,11.79,2075300
6/21/1993 16:00:00,11.76,11.97,11.7,11.76,1241200
6/22/1993 16:00:00,11.76,11.85,11.73,11.76,1069800
6/23/1993 16:00:00,11.61,11.79,11.58,11.61,1501500
6/24/1993 16:00:00,11.64,11.73,11.61,11.64,1103600
6/25/1993 16:00:00,11.88,11.88,11.67,11.88,1376300
6/28/1993 16:00:00,12.03,12.12,11.88,12.03,1398500
6/29/1993 16:00:00,11.79,12.06,11.64,11.79,1437800
6/30/1993 16:00:00,11.79,11.91,11.73,11.79,986300
7/1/1993 16:00:00,11.76,11.88,11.73,11.76,895300
7/2/1993 16:00:00,11.52,11.61,11.4,11.52,2434400
7/6/1993 16:00:00,11.19,11.49,11.19,11.19,1827500
7/7/1993 16:00:00,11.13,11.22,11.07,11.13,1478600
7/8/1993 16:00:00,11.13,11.37,11.07,11.13,1814400
7/9/1993 16:00:00,11.13,11.22,11.07,11.13,1178500
7/12/1993 16:00:00,11.49,11.52,11.16,11.49,1258600
7/13/1993 16:00:00,11.37,11.58,11.28,11.37,1080400
7/14/1993 16:00:00,11.31,11.43,11.25,11.31,927200
7/15/1993 16:00:00,11.34,11.43,11.25,11.34,1132600
7/16/1993 16:00:00,10.89,11.34,10.86,10.89,2641400
7/19/1993 16:00:00,10.42,10.98,10.36,10.42,4482500
7/20/1993 16:00:00,10.24,10.45,9.94,10.24,4588300
7/21/1993 16:00:00,10.42,10.48,10.27,10.42,1925700
7/22/1993 16:00:00,10.36,10.69,10.27,10.36,2572800
7/23/1993 16:00:00,10.09,10.42,10.03,10.09,2494200
7/26/1993 16:00:00,10.12,10.27,9.82,10.12,3922800
7/27/1993 16:00:00,10.89,10.95,10.63,10.89,6260300
7/28/1993 16:00:00,10.51,11.07,10.48,10.51,4216700
7/29/1993 16:00:00,10.48,10.63,10.36,10.48,2534900
7/30/1993 16:00:00,10.63,10.63,10.42,10.63,1880100
8/2/1993 16:00:00,10.48,10.69,10.48,10.48,1338100
8/3/1993 16:00:00,10.36,10.54,10.3,10.36,1252700
8/4/1993 16:00:00,10.6,10.6,10.33,10.6,1325300
8/5/1993 16:00:00,10.45,10.69,10.39,10.45,1235000
8/6/1993 16:00:00,10.36,10.45,10.3,10.36,1120600
8/9/1993 16:00:00,10.3,10.45,10.24,10.3,1343700
8/10/1993 16:00:00,10.33,10.36,10.24,10.33,1118700
8/11/1993 16:00:00,10.09,10.39,10.03,10.09,1755300
8/12/1993 16:00:00,9.97,10.15,9.85,9.97,2082900
8/13/1993 16:00:00,9.94,10.03,9.91,9.94,1114100
8/16/1993 16:00:00,9.79,9.97,9.7,9.79,1925400
8/17/1993 16:00:00,10.27,10.27,9.79,10.27,2018800
8/18/1993 16:00:00,10.21,10.39,10.12,10.21,1954500
8/19/1993 16:00:00,10.27,10.33,10.21,10.27,1564300
8/20/1993 16:00:00,10.3,10.33,10.18,10.3,1696300
8/23/1993 16:00:00,10.6,10.69,10.27,10.6,2632500
8/24/1993 16:00:00,10.48,10.66,10.42,10.48,1522800
8/25/1993 16:00:00,10.51,10.54,10.39,10.51,1321200
8/26/1993 16:00:00,10.51,10.69,10.42,10.51,1852400
8/27/1993 16:00:00,10.54,10.54,10.42,10.54,974400
8/30/1993 16:00:00,10.66,10.69,10.54,10.66,1557600
8/31/1993 16:00:00,10.92,10.95,10.69,10.92,2463600
9/1/1993 16:00:00,10.95,11.07,10.89,10.95,1988900
9/2/1993 16:00:00,10.98,11.07,10.92,10.98,1186100
9/3/1993 16:00:00,10.92,11.07,10.89,10.92,1028000
9/7/1993 16:00:00,10.86,11.04,10.81,10.86,1325400
9/8/1993 16:00:00,10.6,10.84,10.45,10.6,2354000
9/9/1993 16:00:00,10.6,10.66,10.54,10.6,1760800
9/10/1993 16:00:00,10.45,10.66,10.39,10.45,2164700
9/13/1993 16:00:00,10.48,10.6,10.39,10.48,1359100
9/14/1993 16:00:00,10.39,10.48,10.36,10.39,1089600
9/15/1993 16:00:00,10.42,10.48,10.33,10.42,1931300
9/16/1993 16:00:00,10.39,10.51,10.36,10.39,788500
9/17/1993 16:00:00,10.36,10.36,10.21,10.36,3192300
9/20/1993 16:00:00,10.09,10.36,10.09,10.09,1330000
9/21/1993 16:00:00,10.06,10.18,10,10.06,1854800
9/22/1993 16:00:00,10,10.15,9.94,10,1709100
9/23/1993 16:00:00,10,10.12,9.97,10,1922500
9/24/1993 16:00:00,9.97,10.03,9.91,9.97,1305200
9/27/1993 16:00:00,9.97,10,9.91,9.97,1604200
9/28/1993 16:00:00,9.97,10.18,9.94,9.97,2373900
9/29/1993 16:00:00,9.94,10.06,9.85,9.94,2196200
9/30/1993 16:00:00,10.03,10.06,9.88,10.03,1464400
10/1/1993 16:00:00,10.48,10.48,10.06,10.48,3337100
10/4/1993 16:00:00,10.57,10.69,10.45,10.57,2414500
10/5/1993 16:00:00,10.45,10.63,10.33,10.45,1564200
10/6/1993 16:00:00,10.51,10.6,10.33,10.51,1642500
10/7/1993 16:00:00,10.51,10.54,10.42,10.51,1045900
10/8/1993 16:00:00,10.57,10.6,10.36,10.57,1607100
10/11/1993 16:00:00,10.54,10.6,10.48,10.54,534900
10/12/1993 16:00:00,10.45,10.6,10.45,10.45,1337900
10/13/1993 16:00:00,10.3,10.48,10.3,10.3,1104600
10/14/1993 16:00:00,10.18,10.33,10.15,10.18,1678500
10/15/1993 16:00:00,10.63,10.72,10.24,10.63,3221400
10/18/1993 16:00:00,10.51,10.78,10.48,10.51,2068200
10/19/1993 16:00:00,10.36,10.66,10.24,10.36,1951900
10/20/1993 16:00:00,10.42,10.42,10.24,10.42,1303300
10/21/1993 16:00:00,10.75,10.81,10.39,10.75,2478100
10/22/1993 16:00:00,10.63,10.92,10.6,10.63,2716700
10/25/1993 16:00:00,10.72,10.75,10.45,10.72,2217200
10/26/1993 16:00:00,11.04,11.04,10.6,11.04,4351900
10/27/1993 16:00:00,10.98,11.13,10.92,10.98,4385300
10/28/1993 16:00:00,10.92,11.07,10.89,10.92,2662500
10/29/1993 16:00:00,10.98,11.13,10.95,10.98,1911600
11/1/1993 16:00:00,11.4,11.46,10.92,11.4,3963100
11/2/1993 16:00:00,12.15,12.21,11.58,12.15,10208100
11/3/1993 16:00:00,12.12,12.21,11.97,12.12,5224400
11/4/1993 16:00:00,11.88,12.06,11.79,11.88,3023300
11/5/1993 16:00:00,11.91,11.97,11.79,11.91,3291600
11/8/1993 16:00:00,12,12.12,11.94,12,1880900
11/9/1993 16:00:00,11.73,12.09,11.7,11.73,2517800
11/10/1993 16:00:00,11.91,11.97,11.7,11.91,2056700
11/11/1993 16:00:00,12.42,12.51,11.97,12.42,3683400
11/12/1993 16:00:00,12.33,12.54,12.3,12.33,3197200
11/15/1993 16:00:00,12.18,12.33,12.15,12.18,1453400
11/16/1993 16:00:00,12.6,12.66,12.12,12.6,3389200
11/17/1993 16:00:00,12.39,12.95,12.39,12.39,4380700
11/18/1993 16:00:00,12.6,12.69,12.45,12.6,2435100
11/19/1993 16:00:00,12.39,12.57,12.3,12.39,2331700
11/22/1993 16:00:00,12.42,12.54,12.33,12.42,2595300
11/23/1993 16:00:00,12.69,12.72,12.39,12.69,2067200
11/24/1993 16:00:00,13.16,13.19,12.84,13.16,4184000
11/26/1993 16:00:00,13.31,13.37,13.16,13.31,1211000
11/29/1993 16:00:00,12.98,13.4,12.98,12.98,2487900
11/30/1993 16:00:00,12.86,13.16,12.84,12.86,1976800
12/1/1993 16:00:00,12.69,13.07,12.69,12.69,2385300
12/2/1993 16:00:00,12.84,12.92,12.72,12.84,1795400
12/3/1993 16:00:00,12.78,12.89,12.69,12.78,1759700
12/6/1993 16:00:00,12.84,12.98,12.6,12.84,1756700
12/7/1993 16:00:00,12.84,12.95,12.72,12.84,1550900
12/8/1993 16:00:00,12.86,12.92,12.75,12.86,1001000
12/9/1993 16:00:00,12.81,12.92,12.72,12.81,1416000
12/10/1993 16:00:00,13.19,13.25,12.86,13.19,3857400
12/13/1993 16:00:00,13.7,13.79,13.22,13.7,4881100
12/14/1993 16:00:00,13.4,13.7,13.37,13.4,2435500
12/15/1993 16:00:00,13.58,13.76,13.28,13.58,2286300
12/16/1993 16:00:00,13.73,13.76,13.64,13.73,2952800
12/17/1993 16:00:00,14.27,14.3,13.79,14.27,5765800
12/20/1993 16:00:00,13.94,14.18,13.91,13.94,2835500
12/21/1993 16:00:00,14,14.12,13.88,14,2272300
12/22/1993 16:00:00,14.15,14.15,13.95,14.15,1530300
12/23/1993 16:00:00,14,14.18,13.97,14,1323300
12/27/1993 16:00:00,14.12,14.15,13.85,14.12,1411700
12/28/1993 16:00:00,13.94,14.18,13.91,13.94,1277400
12/29/1993 16:00:00,13.88,14.03,13.88,13.88,1080900
12/30/1993 16:00:00,13.61,13.94,13.58,13.61,1662800
12/31/1993 16:00:00,13.49,13.7,13.46,13.49,1918900
1/3/1994 16:00:00,13.76,13.79,13.58,13.76,1430800
1/4/1994 16:00:00,14.09,14.12,13.85,14.09,1846800
1/5/1994 16:00:00,14.21,14.3,13.97,14.21,2570000
1/6/1994 16:00:00,13.97,14.33,13.97,13.97,2379800
1/7/1994 16:00:00,14.06,14.18,13.85,14.06,1458600
1/10/1994 16:00:00,14.15,14.21,13.97,14.15,1735000
1/11/1994 16:00:00,14,14.18,13.97,14,1690600
1/12/1994 16:00:00,13.88,14.06,13.88,13.88,1503100
1/13/1994 16:00:00,14.03,14.09,13.91,14.03,1804200
1/14/1994 16:00:00,14,14.21,13.94,14,1586000
1/17/1994 16:00:00,13.73,13.97,13.64,13.73,1528100
1/18/1994 16:00:00,13.64,13.7,13.46,13.64,2255900
1/19/1994 16:00:00,13.37,13.61,13.31,13.37,1959500
1/20/1994 16:00:00,13.19,13.34,13.16,13.19,2278500
1/21/1994 16:00:00,13.19,13.28,13.07,13.19,3176600
1/24/1994 16:00:00,14,14.03,13.31,14,4219300
1/25/1994 16:00:00,13.91,14.18,13.22,13.91,10154900
1/26/1994 16:00:00,13.46,14.03,13.37,13.46,4089600
1/27/1994 16:00:00,13.64,13.73,13.49,13.64,2215200
1/28/1994 16:00:00,13.79,13.88,13.73,13.79,1543900
1/31/1994 16:00:00,13.49,13.82,13.49,13.49,2092400
2/1/1994 16:00:00,13.49,13.7,13.49,13.49,1858400
2/2/1994 16:00:00,13.46,13.49,13.25,13.46,2153200
2/3/1994 16:00:00,13.31,13.58,13.31,13.31,1763800
2/4/1994 16:00:00,12.42,13.28,12.42,12.42,3559900
2/7/1994 16:00:00,12.95,13.04,12.48,12.95,4118800
2/8/1994 16:00:00,12.81,13.07,12.75,12.81,2008800
2/9/1994 16:00:00,12.69,12.95,12.69,12.69,1979100
2/10/1994 16:00:00,12.63,12.81,12.6,12.63,1565600
2/11/1994 16:00:00,12.72,12.75,12.42,12.72,1985500
2/14/1994 16:00:00,12.89,13.04,12.75,12.89,1873700
2/15/1994 16:00:00,13.01,13.04,12.89,13.01,1727400
2/16/1994 16:00:00,13.04,13.19,13.01,13.04,1495700
2/17/1994 16:00:00,12.6,13.13,12.54,12.6,2290200
2/18/1994 16:00:00,12.57,12.63,12.45,12.57,2678700
2/22/1994 16:00:00,12.81,12.86,12.57,12.81,1276900
2/23/1994 16:00:00,12.78,12.95,12.72,12.78,1195200
2/24/1994 16:00:00,12.63,12.75,12.57,12.63,1652900
2/25/1994 16:00:00,12.63,12.75,12.57,12.63,1061700
2/28/1994 16:00:00,12.63,12.72,12.57,12.63,960700
3/1/1994 16:00:00,12.81,12.86,12.54,12.81,2034900
3/2/1994 16:00:00,12.66,12.78,12.45,12.66,2722100
3/3/1994 16:00:00,12.57,12.75,12.57,12.57,1616500
3/4/1994 16:00:00,12.57,12.72,12.51,12.57,1721700
3/7/1994 16:00:00,12.48,12.66,12.45,12.48,1783700
3/8/1994 16:00:00,13.07,13.1,12.27,13.07,4644500
3/9/1994 16:00:00,13.22,13.31,13.07,13.22,3740100
3/10/1994 16:00:00,13.37,13.43,13.16,13.37,3027500
3/11/1994 16:00:00,13.34,13.43,13.19,13.34,1688300
3/14/1994 16:00:00,13.73,13.82,13.34,13.73,2916000
3/15/1994 16:00:00,13.7,13.94,13.7,13.7,2452500
3/16/1994 16:00:00,13.91,13.91,13.64,13.91,1883400
3/17/1994 16:00:00,13.82,13.91,13.73,13.82,1894100
3/18/1994 16:00:00,13.64,13.91,13.55,13.64,3256200
3/21/1994 16:00:00,14,14.06,13.55,14,2701000
3/22/1994 16:00:00,13.91,14,13.79,13.91,1849300
3/23/1994 16:00:00,13.67,13.7,13.52,13.67,2662900
3/24/1994 16:00:00,13.46,13.64,13.37,13.46,2040900
3/25/1994 16:00:00,12.89,13.49,12.81,12.89,2983500
3/28/1994 16:00:00,12.81,13.04,12.54,12.81,3356500
3/29/1994 16:00:00,12.57,12.98,12.54,12.57,3164700
3/30/1994 16:00:00,12.78,13.13,12.54,12.78,4132500
3/31/1994 16:00:00,13.04,13.04,12.42,13.04,3460400
4/4/1994 16:00:00,12.66,12.78,12.48,12.66,2765000
4/5/1994 16:00:00,12.75,12.92,12.66,12.75,2339100
4/6/1994 16:00:00,12.69,12.79,12.6,12.69,1930000
4/7/1994 16:00:00,12.69,12.72,12.48,12.69,1774900
4/8/1994 16:00:00,12.54,12.69,12.51,12.54,1309100
4/11/1994 16:00:00,12.66,12.75,12.48,12.66,1302300
4/12/1994 16:00:00,12.63,12.86,12.54,12.63,1888200
4/13/1994 16:00:00,12.51,12.75,12.39,12.51,3496100
4/14/1994 16:00:00,12.86,12.86,12.54,12.86,2628000
4/15/1994 16:00:00,12.66,13.01,12.57,12.66,2639000
4/18/1994 16:00:00,12.75,12.92,12.6,12.75,3120000
4/19/1994 16:00:00,12.75,12.84,12.27,12.75,2097500
4/20/1994 16:00:00,12.48,12.78,12.36,12.48,2207700
4/21/1994 16:00:00,13.94,14,12.89,13.94,8758100
4/22/1994 16:00:00,14.03,14.21,13.85,14.03,5660500
4/25/1994 16:00:00,14.15,14.15,13.91,14.15,3062300
4/26/1994 16:00:00,13.97,14.15,13.97,13.97,2217200
4/28/1994 16:00:00,13.64,13.91,13.55,13.64,2297500
4/29/1994 16:00:00,13.73,13.82,13.58,13.73,1908600
5/2/1994 16:00:00,13.85,13.94,13.58,13.85,1608500
5/3/1994 16:00:00,13.94,14,13.82,13.94,1376600
5/4/1994 16:00:00,13.79,13.91,13.73,13.79,1500300
5/5/1994 16:00:00,13.64,13.73,13.58,13.64,1041100
5/6/1994 16:00:00,13.49,13.64,13.43,13.49,1979300
5/9/1994 16:00:00,13.61,13.82,13.49,13.61,1880000
5/10/1994 16:00:00,13.85,13.91,13.7,13.85,1985600
5/11/1994 16:00:00,13.67,13.91,13.61,13.67,1546700
5/12/1994 16:00:00,13.67,13.79,13.61,13.67,922600
5/13/1994 16:00:00,13.73,13.82,13.67,13.73,1100500
5/16/1994 16:00:00,13.97,14,13.7,13.97,1598100
5/17/1994 16:00:00,14.63,14.69,14,14.63,5396900
5/18/1994 16:00:00,14.51,14.78,14.45,14.51,4794600
5/19/1994 16:00:00,14.66,14.83,14.45,14.66,3771900
5/20/1994 16:00:00,14.83,14.89,14.57,14.83,3740100
5/23/1994 16:00:00,14.75,14.92,14.66,14.75,2074100
5/24/1994 16:00:00,15.07,15.13,14.78,15.07,2800800
5/25/1994 16:00:00,15.19,15.31,14.92,15.19,3678400
5/26/1994 16:00:00,15.28,15.31,14.92,15.28,2292000
5/27/1994 16:00:00,15.19,15.31,15.19,15.19,1361600
5/31/1994 16:00:00,15.04,15.22,14.98,15.04,1504100
6/1/1994 16:00:00,15.16,15.19,14.92,15.16,1689600
6/2/1994 16:00:00,14.81,15.16,14.78,14.81,2475900
6/3/1994 16:00:00,14.57,14.78,14.51,14.57,2381400
6/6/1994 16:00:00,14.95,15.16,14.6,14.95,2344200
6/7/1994 16:00:00,14.95,15.1,14.95,14.95,1399100
6/8/1994 16:00:00,14.72,15.04,14.69,14.72,1651500
6/9/1994 16:00:00,14.81,14.83,14.69,14.81,1087700
6/10/1994 16:00:00,14.95,15.01,14.86,14.95,1324900
6/13/1994 16:00:00,15.22,15.31,14.86,15.22,2164500
6/14/1994 16:00:00,15.52,15.52,15.25,15.52,2778600
6/15/1994 16:00:00,15.22,15.46,15.16,15.22,1789300
6/16/1994 16:00:00,15.01,15.16,15.01,15.01,1432600
6/17/1994 16:00:00,14.89,15.07,14.86,14.89,3034100
6/20/1994 16:00:00,14.72,14.86,14.72,14.72,1559200
6/21/1994 16:00:00,14.57,14.83,14.42,14.57,2477300
6/22/1994 16:00:00,14.81,14.83,14.6,14.81,1327000
6/23/1994 16:00:00,14.54,14.86,14.54,14.54,1154300
6/24/1994 16:00:00,14.3,14.57,14.21,14.3,2265300
6/27/1994 16:00:00,14.69,14.72,13.88,14.69,3876000
6/28/1994 16:00:00,14.6,14.78,14.33,14.6,1736400
6/29/1994 16:00:00,14.42,14.69,14.36,14.42,2268600
6/30/1994 16:00:00,14.03,14.45,14,14.03,2733500
7/1/1994 16:00:00,13.61,14.12,13.55,13.61,3818100
7/5/1994 16:00:00,13.43,13.82,13.43,13.43,2790000
7/6/1994 16:00:00,13.61,13.61,13.46,13.61,1939100
7/7/1994 16:00:00,13.55,13.7,13.52,13.55,1717900
7/8/1994 16:00:00,13.52,13.82,13.49,13.52,2315400
7/11/1994 16:00:00,13.28,13.64,13.22,13.28,2698900
7/12/1994 16:00:00,13.34,13.4,13.1,13.34,2993700
7/13/1994 16:00:00,13.55,13.55,13.34,13.55,2471200
7/14/1994 16:00:00,13.91,13.97,13.67,13.91,3002700
7/15/1994 16:00:00,13.58,13.82,13.55,13.58,2478300
7/18/1994 16:00:00,13.58,13.76,13.52,13.58,1655600
7/19/1994 16:00:00,13.28,13.58,13.28,13.28,1817200
7/20/1994 16:00:00,13.34,13.43,13.01,13.34,3189300
7/21/1994 16:00:00,14.39,14.95,13.85,14.39,8806500
7/22/1994 16:00:00,14.66,14.92,14.6,14.66,3714200
7/25/1994 16:00:00,14.86,14.89,14.64,14.86,2342200
7/26/1994 16:00:00,14.89,15.07,14.83,14.89,2896900
7/27/1994 16:00:00,14.92,14.92,14.78,14.92,1441300
7/28/1994 16:00:00,14.86,15.04,14.86,14.86,1261800
7/29/1994 16:00:00,14.78,14.98,14.75,14.78,1693900
8/1/1994 16:00:00,15.01,15.07,14.69,15.01,1771400
8/2/1994 16:00:00,14.86,15.13,14.86,14.86,2083800
8/3/1994 16:00:00,15.04,15.07,14.86,15.04,1354200
8/4/1994 16:00:00,15.07,15.16,14.98,15.07,2046400
8/5/1994 16:00:00,14.89,15.07,14.78,14.89,1599900
8/8/1994 16:00:00,15.1,15.13,14.95,15.1,1676600
8/9/1994 16:00:00,15.4,15.4,15.1,15.4,3013000
8/10/1994 16:00:00,15.31,15.52,15.31,15.31,2708600
8/11/1994 16:00:00,15.43,15.43,15.22,15.43,2445700
8/12/1994 16:00:00,15.22,15.55,15.22,15.22,2001600
8/15/1994 16:00:00,15.37,15.4,15.22,15.37,1077800
8/16/1994 16:00:00,15.43,15.46,15.22,15.43,2035100
8/17/1994 16:00:00,15.49,15.67,15.37,15.49,2945200
8/18/1994 16:00:00,15.82,15.97,15.61,15.82,4196800
8/19/1994 16:00:00,16.27,16.39,15.76,16.27,4663400
8/22/1994 16:00:00,16.18,16.33,16.06,16.18,2970600
8/23/1994 16:00:00,16.15,16.3,16.15,16.15,2911300
8/24/1994 16:00:00,16.09,16.09,15.91,16.09,2799200
8/25/1994 16:00:00,16.57,16.66,15.97,16.57,5273900
8/26/1994 16:00:00,16.72,16.75,16.51,16.72,4144100
8/29/1994 16:00:00,16.57,16.72,16.54,16.57,2314400
8/30/1994 16:00:00,16.57,16.66,16.45,16.57,1871500
8/31/1994 16:00:00,16.36,16.6,16.36,16.36,2471700
9/1/1994 16:00:00,16.21,16.3,15.97,16.21,2778500
9/2/1994 16:00:00,16.06,16.24,15.94,16.06,1464700
9/6/1994 16:00:00,16.12,16.15,15.91,16.12,1246300
9/7/1994 16:00:00,16.12,16.3,16.09,16.12,2030500
9/8/1994 16:00:00,16.21,16.27,16.06,16.21,1364300
9/9/1994 16:00:00,16.06,16.24,15.94,16.06,2309200
9/12/1994 16:00:00,16.21,16.27,16.12,16.21,1205900
9/13/1994 16:00:00,16.54,16.63,16.39,16.54,2904200
9/14/1994 16:00:00,16.66,16.75,16.48,16.66,2536500
9/15/1994 16:00:00,16.66,16.78,16.6,16.66,2057100
9/16/1994 16:00:00,16.95,17.04,16.6,16.95,5149600
9/19/1994 16:00:00,16.8,17.01,16.78,16.8,1848500
9/20/1994 16:00:00,16.78,16.83,16.63,16.78,2745200
9/21/1994 16:00:00,16.6,17.04,16.57,16.6,3637100
9/22/1994 16:00:00,16.63,16.78,16.57,16.63,2120500
9/23/1994 16:00:00,16.51,16.6,16.45,16.51,1760800
9/26/1994 16:00:00,16.48,16.51,16.18,16.48,1764800
9/27/1994 16:00:00,16.48,16.57,16.39,16.48,1115700
9/28/1994 16:00:00,16.36,16.69,16.36,16.36,1300000
9/29/1994 16:00:00,16.6,16.69,16.18,16.6,2306200
9/30/1994 16:00:00,16.63,16.75,16.45,16.63,2039800
10/3/1994 16:00:00,16.45,16.6,16.39,16.45,1166500
10/4/1994 16:00:00,16.33,16.6,16.3,16.33,1720500
10/5/1994 16:00:00,16.51,16.51,16.09,16.51,2691500
10/6/1994 16:00:00,16.42,16.6,16.39,16.42,1809200
10/7/1994 16:00:00,16.98,17.13,16.42,16.98,4495600
10/10/1994 16:00:00,17.07,17.16,16.89,17.07,1804900
10/11/1994 16:00:00,17.1,17.28,17.07,17.1,2807600
10/12/1994 16:00:00,17.46,17.55,16.95,17.46,3230100
10/13/1994 16:00:00,17.25,17.7,17.25,17.25,2341600
10/14/1994 16:00:00,17.46,17.46,17.16,17.46,2040800
10/17/1994 16:00:00,17.49,17.61,17.37,17.49,1536400
10/18/1994 16:00:00,17.76,17.79,17.52,17.76,2463400
10/19/1994 16:00:00,18,18.09,17.61,18,3934200
10/20/1994 16:00:00,17.91,18.18,17.64,17.91,5216900
10/21/1994 16:00:00,17.82,18,17.7,17.82,3368400
10/24/1994 16:00:00,17.43,17.82,17.4,17.43,2615200
10/25/1994 16:00:00,17.64,17.76,17.34,17.64,2829600
10/26/1994 16:00:00,17.76,17.79,17.58,17.76,2439800
10/27/1994 16:00:00,17.7,17.82,17.61,17.7,1249600
10/28/1994 16:00:00,18.18,18.24,17.7,18.18,2713300
10/31/1994 16:00:00,17.95,18.06,17.79,17.79,1926400
11/1/1994 16:00:00,17.65,17.97,17.55,17.64,2500000
11/2/1994 16:00:00,17.73,17.97,17.61,17.73,2669600
11/3/1994 16:00:00,17.68,17.82,17.46,17.55,1612600
11/4/1994 16:00:00,17.41,17.55,16.98,17.01,3200200
11/7/1994 16:00:00,16.94,17.25,16.89,17.16,2278900
11/8/1994 16:00:00,17.43,17.55,17.04,17.43,1869000
11/9/1994 16:00:00,17.51,17.76,17.49,17.67,2617100
11/10/1994 16:00:00,17.44,17.58,17.1,17.22,2682500
11/11/1994 16:00:00,17.28,17.43,17.13,17.28,1847900
11/14/1994 16:00:00,17.27,17.43,17.25,17.4,1512400
11/15/1994 16:00:00,17.31,17.64,17.31,17.46,1745200
11/16/1994 16:00:00,17.34,17.64,17.34,17.4,1271500
11/17/1994 16:00:00,17.38,17.61,17.37,17.46,1815500
11/18/1994 16:00:00,17.49,17.52,17.37,17.49,3122600
11/21/1994 16:00:00,17.38,17.7,17.34,17.34,1670000
11/22/1994 16:00:00,17.27,17.4,16.57,16.63,2390600
11/23/1994 16:00:00,16.44,16.72,16.24,16.69,4687800
11/25/1994 16:00:00,16.89,16.92,16.72,16.89,1095700
11/28/1994 16:00:00,16.82,17.1,16.78,16.87,1994700
11/29/1994 16:00:00,16.78,16.95,16.78,16.87,1346500
11/30/1994 16:00:00,16.88,17.01,16.87,16.89,1961600
12/1/1994 16:00:00,16.76,16.89,16.54,16.6,1659500
12/2/1994 16:00:00,16.45,17.04,16.45,17.04,1993300
12/5/1994 16:00:00,17.04,17.28,17.04,17.04,2034600
12/6/1994 16:00:00,17.1,17.19,17.01,17.1,1928800
12/7/1994 16:00:00,17.01,17.04,16.87,17.01,1315600
12/8/1994 16:00:00,16.88,17.07,16.66,16.75,1717900
12/9/1994 16:00:00,17.04,17.07,16.6,17.04,2472500
12/12/1994 16:00:00,16.88,17.04,16.63,16.89,2205100
12/13/1994 16:00:00,16.79,16.95,16.63,16.66,1369100
12/14/1994 16:00:00,16.78,16.87,16.57,16.78,2044200
12/15/1994 16:00:00,16.83,16.95,16.75,16.83,1885300
12/16/1994 16:00:00,16.82,16.92,16.69,16.75,2944000
12/19/1994 16:00:00,17.1,17.1,16.83,17.1,2413400
12/20/1994 16:00:00,16.94,17.1,16.89,16.89,1726800
12/21/1994 16:00:00,17.58,17.58,16.95,17.58,3211900
12/22/1994 16:00:00,17.55,17.82,17.55,17.55,2662100
12/23/1994 16:00:00,17.55,17.73,17.49,17.55,938400
12/27/1994 16:00:00,17.61,17.79,17.61,17.73,1233300
12/28/1994 16:00:00,17.65,17.76,17.31,17.4,1355300
12/29/1994 16:00:00,17.76,17.76,17.43,17.76,1926200
12/30/1994 16:00:00,17.62,17.79,17.46,17.55,1435900
1/3/1995 16:00:00,17.61,17.64,17.52,17.61,1167900
1/4/1995 16:00:00,17.54,17.82,17.49,17.76,1994700
1/5/1995 16:00:00,17.65,17.97,17.61,17.67,2270900
1/6/1995 16:00:00,17.94,18.09,17.7,17.94,3040500
1/9/1995 16:00:00,18.03,18.12,17.88,18.03,1713000
1/10/1995 16:00:00,18.3,18.45,18.06,18.3,3420800
1/11/1995 16:00:00,18.27,18.42,17.97,18.15,2450000
1/12/1995 16:00:00,18.15,18.24,18.03,18.15,2275900
1/13/1995 16:00:00,18.21,18.36,18.09,18.24,2030300
1/16/1995 16:00:00,18.51,18.63,18.24,18.51,2716000
1/17/1995 16:00:00,18.51,18.63,18.42,18.51,1595300
1/18/1995 16:00:00,18.43,18.6,18.3,18.45,1842600
1/19/1995 16:00:00,18.3,18.54,18.24,18.27,1713900
1/20/1995 16:00:00,18.13,18.27,17.91,18,3333400
1/23/1995 16:00:00,17.68,17.79,17.28,17.73,4913700
1/24/1995 16:00:00,17.59,17.88,17.55,17.67,3176600
1/25/1995 16:00:00,17.28,17.46,17.19,17.28,3808000
1/26/1995 16:00:00,17.28,17.52,17.25,17.28,2138900
1/27/1995 16:00:00,17.27,17.46,16.87,17.31,2717100
1/30/1995 16:00:00,17.27,17.43,17.07,17.13,1418500
1/31/1995 16:00:00,17.09,17.4,16.78,17.25,2741900
2/1/1995 16:00:00,17.58,17.64,17.25,17.58,3292000
2/2/1995 16:00:00,17.76,17.76,17.55,17.76,1458600
2/3/1995 16:00:00,17.82,17.97,17.79,17.82,2560800
2/6/1995 16:00:00,17.76,17.88,17.7,17.76,1352100
2/7/1995 16:00:00,17.64,17.76,17.64,17.73,1450600
2/8/1995 16:00:00,17.73,17.88,17.7,17.73,1496400
2/9/1995 16:00:00,17.91,17.97,17.73,17.91,1974000
2/10/1995 16:00:00,17.91,18.09,17.91,17.91,1539000
2/13/1995 16:00:00,17.85,18,17.85,17.88,1221800
2/14/1995 16:00:00,17.82,18.06,17.82,18.06,1696400
2/15/1995 16:00:00,17.95,18.12,17.94,18.03,1624700
2/16/1995 16:00:00,18.03,18.21,18.03,18.03,1702400
2/17/1995 16:00:00,17.98,18.09,17.85,17.91,2918000
2/21/1995 16:00:00,17.8,17.94,17.7,17.73,1557000
2/22/1995 16:00:00,17.88,17.88,17.7,17.88,1715500
2/23/1995 16:00:00,17.74,18.09,17.7,17.73,2206600
2/24/1995 16:00:00,17.88,18,17.73,17.88,1563600
2/27/1995 16:00:00,17.71,18,17.61,17.67,2053200
2/28/1995 16:00:00,17.97,17.97,17.67,17.97,1798600
3/1/1995 16:00:00,18,18.24,17.94,18,2050500
3/2/1995 16:00:00,18.45,18.48,18,18.45,2410800
3/3/1995 16:00:00,19.01,19.07,18.39,19.01,5410700
3/6/1995 16:00:00,19.16,19.4,18.98,19.16,5043300
3/7/1995 16:00:00,19.07,19.31,18.95,19.07,3449600
3/8/1995 16:00:00,18.93,19.1,18.75,19.04,3033300
3/9/1995 16:00:00,19.25,19.43,19.19,19.25,3128200
3/10/1995 16:00:00,19.2,19.49,19.19,19.37,2373100
3/13/1995 16:00:00,19.61,19.82,19.46,19.61,3489700
3/14/1995 16:00:00,19.52,19.76,19.46,19.46,2266900
3/15/1995 16:00:00,19.52,19.64,19.4,19.52,1771200
3/16/1995 16:00:00,19.94,19.97,19.49,19.94,2845700
3/17/1995 16:00:00,19.82,19.97,19.73,19.73,2967400
3/20/1995 16:00:00,19.94,20.06,19.7,19.94,1842200
3/21/1995 16:00:00,19.82,20.06,19.61,19.64,1989000
3/22/1995 16:00:00,19.49,19.73,19.4,19.49,2447200
3/23/1995 16:00:00,19.91,19.91,19.46,19.91,2764100
3/24/1995 16:00:00,19.97,20.15,19.94,19.97,2579500
3/27/1995 16:00:00,20.3,20.33,20.03,20.3,2028500
3/28/1995 16:00:00,20.14,20.27,20.12,20.18,1353000
3/29/1995 16:00:00,19.99,20.24,19.7,19.82,2971100
3/30/1995 16:00:00,19.73,19.91,19.52,19.67,2957100
3/31/1995 16:00:00,19.49,19.94,19.43,19.61,2618000
4/3/1995 16:00:00,19.79,19.94,19.64,19.79,1895100
4/4/1995 16:00:00,19.73,19.97,19.7,19.82,1680000
4/5/1995 16:00:00,20.06,20.09,19.79,20.06,2006800
4/6/1995 16:00:00,20.15,20.21,19.97,20.03,0
4/7/1995 16:00:00,20,20.33,19.94,20.06,0
4/10/1995 16:00:00,20.06,20.54,20.06,20.54,0
4/11/1995 16:00:00,20.51,20.77,20.45,20.72,0
4/12/1995 16:00:00,20.66,20.92,20.57,20.8,0
4/13/1995 16:00:00,20.74,20.86,20.57,20.63,0
4/17/1995 16:00:00,20.77,21.13,20.74,20.98,0
4/18/1995 16:00:00,21.04,21.13,20.8,21.07,0
4/19/1995 16:00:00,20.98,21.07,20.54,20.8,0
4/20/1995 16:00:00,21.61,21.64,21.16,21.25,0
4/21/1995 16:00:00,21.34,21.97,21.28,21.88,0
4/24/1995 16:00:00,21.85,22.42,21.73,22.33,0
4/25/1995 16:00:00,22.24,22.42,22.18,22.36,0
4/26/1995 16:00:00,22.24,22.83,22.18,22.74,0
4/27/1995 16:00:00,22.66,23.13,22.6,23.13,0
4/28/1995 16:00:00,22.92,22.98,22.45,22.6,0
5/1/1995 16:00:00,22.42,22.51,21.94,22,0
5/2/1995 16:00:00,21.88,22.3,21.88,22.18,0
5/3/1995 16:00:00,22.21,22.6,22.21,22.51,0
5/4/1995 16:00:00,22.63,22.95,22.27,22.39,0
5/5/1995 16:00:00,22.51,22.6,22.18,22.24,0
5/8/1995 16:00:00,22.15,22.74,22.12,22.39,0
5/9/1995 16:00:00,22.48,22.66,22.3,22.36,0
5/10/1995 16:00:00,22.42,22.69,22.42,22.42,0
5/11/1995 16:00:00,22.33,22.71,22.27,22.51,0
5/12/1995 16:00:00,22.39,22.83,22.39,22.54,0
5/15/1995 16:00:00,22.57,22.77,22.48,22.69,0
5/16/1995 16:00:00,22.51,22.89,22.51,22.6,0
5/17/1995 16:00:00,22.69,22.83,22.63,22.66,0
5/18/1995 16:00:00,22.6,22.95,22.24,22.24,0
5/19/1995 16:00:00,22.03,22.39,22.03,22.3,0
5/22/1995 16:00:00,22.33,22.77,22.33,22.74,0
5/23/1995 16:00:00,22.8,23.31,22.8,23.22,0
5/24/1995 16:00:00,23.28,23.37,22.57,22.95,0
5/25/1995 16:00:00,22.98,23.37,22.89,23.1,0
5/26/1995 16:00:00,23.07,23.28,22.57,22.69,0
5/30/1995 16:00:00,22.83,22.86,21.85,22.12,0
5/31/1995 16:00:00,22.06,22.36,21.94,22.21,0
6/1/1995 16:00:00,22.33,22.69,22.3,22.51,0
6/2/1995 16:00:00,22.36,22.77,22.3,22.42,0
6/5/1995 16:00:00,21.91,22.33,21.79,21.79,0
6/6/1995 16:00:00,22.06,22.15,21.82,21.82,0
6/7/1995 16:00:00,21.67,21.82,21.25,21.46,0
6/8/1995 16:00:00,21.52,21.67,21.1,21.34,0
6/9/1995 16:00:00,21.4,21.55,21.16,21.28,0
6/12/1995 16:00:00,21.61,21.67,21.43,21.55,0
6/13/1995 16:00:00,21.82,22.03,21.7,21.91,0
6/14/1995 16:00:00,21.94,22.3,21.94,22.21,0
6/15/1995 16:00:00,22.36,22.45,22.21,22.21,0
6/16/1995 16:00:00,22.24,22.36,22.12,22.12,0
6/19/1995 16:00:00,22.3,22.6,22.27,22.39,0
6/20/1995 16:00:00,22.42,23.4,22.42,23.34,0
6/21/1995 16:00:00,23.4,23.55,23.19,23.19,0
6/22/1995 16:00:00,23.25,23.7,23.25,23.28,0
6/23/1995 16:00:00,23.28,23.73,23.22,23.55,0
6/26/1995 16:00:00,23.52,23.7,23.4,23.46,0
6/27/1995 16:00:00,23.43,23.55,22.57,22.77,0
6/28/1995 16:00:00,22.69,23.07,22.54,22.95,0
6/29/1995 16:00:00,23.01,23.43,23.01,23.16,0
6/30/1995 16:00:00,23.34,23.43,22.77,22.92,0
7/3/1995 16:00:00,23.34,23.43,22.77,22.92,0
7/5/1995 16:00:00,23.37,23.55,23.1,23.1,0
7/6/1995 16:00:00,23.37,23.61,23.1,23.61,0
7/7/1995 16:00:00,23.55,24.03,23.55,23.76,0
7/10/1995 16:00:00,23.88,24.21,23.88,24.03,0
7/11/1995 16:00:00,23.88,24.12,23.76,23.82,0
7/12/1995 16:00:00,23.97,24.36,23.79,24.27,0
7/13/1995 16:00:00,24.3,24.89,23.94,24.77,0
7/14/1995 16:00:00,24.51,24.89,24.39,24.8,0
7/17/1995 16:00:00,24.86,25.67,24.83,25.61,0
7/18/1995 16:00:00,25.55,25.94,24.57,25.55,0
7/19/1995 16:00:00,25.13,25.19,24,24.18,0
7/20/1995 16:00:00,24.36,24.92,23.97,24.86,0
7/21/1995 16:00:00,24.83,25.04,24.63,24.74,0
7/24/1995 16:00:00,24.86,25.76,24.71,25.67,0
7/25/1995 16:00:00,25.67,26.33,25.67,25.88,0
7/26/1995 16:00:00,26.06,26.18,25.85,26.03,0
7/27/1995 16:00:00,26.15,26.48,26.15,26.45,0
7/28/1995 16:00:00,26.48,26.57,26.24,26.42,0
7/31/1995 16:00:00,26.42,26.57,25.91,26,0
8/1/1995 16:00:00,26.18,26.18,26.18,26.18,0
8/2/1995 16:00:00,25.67,26.68,25.55,25.67,0
8/3/1995 16:00:00,26.15,26.15,25.55,26.03,3285600
8/4/1995 16:00:00,26.06,26.21,25.91,25.94,1257700
8/7/1995 16:00:00,26.06,26.12,25.94,26,1430800
8/8/1995 16:00:00,26.06,26.27,25.94,26.18,1795300
8/9/1995 16:00:00,26.27,26.36,26.18,26.24,1966800
8/10/1995 16:00:00,26.24,26.36,26,26.06,1964200
8/11/1995 16:00:00,26.15,26.18,25.88,26.09,2327700
8/14/1995 16:00:00,26.09,26.48,26.09,26.45,1751600
8/15/1995 16:00:00,26.51,26.77,26.33,26.74,2700500
8/16/1995 16:00:00,26.77,27.73,26.45,26.83,2946800
8/17/1995 16:00:00,26.83,27.37,26.8,27.13,3029700
8/18/1995 16:00:00,27.19,27.34,26.54,26.6,3698300
8/21/1995 16:00:00,26.6,26.6,25.43,25.49,4701100
8/22/1995 16:00:00,25.55,25.85,25.22,25.7,5512800
8/23/1995 16:00:00,25.82,25.91,25.43,25.46,3228800
8/24/1995 16:00:00,25.04,25.04,25.04,25.04,0
8/25/1995 16:00:00,24.77,24.98,24.77,24.8,2761300
8/28/1995 16:00:00,24.77,24.8,24.21,24.27,4110800
8/29/1995 16:00:00,24.39,24.51,23.55,24.48,6146700
8/30/1995 16:00:00,24.63,24.71,24.15,24.27,3248300
8/31/1995 16:00:00,24.48,25.22,24.36,24.69,2316400
9/1/1995 16:00:00,24.54,24.95,24.45,24.54,1818900
9/5/1995 16:00:00,24.6,24.6,23.91,24.15,6668400
9/6/1995 16:00:00,24.36,24.51,24.03,24.06,4192500
9/7/1995 16:00:00,24,24.18,23.64,23.73,4051300
9/8/1995 16:00:00,23.88,23.88,23.43,23.61,5355100
9/11/1995 16:00:00,23.46,23.49,22.89,23.01,6619500
9/12/1995 16:00:00,22.95,23.52,22.48,23.28,7287800
9/13/1995 16:00:00,23.28,23.58,22.06,22.6,13927800
9/14/1995 16:00:00,22.74,22.83,22.09,22.3,7858800
9/15/1995 16:00:00,22.15,22.15,21.88,22.03,6781400
9/18/1995 16:00:00,22.09,22.51,22.06,22.48,4453700
9/19/1995 16:00:00,22.6,23.13,22.51,23.1,4219700
9/20/1995 16:00:00,23.31,23.43,22.83,22.86,2956700
9/21/1995 16:00:00,22.86,23.04,22.42,22.54,2867000
9/22/1995 16:00:00,22.42,22.54,22.3,22.42,2344300
9/25/1995 16:00:00,22.45,22.63,22.12,22.15,2971500
9/26/1995 16:00:00,22.27,22.45,22.09,22.18,2774700
9/27/1995 16:00:00,22.12,22.57,21.94,22.54,4690700
9/28/1995 16:00:00,22.66,22.77,22.42,22.42,2855100
9/29/1995 16:00:00,22.51,22.74,22.36,22.57,2597300
10/2/1995 16:00:00,22.69,22.83,22.3,22.33,2403900
10/3/1995 16:00:00,22.33,22.74,22.3,22.66,3290600
10/4/1995 16:00:00,22.51,22.6,22.3,22.39,2007000
10/5/1995 16:00:00,22.42,22.69,22.33,22.57,2469300
10/6/1995 16:00:00,22.74,22.77,22.48,22.48,2598000
10/9/1995 16:00:00,22.42,22.48,21.97,21.97,3021500
10/10/1995 16:00:00,21.49,21.76,21.28,21.67,6467800
10/11/1995 16:00:00,21.85,22.18,21.79,22.09,3359000
10/12/1995 16:00:00,22.27,22.33,22,22.21,2358000
10/13/1995 16:00:00,22.45,22.63,22.09,22.09,2352400
10/16/1995 16:00:00,22.45,22.48,22.09,22.45,2648600
10/17/1995 16:00:00,22.09,23.16,21.79,23.13,11453200
10/18/1995 16:00:00,23.37,23.46,22.86,23.01,7304500
10/19/1995 16:00:00,23.13,23.49,22.92,23.46,4686700
10/20/1995 16:00:00,23.46,23.52,22.74,22.77,4453600
10/23/1995 16:00:00,22.83,23.64,22.83,23.64,4150400
10/24/1995 16:00:00,23.61,23.7,23.22,23.4,3113400
10/25/1995 16:00:00,23.52,23.52,22.95,22.95,2737900
10/26/1995 16:00:00,22.98,23.07,22.6,22.89,3351800
10/27/1995 16:00:00,22.89,23.07,22.86,23.04,2473600
10/30/1995 16:00:00,23.28,23.58,23.19,23.46,3178900
10/31/1995 16:00:00,23.49,23.67,23.13,23.22,2952800
11/1/1995 16:00:00,23.13,23.13,23.13,23.13,0
11/2/1995 16:00:00,23.73,23.73,23.73,23.73,0
11/3/1995 16:00:00,23.94,23.94,23.94,23.94,0
11/6/1995 16:00:00,24,24,24,24,0
11/7/1995 16:00:00,23.55,23.55,23.55,23.55,0
11/8/1995 16:00:00,23.34,23.34,23.34,23.34,0
11/9/1995 16:00:00,23.46,23.46,23.46,23.46,0
11/10/1995 16:00:00,23.28,23.28,23.28,23.28,0
11/13/1995 16:00:00,23.25,23.25,23.25,23.25,0
11/14/1995 16:00:00,22.78,22.78,22.78,22.78,0
11/15/1995 16:00:00,22.84,22.84,22.84,22.84,0
11/16/1995 16:00:00,22.84,22.84,22.84,22.84,0
11/17/1995 16:00:00,22.72,22.72,22.72,22.72,0
11/20/1995 16:00:00,22.21,22.21,22.21,22.21,0
11/21/1995 16:00:00,22.57,22.57,22.57,22.57,0
11/22/1995 16:00:00,22.78,22.78,22.78,22.78,0
11/24/1995 16:00:00,22.9,22.9,22.9,22.9,0
11/27/1995 16:00:00,22.9,22.9,22.9,22.9,0
11/28/1995 16:00:00,23.13,23.13,23.13,23.13,0
11/29/1995 16:00:00,23.19,23.19,23.19,23.19,0
11/30/1995 16:00:00,23.07,23.07,23.07,23.07,0
12/1/1995 16:00:00,22.66,22.66,22.66,22.66,0
12/4/1995 16:00:00,23.04,23.04,23.04,23.04,0
12/5/1995 16:00:00,22.86,22.86,22.86,22.86,0
12/6/1995 16:00:00,22.84,22.84,22.84,22.84,0
12/7/1995 16:00:00,22.63,22.63,22.63,22.63,0
12/8/1995 16:00:00,22.9,22.9,22.9,22.9,0
12/11/1995 16:00:00,22.98,22.98,22.98,22.98,0
12/12/1995 16:00:00,22.78,22.78,22.78,22.78,0
12/13/1995 16:00:00,22.57,22.57,22.57,22.57,0
12/14/1995 16:00:00,22.63,22.71,22.06,22.39,3390500
12/15/1995 16:00:00,21.97,21.97,21.46,21.55,6848400
12/18/1995 16:00:00,21.49,21.52,20.95,21.25,6355200
12/19/1995 16:00:00,21.28,21.94,21.28,21.94,3744400
12/20/1995 16:00:00,21.97,21.97,21.28,21.34,3606000
12/21/1995 16:00:00,21.46,21.76,21.43,21.7,2674000
12/22/1995 16:00:00,21.7,22.12,21.52,21.79,1877400
12/26/1995 16:00:00,21.97,22,21.88,21.91,945400
12/27/1995 16:00:00,21.91,21.97,21.67,21.97,1572000
12/28/1995 16:00:00,21.76,21.82,21.49,21.52,1777400
12/29/1995 16:00:00,21.58,21.91,21.37,21.82,3463500
1/2/1996 16:00:00,21.82,22,21.64,21.7,2508400
1/3/1996 16:00:00,21.73,21.79,21.25,21.31,3132000
1/4/1996 16:00:00,21.28,21.28,20.45,20.74,8083200
1/5/1996 16:00:00,20.54,21.22,20.54,21.16,3876400
1/8/1996 16:00:00,21.16,21.31,21.16,21.28,882900
1/9/1996 16:00:00,21.28,21.28,20.57,20.72,3723500
1/10/1996 16:00:00,20.69,21.28,20.69,20.83,5687900
1/11/1996 16:00:00,21.04,21.13,20.42,20.83,4624600
1/12/1996 16:00:00,20.83,20.83,20.57,20.63,2664500
1/15/1996 16:00:00,20.63,20.66,19.85,19.85,3743600
1/16/1996 16:00:00,20.09,20.95,19.94,20.77,4613000
1/17/1996 16:00:00,20.72,21.31,20.48,20.92,4821100
1/18/1996 16:00:00,21.49,22.98,21.4,22.98,9834400
1/19/1996 16:00:00,23.07,24.86,23.04,24.36,13146000
1/22/1996 16:00:00,24.24,24.8,24.21,24.42,5293000
1/23/1996 16:00:00,24.06,24.95,24.06,24.6,4959100
1/24/1996 16:00:00,24.63,26.03,24.63,25.55,7989000
1/25/1996 16:00:00,25.7,25.79,24.86,24.86,4721800
1/26/1996 16:00:00,24.8,25.37,24.71,25.01,2647100
1/29/1996 16:00:00,25.01,25.46,24.89,25.43,2370100
1/30/1996 16:00:00,25.43,26.03,25.4,25.94,4593600
1/31/1996 16:00:00,25.79,26.27,25.67,25.91,5014800
2/1/1996 16:00:00,25.97,26.36,25.82,26.03,4077900
2/2/1996 16:00:00,26.03,26.24,25.97,26.18,3110900
2/5/1996 16:00:00,26.12,26.83,26.09,26.8,3284900
2/6/1996 16:00:00,26.95,27.49,26.89,27.4,5040400
2/7/1996 16:00:00,27.13,27.37,26.63,26.89,4023500
2/8/1996 16:00:00,26.83,27.34,26.71,27.1,3194800
2/9/1996 16:00:00,27.07,27.4,26.98,27.1,3371500
2/12/1996 16:00:00,27.25,27.67,27.19,27.52,3666600
2/13/1996 16:00:00,27.22,27.43,27.1,27.13,3467900
2/14/1996 16:00:00,27.19,27.46,27.1,27.28,3237400
2/15/1996 16:00:00,27.31,28.3,27.28,28.09,5835300
2/16/1996 16:00:00,28.18,28.39,28.06,28.18,4985900
2/20/1996 16:00:00,28.45,28.45,28.45,28.45,0
2/21/1996 16:00:00,28.42,28.8,28.33,28.71,4097400
2/22/1996 16:00:00,29.64,29.64,29.64,29.64,0
2/23/1996 16:00:00,29.85,30.12,29.61,30,4125300
2/26/1996 16:00:00,29.58,29.97,29.58,29.82,2882500
2/27/1996 16:00:00,29.88,30.77,29.73,30.74,4612800
2/28/1996 16:00:00,30.6,30.77,30.33,30.42,4389000
2/29/1996 16:00:00,30.42,30.42,29.13,29.28,7294400
3/1/1996 16:00:00,29.04,29.07,28.36,28.65,8045000
3/4/1996 16:00:00,28.36,28.95,27.52,27.73,4322100
3/5/1996 16:00:00,27.97,28.54,27.73,28.42,3544200
3/6/1996 16:00:00,28.6,28.63,27.79,27.94,2734300
3/7/1996 16:00:00,27.94,28.06,27.55,27.97,2472900
3/8/1996 16:00:00,27.58,27.91,26.8,27.28,5381100
3/11/1996 16:00:00,27.58,28.15,26.8,28,3936000
3/12/1996 16:00:00,27.61,27.7,27.13,27.28,4201600
3/13/1996 16:00:00,27.34,27.85,27.34,27.67,2810800
3/14/1996 16:00:00,27.82,28.36,27.73,27.91,2872300
3/15/1996 16:00:00,27.91,28.65,27.64,28.63,3521500
3/18/1996 16:00:00,28.8,29.88,28.71,29.73,3755500
3/19/1996 16:00:00,28.8,29.88,28.71,29.07,2796000
3/20/1996 16:00:00,28.86,28.86,27.28,27.94,7563400
3/21/1996 16:00:00,28.06,28.15,27.25,27.43,3778400
3/22/1996 16:00:00,27.46,27.64,27.22,27.34,2235100
3/25/1996 16:00:00,27.43,27.49,25.88,25.94,4722700
3/26/1996 16:00:00,25.88,26.74,25.7,26.45,4557900
3/27/1996 16:00:00,26.54,27.16,26.33,26.63,3613700
3/28/1996 16:00:00,26.71,26.83,26.15,26.21,3046600
3/29/1996 16:00:00,26.36,27.16,26.36,26.54,2931100
4/1/1996 16:00:00,26.77,27.88,26.3,26.3,2273900
4/2/1996 16:00:00,26.51,28.21,26.39,27.82,4924900
4/3/1996 16:00:00,28.06,28.77,27.73,28.6,4149900
4/4/1996 16:00:00,28.63,28.63,28,28.18,2501000
4/8/1996 16:00:00,27.61,28.51,27.34,28.51,3997700
4/9/1996 16:00:00,28.6,28.68,28.06,28.15,1964600
4/10/1996 16:00:00,28.12,28.86,27.49,27.7,3188100
4/11/1996 16:00:00,27.79,28.27,27.79,28.06,3769800
4/12/1996 16:00:00,27.52,27.61,26.3,26.63,7761200
4/15/1996 16:00:00,26.89,27.34,26.6,27.25,2294400
4/16/1996 16:00:00,27.49,27.79,27.37,27.58,2438500
4/17/1996 16:00:00,27.88,28.68,24.69,25.13,16298100
4/18/1996 16:00:00,25.22,25.61,24.74,25.19,10378000
4/19/1996 16:00:00,25.25,25.58,24.98,25.16,4895800
4/22/1996 16:00:00,25.52,25.7,25.22,25.61,3313800
4/23/1996 16:00:00,25.67,25.73,25.49,25.55,2458700
4/24/1996 16:00:00,25.7,25.7,25.22,25.49,3027300
4/25/1996 16:00:00,25.55,25.91,25.46,25.85,4485500
4/26/1996 16:00:00,25.91,26,25.7,25.73,2281800
4/29/1996 16:00:00,25.73,25.97,25.64,25.94,2687400
4/30/1996 16:00:00,26.27,26.33,25.67,25.73,2664000
5/1/1996 16:00:00,25.73,25.91,25.7,25.76,2097600
5/2/1996 16:00:00,25.79,26.12,25.64,25.76,3523500
5/3/1996 16:00:00,25.85,26.03,25.73,25.82,2003700
5/6/1996 16:00:00,25.91,25.91,25.4,25.55,2911100
5/7/1996 16:00:00,25.55,25.61,25.13,25.28,2379700
5/8/1996 16:00:00,25.07,25.31,24.74,25.25,3598900
5/9/1996 16:00:00,25.25,25.67,25.25,25.55,2382100
5/10/1996 16:00:00,25.64,25.88,25.34,25.4,2088900
5/13/1996 16:00:00,25.4,25.91,25.28,25.67,2292500
5/14/1996 16:00:00,25.85,26,25.67,25.91,3113500
5/15/1996 16:00:00,26.03,26.24,25.91,26.03,2739500
5/16/1996 16:00:00,25.79,26.09,25.7,25.94,2716800
5/17/1996 16:00:00,26.03,26.66,26.03,26.51,3851300
5/20/1996 16:00:00,26.74,26.86,26.51,26.71,2408900
5/21/1996 16:00:00,26.71,26.77,26.45,26.51,2151900
5/22/1996 16:00:00,26.45,26.51,26.21,26.36,2239300
5/23/1996 16:00:00,26.24,26.39,26.03,26.09,2603900
5/24/1996 16:00:00,26.15,26.39,25.79,25.97,1409200
5/28/1996 16:00:00,26.09,26.12,25.76,25.85,1727500
5/29/1996 16:00:00,25.73,25.88,25.22,25.52,3261000
5/30/1996 16:00:00,25.52,25.7,25.34,25.58,2620300
5/31/1996 16:00:00,25.7,25.85,25.46,25.46,2247100
6/3/1996 16:00:00,25.4,25.43,25.07,25.16,1739500
6/4/1996 16:00:00,25.16,25.46,25.16,25.28,1988000
6/5/1996 16:00:00,25.31,25.4,25.01,25.04,1786900
6/6/1996 16:00:00,25.04,25.04,24.12,24.18,5977400
6/7/1996 16:00:00,23.04,24.36,23.01,24.3,7378700
6/10/1996 16:00:00,24.36,24.66,24.21,24.54,3009800
6/11/1996 16:00:00,24.66,24.92,24.45,24.63,2698700
6/12/1996 16:00:00,24.74,24.8,24.54,24.6,2136100
6/13/1996 16:00:00,24.6,24.86,24.3,24.66,2132000
6/14/1996 16:00:00,24.69,24.89,24.27,24.3,2711800
6/17/1996 16:00:00,24.33,24.54,24.09,24.51,1907300
6/18/1996 16:00:00,24.36,24.48,24.18,24.18,1914400
6/19/1996 16:00:00,24.3,24.51,24.24,24.39,1429500
6/20/1996 16:00:00,24.42,24.42,23.73,24.06,4139600
6/21/1996 16:00:00,24.06,24.3,23.46,23.55,4222100
6/24/1996 16:00:00,23.79,23.91,23.52,23.79,2470800
6/25/1996 16:00:00,23.73,23.82,23.61,23.82,2221300
6/26/1996 16:00:00,23.82,23.91,23.52,23.55,2543700
6/27/1996 16:00:00,23.49,23.79,23.31,23.64,3323200
6/28/1996 16:00:00,23.67,23.85,23.61,23.64,2314600
7/1/1996 16:00:00,23.7,24.42,23.67,24.27,2427500
7/2/1996 16:00:00,24.12,24.18,23.85,23.88,2023700
7/3/1996 16:00:00,23.82,23.91,23.43,23.52,2428000
7/5/1996 16:00:00,23.37,23.7,23.34,23.37,1667400
7/8/1996 16:00:00,23.43,23.7,23.43,23.49,1843900
7/9/1996 16:00:00,23.58,23.94,23.58,23.64,2101500
7/10/1996 16:00:00,23.58,23.76,23.34,23.67,2852300
7/11/1996 16:00:00,23.31,23.31,22.48,22.92,5832200
7/12/1996 16:00:00,22.83,22.92,22.6,22.76,3224300
7/15/1996 16:00:00,22.57,22.66,21.43,21.7,4079500
7/16/1996 16:00:00,22.03,22.86,21.43,22.74,6205000
7/17/1996 16:00:00,23.37,23.37,20.3,22.48,3788000
7/18/1996 16:00:00,22.51,22.83,22.24,22.51,2669900
7/19/1996 16:00:00,22.57,22.74,22.33,22.33,2114100
7/22/1996 16:00:00,22.3,22.3,21.94,22.03,1779800
7/23/1996 16:00:00,22.09,22.27,21.49,21.55,3114500
7/24/1996 16:00:00,21.4,22.12,21.28,21.91,3683600
7/25/1996 16:00:00,23.04,24.77,22.8,24.71,9009300
7/26/1996 16:00:00,24.63,24.86,24.27,24.8,3990800
7/29/1996 16:00:00,24.71,25.19,24.69,25.01,3337200
7/30/1996 16:00:00,25.13,25.79,24.77,25.64,3992800
7/31/1996 16:00:00,25.58,26,25.55,25.58,3502400
8/1/1996 16:00:00,25.79,26.03,25.61,25.61,3120600
8/2/1996 16:00:00,25.88,26.12,25.73,26,953900
8/5/1996 16:00:00,25.79,26.12,25.79,26.12,2147300
8/6/1996 16:00:00,26.09,26.3,25.85,26.18,3594900
8/7/1996 16:00:00,26.27,26.95,26.21,26.89,3067100
8/8/1996 16:00:00,27.1,27.19,26.63,27.1,2938600
8/9/1996 16:00:00,26.83,27.16,26.77,26.83,1746900
8/12/1996 16:00:00,26.77,27.04,26.66,26.77,1931900
8/13/1996 16:00:00,26.12,26.86,26.06,26.12,2983800
8/14/1996 16:00:00,26.57,26.63,26.12,26.57,2581500
8/15/1996 16:00:00,26.66,26.66,26.45,26.48,1156700
8/16/1996 16:00:00,26.51,26.57,26.24,26.27,1521700
8/19/1996 16:00:00,26.24,26.36,26.15,26.27,1762800
8/20/1996 16:00:00,26.3,26.45,26.27,26.39,1132700
8/21/1996 16:00:00,26.39,26.92,26.3,26.83,1764600
8/22/1996 16:00:00,26.92,27.19,26.83,26.89,2067300
8/23/1996 16:00:00,26.77,27.13,26.74,26.98,1543400
8/26/1996 16:00:00,26.98,27.01,26.8,26.86,913700
8/27/1996 16:00:00,26.89,26.92,26.57,26.68,1204800
8/28/1996 16:00:00,27.22,27.67,27.19,27.43,3703900
8/29/1996 16:00:00,27.52,27.58,27.37,27.52,2293000
8/30/1996 16:00:00,27.37,27.46,27.13,27.31,1536200
9/3/1996 16:00:00,27.04,27.55,26.88,27.52,2207600
9/4/1996 16:00:00,27.46,27.61,27.34,27.37,1370200
9/5/1996 16:00:00,27.22,27.34,26.98,27.01,1798100
9/6/1996 16:00:00,27.1,27.67,27.1,27.52,2409000
9/9/1996 16:00:00,27.58,28.12,27.58,28.09,2566400
9/10/1996 16:00:00,28.09,28.51,27.82,28.21,4011600
9/11/1996 16:00:00,27.88,28.24,27.88,28.18,2166200
9/12/1996 16:00:00,28.18,28.24,27.97,28,2167700
9/13/1996 16:00:00,28.33,29.34,28.21,29.16,5509100
9/16/1996 16:00:00,29.16,29.46,29.07,29.31,2659600
9/17/1996 16:00:00,29.37,29.52,29.01,29.52,3296900
9/18/1996 16:00:00,29.7,29.91,29.37,29.73,3522000
9/19/1996 16:00:00,29.67,29.88,29.37,29.37,2051700
9/20/1996 16:00:00,29.52,29.82,29.34,29.34,3060400
9/23/1996 16:00:00,29.19,29.79,28.98,29.67,1691400
9/24/1996 16:00:00,29.67,30.3,29.61,29.85,3743000
9/25/1996 16:00:00,29.73,30.3,29.73,30.21,2693300
9/26/1996 16:00:00,30.15,30.54,29.64,29.7,4166000
9/27/1996 16:00:00,29.79,30,29.61,29.79,1310800
9/30/1996 16:00:00,29.82,30.36,29.64,29.76,1861400
10/1/1996 16:00:00,29.61,29.91,29.4,29.55,5413000
10/2/1996 16:00:00,29.67,30.06,29.61,30.06,2013100
10/3/1996 16:00:00,30.03,30.15,29.76,29.85,1755100
10/4/1996 16:00:00,30.06,30.36,30,30.24,2302300
10/7/1996 16:00:00,30.3,30.57,30.3,30.57,1835300
10/8/1996 16:00:00,30.57,30.98,30.48,30.65,3146400
10/9/1996 16:00:00,30.8,30.89,30.12,30.18,2401300
10/10/1996 16:00:00,29.97,30.57,29.97,30.51,2248500
10/11/1996 16:00:00,30.68,31.52,30.62,31.01,2848500
10/14/1996 16:00:00,31.01,31.01,30.83,31.01,1399900
10/15/1996 16:00:00,31.22,31.34,30.71,30.92,2862900
10/16/1996 16:00:00,30.92,30.92,30.42,30.71,1875200
10/17/1996 16:00:00,30.74,30.83,29.91,29.97,2134900
10/18/1996 16:00:00,29.97,30.92,28.65,30.89,3467400
10/21/1996 16:00:00,30.57,32.33,30.27,31.07,8334300
10/22/1996 16:00:00,30.95,31.22,30.15,30.3,2999000
10/23/1996 16:00:00,30.21,31.01,30.12,30.86,3008300
10/24/1996 16:00:00,30.92,30.98,30.42,30.42,1793500
10/25/1996 16:00:00,30.18,30.57,30.18,30.21,1625400
10/28/1996 16:00:00,30.24,30.6,30.21,30.42,1848700
10/29/1996 16:00:00,30.45,30.51,29.88,30,2533500
10/30/1996 16:00:00,30.03,30.45,30.03,30.18,2078900
10/31/1996 16:00:00,30.21,30.92,30.06,30.5,2147300
11/1/1996 16:00:00,30.77,30.95,30.36,30.45,2067300
11/4/1996 16:00:00,30.42,30.89,30.42,30.77,1526900
11/5/1996 16:00:00,30.98,31.4,30.86,31.13,2912200
11/6/1996 16:00:00,31.19,31.97,31.1,31.88,2885300
11/7/1996 16:00:00,31.79,32.27,31.7,31.94,3481500
11/8/1996 16:00:00,31.85,32.12,31.73,32.09,1569700
11/11/1996 16:00:00,32.09,32.21,32,32.12,1431600
11/12/1996 16:00:00,32.24,32.42,31.76,31.82,2724100
11/13/1996 16:00:00,31.88,32.45,31.82,32.18,2389800
11/14/1996 16:00:00,32.15,32.86,32.15,32.68,2774300
11/15/1996 16:00:00,32.86,34.74,32.8,34.65,7798300
11/18/1996 16:00:00,34.56,35.82,34.15,35.07,5776100
11/19/1996 16:00:00,35.07,36.83,34.98,36.77,6028000
11/20/1996 16:00:00,36.62,37.97,36.39,36.48,8233900
11/21/1996 16:00:00,36.56,36.98,36.42,36.77,4650200
11/22/1996 16:00:00,36.8,37.94,36.8,37.85,4081000
11/25/1996 16:00:00,37.64,37.76,37.28,37.64,2833100
11/26/1996 16:00:00,37.61,38.39,37.49,37.7,5510700
11/27/1996 16:00:00,37.79,38.27,37.67,37.76,2799700
11/29/1996 16:00:00,37.76,38.12,37.76,38.06,931300
12/2/1996 16:00:00,38.12,39.04,38.12,38.92,3315800
12/3/1996 16:00:00,39.07,39.64,38.83,38.83,4677800
12/4/1996 16:00:00,38.89,39.16,38,38.68,4437500
12/5/1996 16:00:00,38.53,38.83,37.82,37.85,3018100
12/6/1996 16:00:00,36.77,37.73,36.65,37.19,6051200
12/9/1996 16:00:00,37.4,38.24,37.31,38.21,2765900
12/10/1996 16:00:00,38.56,38.62,37.67,37.73,3093000
12/11/1996 16:00:00,37.07,37.88,36.71,37.31,5861000
12/12/1996 16:00:00,37.76,37.85,36.18,36.21,3604500
12/13/1996 16:00:00,36.36,36.98,36.27,36.51,3888600
12/16/1996 16:00:00,36.54,36.83,35.16,35.55,3591800
12/17/1996 16:00:00,35.43,36.68,35.19,36.27,4020600
12/18/1996 16:00:00,36.42,37.97,36.39,37.88,3610200
12/19/1996 16:00:00,38.15,38.15,37.55,37.73,3402000
12/20/1996 16:00:00,37.76,37.82,36.8,36.89,4177200
12/23/1996 16:00:00,36.8,36.8,36.8,36.8,0
12/24/1996 16:00:00,36.8,37.25,36.8,37.19,665100
12/26/1996 16:00:00,37.58,37.85,37.04,37.19,1129800
12/27/1996 16:00:00,37.16,37.16,36.65,37.04,1262300
12/30/1996 16:00:00,37.07,37.13,36.68,36.68,1041500
12/31/1996 16:00:00,36.71,37.1,36.03,36.18,1756000
1/2/1997 16:00:00,36.71,36.86,35.88,36.59,4194600
1/3/1997 16:00:00,37.01,38,36.98,38,3225000
1/6/1997 16:00:00,38.06,39.01,37.85,38.51,4811100
1/7/1997 16:00:00,38.42,39.1,38.06,39.01,2634200
1/8/1997 16:00:00,39.19,39.22,38,38.18,2922900
1/9/1997 16:00:00,38.15,38.68,37.82,38.65,3152100
1/10/1997 16:00:00,38.33,39.16,38.24,38.92,4375000
1/13/1997 16:00:00,38.92,39.7,38.86,39.1,3923100
1/14/1997 16:00:00,39.4,40.03,39.28,39.85,2941100
1/15/1997 16:00:00,39.73,40.21,39.01,39.25,4425900
1/16/1997 16:00:00,39.34,39.82,38.98,39.52,3472000
1/17/1997 16:00:00,39.43,39.58,39.13,39.49,2206000
1/20/1997 16:00:00,39.46,40.03,39.28,39.88,2676500
1/21/1997 16:00:00,39.73,40.62,39.73,40.12,3748300
1/22/1997 16:00:00,37.73,38.21,37.01,37.73,12284200
1/23/1997 16:00:00,37.94,38.27,35.97,36.24,8450400
1/24/1997 16:00:00,36.27,36.77,35.58,35.94,8198000
1/27/1997 16:00:00,36.15,36.24,34.62,34.8,5926100
1/28/1997 16:00:00,35.79,36.83,35.49,36,8033300
1/29/1997 16:00:00,36.65,37.43,36.06,37.34,4654300
1/30/1997 16:00:00,37.67,37.79,37.19,37.58,4548500
1/31/1997 16:00:00,37.64,37.7,37.28,37.52,2890500
2/3/1997 16:00:00,37.58,37.58,36.89,36.98,2647300
2/4/1997 16:00:00,36.95,36.95,36,36.68,3383700
2/5/1997 16:00:00,36.68,36.68,34.74,35.58,5512000
2/6/1997 16:00:00,35.58,35.76,34.74,34.8,5189600
2/7/1997 16:00:00,35.46,35.82,34.83,35.49,4942400
2/10/1997 16:00:00,35.52,35.52,33.91,34.09,5385400
2/11/1997 16:00:00,34.24,34.65,33.7,34.59,5376200
2/12/1997 16:00:00,34.39,34.92,34.15,34.65,4626500
2/13/1997 16:00:00,34.65,35.37,34.65,34.92,3957500
2/14/1997 16:00:00,34.95,35.27,34.39,34.65,3423800
2/18/1997 16:00:00,34.74,34.74,34.18,34.62,2619400
2/19/1997 16:00:00,34.68,34.83,34.15,34.33,3353200
2/20/1997 16:00:00,34.18,34.27,33.49,33.64,3553100
2/21/1997 16:00:00,33.61,33.64,32.74,32.86,6302600
2/24/1997 16:00:00,32.86,34.39,32.83,34.3,4178200
2/25/1997 16:00:00,34.48,35.34,34.42,34.95,4195600
2/26/1997 16:00:00,35.1,35.22,34.39,35.04,3668800
2/27/1997 16:00:00,35.07,35.07,34.18,34.24,1752800
2/28/1997 16:00:00,34.18,34.8,33.58,34.33,3062000
3/3/1997 16:00:00,34.33,35.04,34.3,34.65,3297000
3/4/1997 16:00:00,34.77,35.04,34.03,34.59,3060300
3/5/1997 16:00:00,34.83,34.98,34.48,34.74,2000200
3/6/1997 16:00:00,34.77,35.58,34.54,34.98,3692600
3/7/1997 16:00:00,35.16,35.25,34.42,34.56,2599700
3/10/1997 16:00:00,34.56,35.1,34.48,34.89,2042300
3/11/1997 16:00:00,34.95,35.76,34.86,34.86,3352300
3/12/1997 16:00:00,34.86,35.16,34.42,34.59,2822700
3/13/1997 16:00:00,34.56,34.92,33.97,34.09,3006400
3/14/1997 16:00:00,34.3,34.48,33.94,34.3,1991100
3/17/1997 16:00:00,34.09,34.18,32.8,33.31,5086400
3/18/1997 16:00:00,33.4,33.61,32.92,33.28,3581400
3/19/1997 16:00:00,33.1,33.13,32.42,32.92,4106500
3/20/1997 16:00:00,32.95,33.37,32.59,32.68,3671100
3/21/1997 16:00:00,32.68,32.68,31.55,31.61,6516100
3/24/1997 16:00:00,31.67,32.68,31.04,32.68,4400000
3/25/1997 16:00:00,32.68,33.04,32.18,32.51,3454900
3/26/1997 16:00:00,32.59,33.7,32.36,33.58,3447600
3/27/1997 16:00:00,33.55,33.85,32.51,32.8,2900100
3/31/1997 16:00:00,32.77,33.31,32.09,32.77,3877000
4/1/1997 16:00:00,32.71,32.89,32.39,32.68,2927600
4/2/1997 16:00:00,32.68,32.8,31.82,31.91,3478600
4/3/1997 16:00:00,31.52,31.58,30.77,31.37,5336100
4/4/1997 16:00:00,30.39,31.31,30.36,30.83,6194600
4/7/1997 16:00:00,31.22,31.88,31.16,31.58,2661300
4/8/1997 16:00:00,31.58,32.68,31.58,32.62,2706500
4/9/1997 16:00:00,32.95,32.95,31.76,31.79,3424000
4/10/1997 16:00:00,31.94,32.21,31.73,31.73,2475700
4/11/1997 16:00:00,31.58,32.18,31.37,31.85,4135500
4/14/1997 16:00:00,32.12,32.68,31.82,32.62,2606400
4/15/1997 16:00:00,33.1,33.16,32.09,32.89,3901600
4/16/1997 16:00:00,32.8,33.04,32.42,32.83,1844800
4/17/1997 16:00:00,32.8,33.37,32.65,32.74,2637000
4/18/1997 16:00:00,32.95,33.46,32.89,33.34,2326400
4/21/1997 16:00:00,33.34,33.73,32.62,32.8,2337100
4/22/1997 16:00:00,32.77,33.46,32.18,33.43,2954100
4/23/1997 16:00:00,33.43,34.33,33.25,34,3863200
4/24/1997 16:00:00,36.71,37.07,36.03,36.71,10616000
4/25/1997 16:00:00,36.36,36.51,35.97,36,2998700
4/28/1997 16:00:00,35.73,36.24,35.61,35.91,2492600
4/29/1997 16:00:00,36.39,37.97,36.3,37.82,4606900
4/30/1997 16:00:00,37.7,38.48,37.55,38.39,4372000
5/1/1997 16:00:00,38.33,38.59,38.06,38.53,2959600
5/2/1997 16:00:00,38.45,38.89,38.18,38.74,2881800
5/5/1997 16:00:00,38.89,39.7,38.83,39.7,2700200
5/6/1997 16:00:00,39.61,39.97,39.31,39.52,2804800
5/7/1997 16:00:00,39.25,39.85,38.71,38.71,2401900
5/8/1997 16:00:00,39.16,40.42,39.07,39.97,4097500
5/9/1997 16:00:00,40.3,40.42,39.79,40,2401700
5/12/1997 16:00:00,40.18,41.1,40.15,41.04,3166600
5/13/1997 16:00:00,41.79,42.3,41.4,41.46,4533200
5/14/1997 16:00:00,41.61,41.79,41.04,41.61,2765100
5/15/1997 16:00:00,41.58,41.94,41.34,41.64,1855500
5/16/1997 16:00:00,41.31,41.49,40.5,40.56,3076400
5/19/1997 16:00:00,40.56,40.68,39.85,40.3,2050000
5/20/1997 16:00:00,40.24,41.91,40.21,41.43,2714200
5/21/1997 16:00:00,41.73,42.36,41.64,41.82,2667800
5/22/1997 16:00:00,41.82,42.03,41.19,41.19,1492100
5/23/1997 16:00:00,41.4,41.76,41.34,41.4,1504100
5/27/1997 16:00:00,41.55,42.71,41.55,42.71,2730800
5/28/1997 16:00:00,43.22,43.88,42.27,42.92,5366400
5/29/1997 16:00:00,42.98,42.98,41.79,41.97,4103300
5/30/1997 16:00:00,40.36,42.15,40.36,41.67,5122100
6/2/1997 16:00:00,41.91,41.97,41.37,41.61,2399900
6/3/1997 16:00:00,41.25,41.37,40.24,40.3,4078000
6/4/1997 16:00:00,40.59,40.89,39.04,39.58,3657500
6/5/1997 16:00:00,40.12,40.53,39.22,39.58,2724000
6/6/1997 16:00:00,39.88,41.07,39.46,40.83,3713800
6/9/1997 16:00:00,41.07,41.85,40.95,41.49,2919800
6/10/1997 16:00:00,41.61,41.97,40.83,41.43,3269600
6/11/1997 16:00:00,41.37,41.73,41.13,41.67,2651500
6/12/1997 16:00:00,41.19,42.21,40.83,42.15,3150400
6/13/1997 16:00:00,42.15,42.86,42.09,42.5,3536500
6/16/1997 16:00:00,42.39,42.92,42.33,42.68,2177300
6/17/1997 16:00:00,42.86,43.34,42.5,43.04,3069400
6/18/1997 16:00:00,42.68,42.68,42.15,42.5,2435700
6/19/1997 16:00:00,42.56,43.34,42.56,42.86,2580800
6/20/1997 16:00:00,42.92,43.88,42.86,42.92,6072900
6/23/1997 16:00:00,42.92,43.64,41.85,42.03,4009900
6/24/1997 16:00:00,43.07,44.03,42.86,43.85,4335100
6/25/1997 16:00:00,43.88,44.74,43.64,43.85,3902000
6/26/1997 16:00:00,43.85,44.39,43.1,43.16,3244900
6/27/1997 16:00:00,43.58,43.94,43.55,43.58,1919300
6/30/1997 16:00:00,44.06,44.18,43.04,43.07,2897500
7/1/1997 16:00:00,43.1,44.03,43.1,43.85,2182900
7/2/1997 16:00:00,43.76,44.68,43.76,44.68,2167800
7/3/1997 16:00:00,45.31,45.37,45.04,45.28,2605100
7/7/1997 16:00:00,45.37,45.58,44.92,45.13,2769700
7/8/1997 16:00:00,45.13,45.73,45.13,45.58,2227700
7/9/1997 16:00:00,45.85,46.18,45.52,45.94,3870900
7/10/1997 16:00:00,45.22,45.94,44.92,45.76,2758800
7/11/1997 16:00:00,45.76,46.5,45.67,45.7,2739300
7/14/1997 16:00:00,45.67,46.06,44.89,45.49,2678000
7/15/1997 16:00:00,45.73,45.73,45.73,45.73,0
7/16/1997 16:00:00,45.73,46.8,45.55,46.68,4459900
7/17/1997 16:00:00,46.71,48.41,46.44,47.67,6601800
7/18/1997 16:00:00,47.76,50.27,47.76,49.76,9158600
7/21/1997 16:00:00,50.27,50.77,48.8,49.52,5853900
7/22/1997 16:00:00,47.79,49.37,47.49,49.28,6975300
7/23/1997 16:00:00,49.85,51.1,49.73,50.24,4293700
7/24/1997 16:00:00,50.44,51.79,49.94,51.49,4111500
7/25/1997 16:00:00,51.55,51.79,50.47,51.07,3000900
7/28/1997 16:00:00,50.86,51.04,50.06,50.15,2673800
7/29/1997 16:00:00,49.91,49.97,49.1,49.13,3753900
7/30/1997 16:00:00,49.13,50.62,49.13,50.62,3593000
7/31/1997 16:00:00,50.5,51.01,50.15,50.5,2900900
8/1/1997 16:00:00,50.38,50.59,49.34,50.12,3351800
8/4/1997 16:00:00,49.94,50.86,49.94,50.83,2466600
8/5/1997 16:00:00,50.86,51.55,50.86,50.89,2035200
8/6/1997 16:00:00,50.83,52.24,50.56,51.49,3434100
8/7/1997 16:00:00,51.82,52.18,51.04,51.28,2710300
8/8/1997 16:00:00,50.77,51.16,49.7,50.36,3195500
8/11/1997 16:00:00,50.03,50.21,49.19,49.25,2828900
8/12/1997 16:00:00,49.37,50.44,49.34,49.49,3061700
8/13/1997 16:00:00,50.53,50.62,49.1,49.76,4519500
8/14/1997 16:00:00,49.94,50.21,49.01,49.52,2865000
8/15/1997 16:00:00,49.34,49.91,47.73,47.73,4153500
8/18/1997 16:00:00,48.24,49.67,47.61,49.67,3888400
8/19/1997 16:00:00,50.03,51.58,49.79,51.55,3803700
8/20/1997 16:00:00,51.4,51.76,50.71,51.58,3726900
8/21/1997 16:00:00,51.34,51.55,50.27,50.41,2665900
8/22/1997 16:00:00,48.95,50.8,48.95,50.8,3669200
8/25/1997 16:00:00,50.8,51.1,49.91,50.09,2113500
8/26/1997 16:00:00,49.37,49.82,49.22,49.34,2564600
8/27/1997 16:00:00,49.28,50.06,48.95,49.61,2305500
8/28/1997 16:00:00,49.07,49.61,48.27,48.3,2306600
8/29/1997 16:00:00,48.03,49.1,48,48.18,3112100
9/2/1997 16:00:00,48.41,49.82,48.36,49.73,3672300
9/3/1997 16:00:00,49.58,50.21,49.46,49.46,2875700
9/4/1997 16:00:00,49.46,49.94,49.19,49.61,2219600
9/5/1997 16:00:00,50.12,50.27,49.46,49.49,2259500
9/8/1997 16:00:00,49.64,49.82,49.19,49.19,2037400
9/9/1997 16:00:00,49.22,49.67,47.79,47.85,4888000
9/10/1997 16:00:00,47.76,47.76,45.91,46.42,6833200
9/11/1997 16:00:00,46.33,46.98,46.09,46.77,4885300
9/12/1997 16:00:00,46.77,46.8,46.3,46.8,2851400
9/15/1997 16:00:00,46.86,47.37,45.91,45.91,2214300
9/16/1997 16:00:00,46.44,48,46.09,47.61,4076200
9/17/1997 16:00:00,47.88,48.36,47.31,47.58,2958300
9/18/1997 16:00:00,47.82,47.88,47.16,47.22,3293100
9/19/1997 16:00:00,47.25,47.58,47.22,47.4,3018900
9/22/1997 16:00:00,49.19,50.18,49.16,49.58,4799600
9/23/1997 16:00:00,49.7,50.15,49.07,49.22,3301800
9/24/1997 16:00:00,49.61,49.88,48.44,48.44,2502400
9/25/1997 16:00:00,48.56,49.19,48.33,48.44,2031200
9/26/1997 16:00:00,49.1,49.28,48.68,49.13,1810800
9/29/1997 16:00:00,48.89,50.21,48.71,50.15,2404600
9/30/1997 16:00:00,50.03,51.31,49.49,50.62,5122000
10/1/1997 16:00:00,50.68,50.83,49.28,49.58,3243600
10/2/1997 16:00:00,49.58,49.94,49.19,49.94,1869100
10/3/1997 16:00:00,51.04,51.19,49.46,49.82,3500400
10/6/1997 16:00:00,50.18,50.27,49.85,50.06,2059500
10/7/1997 16:00:00,50.86,51.16,50.59,51.01,3242500
10/8/1997 16:00:00,51.01,51.01,49.91,50.33,3349900
10/9/1997 16:00:00,49.82,50.53,49.76,49.97,1907400
10/10/1997 16:00:00,49.85,50.33,49.73,50.12,1378200
10/13/1997 16:00:00,50.38,50.38,49.7,49.94,799500
10/14/1997 16:00:00,49.7,49.73,48.74,49.37,2105600
10/15/1997 16:00:00,48.77,49.13,48.41,48.59,2218400
10/16/1997 16:00:00,48.89,49.04,47.37,47.61,2818600
10/17/1997 16:00:00,46.86,47.22,45.49,45.58,6075800
10/20/1997 16:00:00,45.76,46.68,45.13,46.56,4597900
10/21/1997 16:00:00,48.53,50.27,48.24,50.27,7050500
10/22/1997 16:00:00,50.27,50.56,49.79,50.24,3241000
10/23/1997 16:00:00,48.71,49.55,47.79,47.79,5964300
10/24/1997 16:00:00,48.83,49.07,46.3,46.74,6896500
10/27/1997 16:00:00,46.44,47.04,42.98,43.01,3796700
10/28/1997 16:00:00,42.5,47.73,42.39,47.46,7395400
10/29/1997 16:00:00,47.76,48.83,46.77,46.92,6333400
10/30/1997 16:00:00,46.42,47.46,45.64,45.76,5271700
10/31/1997 16:00:00,46.98,47.37,46.12,46.83,2657800
11/3/1997 16:00:00,47.34,48.8,47.34,48.53,3486600
11/4/1997 16:00:00,48.56,49.07,48.21,48.71,2909600
11/5/1997 16:00:00,48.95,49.64,48.5,49.04,2577800
11/6/1997 16:00:00,49.01,49.28,48.3,48.36,2437400
11/7/1997 16:00:00,47.28,47.97,46.92,47.49,3184700
11/10/1997 16:00:00,48.12,48.12,46.62,46.65,3153600
11/11/1997 16:00:00,46.86,47.76,46.77,47.25,2497100
11/12/1997 16:00:00,46.98,47.52,46.15,46.18,3706000
11/13/1997 16:00:00,46.56,47.46,45.49,47.25,4328400
11/14/1997 16:00:00,47.73,48.74,47.34,48.56,4154100
11/17/1997 16:00:00,49.19,50.09,49.13,49.52,3703800
11/18/1997 16:00:00,49.52,49.85,48.74,48.74,2868700
11/19/1997 16:00:00,48.71,49.64,48.59,49.22,2422600
11/20/1997 16:00:00,49.7,50.15,49.31,50.03,2795900
11/21/1997 16:00:00,50.27,50.8,50.15,50.41,4018800
11/24/1997 16:00:00,50.12,50.5,49.19,49.22,2936400
11/25/1997 16:00:00,49.73,51.31,49.61,51.31,4407700
11/26/1997 16:00:00,51.31,52.47,51.31,52.44,4119900
11/28/1997 16:00:00,52.12,52.5,52.12,52.33,1240500
12/1/1997 16:00:00,52.53,54.12,52.47,53.76,4924900
12/2/1997 16:00:00,53.55,53.58,52.8,52.95,3116000
12/3/1997 16:00:00,52.77,53.31,52.09,52.68,4261300
12/4/1997 16:00:00,52.83,53.16,52.06,52.24,2988900
12/5/1997 16:00:00,52.3,53.91,52.06,53.7,2982000
12/8/1997 16:00:00,53.91,54.21,53.4,53.91,2632200
12/9/1997 16:00:00,53.25,53.61,52.53,52.71,3152100
12/10/1997 16:00:00,52.27,52.35,50.38,50.86,4912900
12/11/1997 16:00:00,49.19,49.64,48.47,48.5,6486200
12/12/1997 16:00:00,49.19,49.4,46.03,47.73,6750200
12/15/1997 16:00:00,48.47,48.59,46.33,48.15,5078700
12/16/1997 16:00:00,48.3,50.24,48.3,49.46,3946500
12/17/1997 16:00:00,50.15,50.38,48.71,48.71,3509500
12/18/1997 16:00:00,48.8,49.16,47.28,47.7,4001900
12/19/1997 16:00:00,47.4,49.16,46.39,48.71,6087700
12/22/1997 16:00:00,50.03,50.03,48.21,48.98,3243300
12/23/1997 16:00:00,48.92,49.7,47.1,47.1,2552300
12/24/1997 16:00:00,47.82,48.15,47.28,47.34,1626200
12/26/1997 16:00:00,47.46,48.56,47.4,48.56,834100
12/29/1997 16:00:00,49.13,49.52,49.07,49.07,1868200
12/30/1997 16:00:00,49.52,50.38,49.16,49.28,2953900
12/31/1997 16:00:00,49.67,50.24,49.28,49.94,2144600
1/2/1998 16:00:00,49.91,50.5,49.7,50.5,2187900
1/5/1998 16:00:00,50.41,51.01,50.15,50.83,4553400
1/6/1998 16:00:00,50.33,51.19,50.33,50.36,3201400
1/7/1998 16:00:00,50.15,50.15,49.01,49.79,3802400
1/8/1998 16:00:00,49.43,50.38,49.16,49.82,3597800
1/9/1998 16:00:00,49.82,50.09,47.46,47.79,6288500
1/12/1998 16:00:00,46.92,48.3,46.74,47.76,5508800
1/13/1998 16:00:00,48.03,48.92,47.91,48.77,2831800
1/14/1998 16:00:00,49.43,49.67,48.36,49.1,3715600
1/15/1998 16:00:00,49.28,50.12,49.07,49.43,5636800
1/16/1998 16:00:00,50.09,50.24,49.91,50.18,3715700
1/20/1998 16:00:00,50.24,51.64,50,51.43,4137000
1/21/1998 16:00:00,47.76,48.68,47.64,47.79,11134600
1/22/1998 16:00:00,47.67,48,47.04,47.4,5508200
1/23/1998 16:00:00,47.67,47.73,47.28,47.37,3424100
1/26/1998 16:00:00,47.4,47.73,46.8,46.8,2357500
1/27/1998 16:00:00,46.21,46.74,45.67,46.09,5945200
1/28/1998 16:00:00,46.39,46.8,46.09,46.33,4302100
1/29/1998 16:00:00,46.33,47.43,46.33,46.89,3549000
1/30/1998 16:00:00,46.95,47.55,46.8,47.13,2431300
2/2/1998 16:00:00,47.76,48.3,47.76,47.97,2767700
2/3/1998 16:00:00,47.82,47.88,47.16,47.34,2954800
2/4/1998 16:00:00,47.34,47.64,46.83,46.95,3607100
2/5/1998 16:00:00,47.34,47.46,47.04,47.46,3165000
2/6/1998 16:00:00,47.34,47.58,46.68,46.8,3071800
2/9/1998 16:00:00,46.86,47.55,46.83,46.83,2904900
2/10/1998 16:00:00,46.83,48.92,46.56,48.21,6594200
2/11/1998 16:00:00,48.53,49.31,48.47,49.04,3584500
2/12/1998 16:00:00,48.65,49.28,48.5,49.13,3167600
2/13/1998 16:00:00,49.04,49.49,48.89,49.04,1924000
2/17/1998 16:00:00,49.22,49.52,48.47,48.62,3255800
2/18/1998 16:00:00,48.71,49.49,48.39,49.07,2765800
2/19/1998 16:00:00,49.19,49.97,49.07,49.07,3519400
2/20/1998 16:00:00,49.19,49.4,48.5,49.01,3357700
2/23/1998 16:00:00,49.4,49.64,49.1,49.13,2215300
2/24/1998 16:00:00,49.01,49.13,48.59,48.95,2212100
2/25/1998 16:00:00,48.98,50.24,48.95,50.18,3082500
2/26/1998 16:00:00,50.03,50.56,49.82,50.41,2813200
2/27/1998 16:00:00,50.06,50.44,49.64,49.88,2383400
3/2/1998 16:00:00,49.76,49.91,48.41,48.68,3034900
3/3/1998 16:00:00,47.76,48.95,47.67,48.83,3487900
3/4/1998 16:00:00,48.71,49.34,48.59,48.74,2637500
3/5/1998 16:00:00,47.85,47.94,47.04,47.25,4534200
3/6/1998 16:00:00,47.34,47.64,46.92,46.98,4331400
3/9/1998 16:00:00,46.8,46.92,45.85,45.88,5554900
3/10/1998 16:00:00,46.5,46.89,46.18,46.62,3491800
3/11/1998 16:00:00,46.74,47.7,46.53,47.37,2864400
3/12/1998 16:00:00,47.37,48.06,46.89,47.88,2441400
3/13/1998 16:00:00,48.18,48.3,47.4,47.61,2554100
3/16/1998 16:00:00,47.4,48.41,47.4,48.39,2920100
3/17/1998 16:00:00,48.39,48.62,47.58,48.18,3095800
3/18/1998 16:00:00,48.06,48.83,48.06,48.5,3171900
3/19/1998 16:00:00,48.56,49.16,48.44,49.16,2149400
3/20/1998 16:00:00,49.19,49.31,48.44,48.8,3440200
3/23/1998 16:00:00,48.5,49.37,48.44,48.44,2451700
3/24/1998 16:00:00,48.83,49.52,48.8,49.43,2031600
3/25/1998 16:00:00,50.15,50.95,50.09,50.65,5591700
3/26/1998 16:00:00,50.56,50.92,50.18,50.18,2451300
3/27/1998 16:00:00,50.27,50.36,49.67,49.79,2404500
3/30/1998 16:00:00,49.73,50.09,48.95,49.28,1634500
3/31/1998 16:00:00,49.73,50.12,49.37,49.61,2145900
4/1/1998 16:00:00,49.61,50.06,49.34,49.85,2297000
4/2/1998 16:00:00,49.82,50.95,49.67,50.53,3060600
4/3/1998 16:00:00,50.44,50.8,49.64,50,2724000
4/6/1998 16:00:00,50.44,50.83,49.64,50.65,3216800
4/7/1998 16:00:00,50.5,50.53,49.46,50,2363300
4/8/1998 16:00:00,50.03,50.44,49.61,49.91,2216800
4/9/1998 16:00:00,50.44,50.86,50.33,50.71,2694900
4/13/1998 16:00:00,50.89,51.49,49.76,49.76,3567300
4/14/1998 16:00:00,50.15,50.74,49.97,50.68,1955900
4/15/1998 16:00:00,51.04,52.44,50.86,52.38,4011100
4/16/1998 16:00:00,52.35,52.53,51.4,51.49,2972600
4/17/1998 16:00:00,51.31,51.55,50.86,51.55,2855400
4/20/1998 16:00:00,51.55,52.77,51.22,52.35,4128800
4/21/1998 16:00:00,54.92,56.59,54.71,56.35,10248200
4/22/1998 16:00:00,56.35,57.31,54.77,54.77,5736700
4/23/1998 16:00:00,54.68,56.18,54.56,56.12,3962900
4/24/1998 16:00:00,55.76,56.29,55.52,56.03,3590600
4/27/1998 16:00:00,54.86,55.7,54.62,54.92,3714100
4/28/1998 16:00:00,55.46,56.53,55.07,55.31,4737600
4/29/1998 16:00:00,55.25,55.82,54.74,55.1,2996200
4/30/1998 16:00:00,55.43,56.09,55.16,55.34,3286000
5/1/1998 16:00:00,55.37,56.06,55.16,55.82,2158100
5/4/1998 16:00:00,55.94,56.77,55.7,55.7,2364200
5/5/1998 16:00:00,55.73,56.47,55.73,56.27,2417600
5/6/1998 16:00:00,56.35,56.8,56.12,56.15,2785900
5/7/1998 16:00:00,56.12,56.24,55.46,55.94,2232100
5/8/1998 16:00:00,55.85,57.31,55.82,57.31,3359100
5/11/1998 16:00:00,57.4,58.62,56.5,56.98,4271000
5/12/1998 16:00:00,56.47,57.31,56.03,57.13,3015900
5/13/1998 16:00:00,57.43,58.38,57.37,57.82,3621300
5/14/1998 16:00:00,58.92,61.67,58.68,60.09,8453700
5/15/1998 16:00:00,60,61.01,59.31,59.64,4683600
5/18/1998 16:00:00,59.58,60.03,58.95,59.52,2952900
5/19/1998 16:00:00,60,60.65,59.58,59.64,3551400
5/20/1998 16:00:00,59.82,60.09,58.53,59.01,2741600
5/21/1998 16:00:00,58.98,59.31,58.27,59.04,2718800
5/22/1998 16:00:00,59.04,59.04,57.85,58.24,1783200
5/26/1998 16:00:00,58.44,58.74,57.7,57.7,3184200
5/27/1998 16:00:00,56.98,58.03,56.62,57.28,4503600
5/28/1998 16:00:00,57.43,58.09,57.25,57.34,2664300
5/29/1998 16:00:00,57.58,57.76,56.06,56.06,2531700
6/1/1998 16:00:00,56.06,56.5,54.74,56,3240200
6/2/1998 16:00:00,55.97,56.21,54.83,55.19,3438400
6/3/1998 16:00:00,55.4,55.7,54.38,54.38,2616200
6/4/1998 16:00:00,54.56,55.43,54.56,55.4,2781200
6/5/1998 16:00:00,55.76,56.8,55.67,56.65,3777100
6/8/1998 16:00:00,56.71,57.28,56.53,56.74,1671900
6/9/1998 16:00:00,56.83,57.1,56.27,56.95,1666300
6/10/1998 16:00:00,56.71,57.1,55.88,56.03,2802800
6/11/1998 16:00:00,56.12,56.38,55.28,55.31,2399000
6/12/1998 16:00:00,55.34,55.79,54.44,55.52,3679600
6/15/1998 16:00:00,54.74,55.1,53.55,53.61,3629800
6/16/1998 16:00:00,53.43,53.43,51.22,52.53,7708500
6/17/1998 16:00:00,53.01,53.55,52.56,52.86,4997800
6/18/1998 16:00:00,52.06,52.12,51.4,51.97,3445000
6/19/1998 16:00:00,51.94,52.18,50.62,50.62,4218400
6/22/1998 16:00:00,50.74,52.3,50.74,51.64,3475700
6/23/1998 16:00:00,52.53,53.64,52.5,53.34,3551200
6/24/1998 16:00:00,53.43,53.52,52.56,53.49,2665500
6/25/1998 16:00:00,53.73,54.77,53.49,53.7,2789200
6/26/1998 16:00:00,53.67,54.18,53.64,53.88,1444700
6/29/1998 16:00:00,54.5,54.83,54.24,54.5,1910800
6/30/1998 16:00:00,54.5,55.55,54.21,54.83,3903000
7/1/1998 16:00:00,55.4,55.82,55.16,55.79,2941400
7/2/1998 16:00:00,55.67,55.7,54.68,55.01,2794700
7/6/1998 16:00:00,54.92,54.95,54.12,54.32,2909300
7/7/1998 16:00:00,54.27,54.68,53.85,54.32,1957800
7/8/1998 16:00:00,54.32,55.19,54.27,54.92,2051700
7/9/1998 16:00:00,54.8,56.59,54.74,55.91,2797000
7/10/1998 16:00:00,56.47,56.95,56.06,56.59,2755200
7/13/1998 16:00:00,56.59,57.31,56.47,57.04,1790600
7/14/1998 16:00:00,57.19,57.61,56.86,57.04,1922800
7/15/1998 16:00:00,56.95,57.31,55.88,55.88,2306500
7/16/1998 16:00:00,55.94,56.8,55.4,56.53,1721900
7/17/1998 16:00:00,56.62,57.49,56.59,57.4,2809200
7/20/1998 16:00:00,57.79,58.59,57.46,58.15,3789500
7/21/1998 16:00:00,62.09,62.38,61.07,61.16,10408400
7/22/1998 16:00:00,60.09,61.34,59.58,60.86,5479400
7/23/1998 16:00:00,60.74,61.61,59.07,59.19,3508000
7/24/1998 16:00:00,60.12,60.15,58.5,59.43,2552000
7/27/1998 16:00:00,59.1,60.06,58.41,59.88,3224700
7/28/1998 16:00:00,59.64,60.62,59.31,59.91,3817700
7/29/1998 16:00:00,61.1,61.34,60.68,61.07,3485700
7/30/1998 16:00:00,61.43,63.88,61.34,63.7,4803600
7/31/1998 16:00:00,63.64,65.91,63.16,63.28,5586200
8/3/1998 16:00:00,64,64.38,63.22,63.4,3605200
8/4/1998 16:00:00,64,64.12,60.56,60.56,5548100
8/5/1998 16:00:00,60.65,61.73,59.25,61.46,5697000
8/6/1998 16:00:00,61.04,62.53,60.83,62.06,3480200
8/7/1998 16:00:00,62.92,64.12,61.76,61.76,5205400
8/10/1998 16:00:00,61.55,62.15,61.52,62,2773800
8/11/1998 16:00:00,60.24,61.37,59.85,61.28,4481100
8/12/1998 16:00:00,61.49,61.88,60.95,61.04,3329100
8/13/1998 16:00:00,60.92,61.31,60.18,60.26,2761100
8/14/1998 16:00:00,60.47,60.83,59.22,59.91,2769900
8/17/1998 16:00:00,59.76,60.18,59.34,59.85,2866100
8/18/1998 16:00:00,60.65,61.85,60.65,61.55,3214200
8/19/1998 16:00:00,61.85,62.56,61.64,62.06,3233800
8/20/1998 16:00:00,61.85,62.09,60.92,61.16,2651700
8/21/1998 16:00:00,60.89,61.13,59.46,61.07,3819000
8/24/1998 16:00:00,61.13,61.46,60.8,61.4,2598800
8/25/1998 16:00:00,61.67,62.5,60.95,61.28,2150100
8/26/1998 16:00:00,60.77,62.92,60.65,62.38,3891500
8/27/1998 16:00:00,61.19,61.28,59.64,59.79,6266200
8/28/1998 16:00:00,59.82,60.09,57.7,58.47,4702600
8/31/1998 16:00:00,58.74,58.92,53.79,53.79,6691600
9/1/1998 16:00:00,53.97,56.77,53.01,56.32,6926100
9/2/1998 16:00:00,57.79,59.07,57.25,57.64,4698800
9/3/1998 16:00:00,56.74,58.56,56.38,58.03,4138300
9/4/1998 16:00:00,58.5,58.68,55.07,57.01,3583800
9/8/1998 16:00:00,59.67,60.15,58.35,60.15,3741100
9/9/1998 16:00:00,60.06,60.86,59.13,59.13,4294000
9/10/1998 16:00:00,58.32,58.35,56.44,57.85,4689700
9/11/1998 16:00:00,57.97,60.35,57.61,60.35,4359000
9/14/1998 16:00:00,61.13,62.06,60.95,61.64,3456500
9/15/1998 16:00:00,61.61,62.41,61.4,62,2845600
9/16/1998 16:00:00,62.09,62.53,61.22,62.26,2938900
9/17/1998 16:00:00,60.89,61.25,60.26,60.44,3889100
9/18/1998 16:00:00,60.53,60.74,59.34,59.43,4192900
9/21/1998 16:00:00,57.37,61.43,57.31,61.43,3800200
9/22/1998 16:00:00,61.79,62.38,61.01,61.01,3810200
9/23/1998 16:00:00,61.49,63.52,61.37,63.07,3616200
9/24/1998 16:00:00,62.83,64.44,62.21,62.35,3673900
9/25/1998 16:00:00,62.09,63.85,62.03,63.79,3132300
9/28/1998 16:00:00,64.23,65.04,63.13,63.79,3430600
9/29/1998 16:00:00,63.88,64.06,62.09,62.77,3197200
9/30/1998 16:00:00,62.44,62.8,60.95,61.13,3686100
10/1/1998 16:00:00,59.73,60.38,58.95,59.85,5619400
10/2/1998 16:00:00,59.28,59.82,56.83,59.7,6423900
10/5/1998 16:00:00,59.1,59.1,56.03,57.43,5924400
10/6/1998 16:00:00,59.22,59.22,56.71,57.01,6402300
10/7/1998 16:00:00,57.07,58.68,56.41,58.24,5952900
10/8/1998 16:00:00,57.67,58.98,55.79,58.92,7845400
10/9/1998 16:00:00,59.43,61.07,58.5,60.8,4771900
10/12/1998 16:00:00,62.12,63.46,61.88,62.5,4769200
10/13/1998 16:00:00,62.32,62.32,60.44,61.22,4203400
10/14/1998 16:00:00,61.01,63.04,60.74,62.32,4330300
10/15/1998 16:00:00,62.09,66.26,62,65.07,5295400
10/16/1998 16:00:00,64.92,65.67,64.41,64.92,4166200
10/19/1998 16:00:00,64.65,66.77,64.47,66.53,2737100
10/20/1998 16:00:00,67.16,67.97,65.19,65.85,4893300
10/21/1998 16:00:00,66.38,68.62,66.38,68.12,7236700
10/22/1998 16:00:00,66.86,68.53,66.68,67.73,4245500
10/23/1998 16:00:00,67.58,68.5,67.43,67.49,2733000
10/26/1998 16:00:00,67.49,68.98,66.89,68.32,3233800
10/27/1998 16:00:00,69.25,70.12,68.32,68.98,5066100
10/28/1998 16:00:00,69.07,70.14,68.68,69.82,3220000
10/29/1998 16:00:00,70.32,71.4,70.26,70.92,4430700
10/30/1998 16:00:00,71.4,71.55,70.44,70.89,3421200
11/2/1998 16:00:00,70.89,71.49,70.35,70.86,3066700
11/3/1998 16:00:00,70.92,71.61,70.29,70.38,3157600
11/4/1998 16:00:00,71.1,71.52,69.61,70.65,3693900
11/5/1998 16:00:00,70.53,71.43,70.12,71.19,2965900
11/6/1998 16:00:00,71.1,72.09,70.44,71.61,3143900
11/9/1998 16:00:00,72,72.68,71.61,72.29,3437400
11/10/1998 16:00:00,72.06,74.86,71.97,74.17,4004600
11/11/1998 16:00:00,74.98,75.88,74.74,75.01,4483400
11/12/1998 16:00:00,74.83,76.35,74.8,75.4,3874100
11/13/1998 16:00:00,74.98,75.22,74.38,75.19,2674000
11/16/1998 16:00:00,75.91,76.26,75.49,76.11,2938400
11/17/1998 16:00:00,76.11,77.07,75.49,75.58,3636400
11/18/1998 16:00:00,75.49,76.23,75.28,76.05,2562600
11/19/1998 16:00:00,76.17,76.35,75.52,75.7,2903800
11/20/1998 16:00:00,75.88,76.38,75.7,76.23,2871200
11/23/1998 16:00:00,76.89,79.76,76.68,79.58,2779400
11/24/1998 16:00:00,79.04,79.85,78.8,78.89,2388200
11/25/1998 16:00:00,78.86,79.73,78.5,79.58,1552000
11/27/1998 16:00:00,79.64,81.25,79.64,81.19,1053900
11/30/1998 16:00:00,81.07,81.46,78.77,78.8,1695000
12/1/1998 16:00:00,78.08,81.16,78.08,81.16,2978400
12/2/1998 16:00:00,80.68,80.83,78.83,79.97,2666200
12/3/1998 16:00:00,80.35,80.89,77.85,78.08,2427200
12/4/1998 16:00:00,78.62,78.98,77.55,78.47,2133600
12/7/1998 16:00:00,78.53,80.32,78.44,79.85,2163500
12/8/1998 16:00:00,80.32,81.13,78.83,80.32,3347100
12/9/1998 16:00:00,80.29,81.16,79.94,80.95,2043700
12/10/1998 16:00:00,80.86,81.19,78.2,78.8,3238500
12/11/1998 16:00:00,78.32,80.44,77.97,80.44,3160300
12/14/1998 16:00:00,79.52,79.76,77.76,77.79,3323200
12/15/1998 16:00:00,78.08,79.19,77.61,78.89,3529100
12/16/1998 16:00:00,79.7,79.7,78.5,78.59,2352500
12/17/1998 16:00:00,79.01,80.83,78.83,79.31,3937900
12/18/1998 16:00:00,79.58,82.23,79.58,81.94,4391000
12/21/1998 16:00:00,81.94,85.46,81.94,84.23,3259400
12/22/1998 16:00:00,84.77,87.4,83.7,87.28,3741400
12/23/1998 16:00:00,87.25,88.53,86.56,88.41,2981700
12/24/1998 16:00:00,88.23,89.76,87.99,89.76,1019500
12/28/1998 16:00:00,89.07,90.71,88.86,90.41,2142200
12/29/1998 16:00:00,90.08,90.23,89.31,89.34,1620100
12/30/1998 16:00:00,89.25,90.08,88.98,89.19,2147400
12/31/1998 16:00:00,89.13,89.4,87.67,88.23,1603500
1/4/1999 16:00:00,88.35,89.04,86.68,87.4,3611900
1/5/1999 16:00:00,87.4,90.68,87.34,90.56,4346400
1/6/1999 16:00:00,90.89,92.05,90.02,90.2,3948400
1/7/1999 16:00:00,89.76,91.87,89.31,90.83,3670000
1/8/1999 16:00:00,91.22,91.7,88.71,89.58,3975600
1/11/1999 16:00:00,90.26,90.47,89.31,90.38,2909500
1/12/1999 16:00:00,90.74,90.74,87.88,88.44,2934800
1/13/1999 16:00:00,85.99,89.52,85.73,88.59,4456800
1/14/1999 16:00:00,87.88,88.32,85.43,86.11,3792800
1/15/1999 16:00:00,87.04,88.56,86.56,88.56,2853600
1/19/1999 16:00:00,89.67,91.58,88.62,91.58,3560300
1/20/1999 16:00:00,93.13,95.16,91.99,92.74,5259500
1/21/1999 16:00:00,94.38,94.59,91.73,94.11,8157000
1/22/1999 16:00:00,87.88,88.53,84.83,85.85,15920000
1/25/1999 16:00:00,87.04,87.16,82.86,86.41,9600900
1/26/1999 16:00:00,87.76,88.95,86.86,88.56,7256000
1/27/1999 16:00:00,89.22,89.22,84.95,85.37,6713300
1/28/1999 16:00:00,85.73,86.56,84.8,85.31,4663000
1/29/1999 16:00:00,85.34,87.85,85.28,87.52,3919000
2/1/1999 16:00:00,88.11,88.11,85.85,85.85,2937500
2/2/1999 16:00:00,85.76,86.29,83.58,84.29,4917900
2/3/1999 16:00:00,84.02,84.5,82.65,83.67,4645200
2/4/1999 16:00:00,83.67,84.29,80.83,80.83,4744000
2/5/1999 16:00:00,81.4,81.67,78.59,79.28,7270800
2/8/1999 16:00:00,79.76,80.62,77.91,79.76,5076000
2/9/1999 16:00:00,79.76,80.95,77.25,77.55,4720500
2/10/1999 16:00:00,77.61,80.65,77.61,80.65,4660100
2/11/1999 16:00:00,80.98,85.4,80.95,85.4,5150100
2/12/1999 16:00:00,82.74,85.4,81.79,82.74,4979900
2/16/1999 16:00:00,83.58,85.13,82.11,82.5,3885000
2/17/1999 16:00:00,81.43,83.22,80.62,81.43,3825700
2/18/1999 16:00:00,82.14,83.31,81.28,83.22,3476400
2/19/1999 16:00:00,83.28,83.43,81.67,82.08,3234500
2/22/1999 16:00:00,82.26,84.98,81.7,84.98,3841100
2/23/1999 16:00:00,85.01,85.96,83.96,84.5,3707900
2/24/1999 16:00:00,84.65,85.82,82.68,82.89,3645200
2/25/1999 16:00:00,82.14,83.07,80.86,83.07,4367000
2/26/1999 16:00:00,80.71,81.19,79.52,81.19,6127400
3/1/1999 16:00:00,80.89,80.92,78.92,80.53,3746100
3/2/1999 16:00:00,81.43,81.64,79.7,80.14,3729000
3/3/1999 16:00:00,80.47,80.68,78.83,79.64,3351500
3/4/1999 16:00:00,83.1,84.53,81.31,81.49,9055900
3/5/1999 16:00:00,83.04,85.46,82.98,85.19,4327500
3/8/1999 16:00:00,85.31,85.96,84.56,85.52,2925100
3/9/1999 16:00:00,85.91,88.29,85.31,86.92,4199100
3/10/1999 16:00:00,86.74,87.34,86.35,86.8,2994700
3/11/1999 16:00:00,87.1,88.8,86.68,87.22,3624100
3/12/1999 16:00:00,87.25,87.61,85.13,85.55,3970400
3/15/1999 16:00:00,87.07,87.07,84.59,87.07,3373800
3/16/1999 16:00:00,86.8,87.64,86.05,86.44,2527700
3/17/1999 16:00:00,85.04,85.96,85.01,85.04,2967900
3/18/1999 16:00:00,84.77,84.89,82.62,84.86,6141200
3/19/1999 16:00:00,84.35,85.01,80.23,80.5,8041200
3/22/1999 16:00:00,80.56,81.43,79.64,79.85,4749400
3/23/1999 16:00:00,79.76,80.05,78.32,79.16,3927200
3/24/1999 16:00:00,80.23,81.43,79.52,80.89,4936900
3/25/1999 16:00:00,82.14,82.74,80.95,81.82,4208400
3/26/1999 16:00:00,81.7,83.99,81.46,82.2,3451300
3/29/1999 16:00:00,83.58,85.37,83.31,84.8,3352700
3/30/1999 16:00:00,84.53,86.56,84.47,85.28,3059000
3/31/1999 16:00:00,85.96,86.65,84.29,84.65,2369800
4/1/1999 16:00:00,84.68,84.86,83.43,84.56,2064100
4/5/1999 16:00:00,86.98,87.85,86.86,87.85,1393700
4/6/1999 16:00:00,88.5,88.77,87.01,87.55,1040200
4/7/1999 16:00:00,87.88,89.61,85.52,89.04,5027200
4/8/1999 16:00:00,88.56,89.82,87.07,88.08,3564900
4/9/1999 16:00:00,88.65,89.82,88.53,88.98,2489700
4/12/1999 16:00:00,87.64,87.64,86.47,87.61,3592800
4/13/1999 16:00:00,87.88,87.88,85.93,86.32,2629700
4/14/1999 16:00:00,87.28,87.82,84.83,85.73,2933400
4/15/1999 16:00:00,85.73,85.73,82.86,84.89,3256800
4/16/1999 16:00:00,84.77,84.77,81.25,81.55,4945400
4/19/1999 16:00:00,81.61,82.29,78.35,79.76,5553400
4/20/1999 16:00:00,79.76,81.07,77.85,81.07,5875100
4/21/1999 16:00:00,81.07,82.08,78.86,82.08,5754800
4/22/1999 16:00:00,94.2,94.89,92.05,93.07,15343000
4/23/1999 16:00:00,92.35,98.65,92.17,95.52,8658200
4/26/1999 16:00:00,97.78,100.65,96.71,100.32,7757600
4/27/1999 16:00:00,101.25,102.68,99.58,100.77,8988700
4/28/1999 16:00:00,99.93,100.47,97.49,97.87,4353100
4/29/1999 16:00:00,97.9,99.81,97.16,97.81,4848100
4/30/1999 16:00:00,99.58,100.77,97.16,99.9,3854900
5/3/1999 16:00:00,99.34,101.37,98.53,101.37,3717200
5/4/1999 16:00:00,101.37,103.01,100.95,101.22,4718300
5/5/1999 16:00:00,101.31,101.49,99.01,101.4,3526900
5/6/1999 16:00:00,101.31,102.2,99.34,100.02,3568300
5/7/1999 16:00:00,100.89,103.75,100.89,103.75,4251600
5/10/1999 16:00:00,103.75,105.96,103.67,104.38,4088100
5/11/1999 16:00:00,105.31,105.96,103.87,105.61,3585400
5/12/1999 16:00:00,105.61,109.1,103.16,107.52,5124700
5/13/1999 16:00:00,112.47,117.25,112.26,117.25,10446700
5/14/1999 16:00:00,112.71,116.29,112.71,114.56,7613200
5/17/1999 16:00:00,113.01,114.08,110.8,113.43,4938100
5/18/1999 16:00:00,113.78,114.86,113.19,113.78,3644900
5/19/1999 16:00:00,113.78,114.02,111.31,112.65,3346400
5/20/1999 16:00:00,112.53,112.89,111.04,111.04,2753900
5/21/1999 16:00:00,111.16,111.4,109.52,110.02,2943200
5/24/1999 16:00:00,110.02,110.17,105.93,106.77,3674700
5/25/1999 16:00:00,106.26,107.87,105.58,105.75,3788400
5/26/1999 16:00:00,106.5,112.83,105.75,112.83,6696300
5/27/1999 16:00:00,111.28,111.52,107.58,110.98,8526000
5/28/1999 16:00:00,110.8,111.52,109.07,111.1,5234900
6/1/1999 16:00:00,108.53,108.77,106.2,106.98,5946700
6/2/1999 16:00:00,106.74,109.49,104.53,108.89,5841100
6/3/1999 16:00:00,109.37,110.14,106.56,107.87,4265700
6/4/1999 16:00:00,108.53,110.68,107.4,110.68,4503200
6/7/1999 16:00:00,112.83,116.23,112.23,115.22,5249700
6/8/1999 16:00:00,114.5,114.5,110.86,111.16,4816300
6/9/1999 16:00:00,111.4,115.4,111.4,111.69,4650700
6/10/1999 16:00:00,110.68,111.52,108.29,110.08,4070400
6/11/1999 16:00:00,109.9,111.28,107.52,109.84,3590000
6/14/1999 16:00:00,110.68,110.8,108.89,110.62,4141800
6/15/1999 16:00:00,112.23,113.01,109.61,110.44,3945200
6/16/1999 16:00:00,114.5,116.05,113.96,115.52,5503300
6/17/1999 16:00:00,113.9,116.17,113.9,114.8,3882500
6/18/1999 16:00:00,114.86,115.99,114.38,115.46,8404000
6/21/1999 16:00:00,117.37,120.05,117.25,119.16,5052500
6/22/1999 16:00:00,118.32,122.02,117.54,117.6,5449200
6/23/1999 16:00:00,116.77,118.62,116.29,117.43,3592000
6/24/1999 16:00:00,117.6,118.86,116.11,117.07,4423400
6/25/1999 16:00:00,117.78,120.11,117.6,117.6,3529400
6/28/1999 16:00:00,118.44,119.04,116.71,117.07,5514200
6/29/1999 16:00:00,117.49,119.69,117.25,119.28,4567600
6/30/1999 16:00:00,119.22,126.08,118.8,123.45,6310000
7/1/1999 16:00:00,124.17,125.31,122.26,125.13,4906600
7/2/1999 16:00:00,125.01,126.32,123.69,126.32,2701900
7/6/1999 16:00:00,126.56,127.81,125.01,125.13,4713900
7/7/1999 16:00:00,125.13,127.45,124.77,126.86,5431800
7/8/1999 16:00:00,126.56,129.31,126.2,127.81,4862900
7/9/1999 16:00:00,127.99,131.28,127.87,131.22,3928600
7/12/1999 16:00:00,131.28,132.47,129.37,130.92,3886300
7/13/1999 16:00:00,129.66,132.95,129.66,132.05,4474900
7/14/1999 16:00:00,132.11,132.23,130.14,131.28,3718600
7/15/1999 16:00:00,131.81,131.81,128.47,130.2,4094900
7/16/1999 16:00:00,130.26,131.34,129.31,130.14,4413500
7/19/1999 16:00:00,130.38,132.53,127.75,128.71,6031200
7/20/1999 16:00:00,125.13,126.14,120.41,122.68,11207600
7/21/1999 16:00:00,121.78,123.93,121.19,123.34,7336600
7/22/1999 16:00:00,121.9,122.74,117.96,118.44,7160200
7/23/1999 16:00:00,118.44,119.75,117.25,119.16,5933800
7/26/1999 16:00:00,118.08,119.51,117.31,117.9,4510100
7/27/1999 16:00:00,119.4,120.65,118.02,120.59,5096200
7/28/1999 16:00:00,120.71,122.92,120.17,122.8,4445200
7/29/1999 16:00:00,120.59,120.83,119.04,119.69,4616100
7/30/1999 16:00:00,120.29,121.01,118.8,120.05,3646100
8/2/1999 16:00:00,118.44,120.35,116.41,116.77,3594000
8/3/1999 16:00:00,117.25,117.6,112.89,113.66,5565800
8/4/1999 16:00:00,114.62,116.41,112.77,113.31,4795600
8/5/1999 16:00:00,114.62,118.38,112.35,117.49,5829500
8/6/1999 16:00:00,116.53,121.19,115.57,118.08,5089200
8/9/1999 16:00:00,118.08,118.8,115.75,116.59,3385100
8/10/1999 16:00:00,116.05,117.01,113.6,113.96,4941600
8/11/1999 16:00:00,114.74,118.2,114.44,117.78,4648900
8/12/1999 16:00:00,118.2,118.2,115.57,115.69,4289100
8/13/1999 16:00:00,117.25,118.92,117.25,117.96,3732700
8/16/1999 16:00:00,119.4,122.14,118.92,121.72,3996200
8/17/1999 16:00:00,122.74,122.74,120.89,122.74,4295500
8/18/1999 16:00:00,122.62,123.81,117.96,118.32,5665500
8/19/1999 16:00:00,118.32,119.22,115.93,117.25,6403200
8/20/1999 16:00:00,118.8,118.8,115.63,116.35,4891400
8/23/1999 16:00:00,117.25,119.28,116.83,118.86,4873500
8/24/1999 16:00:00,117.84,117.9,115.63,116.35,6610000
8/25/1999 16:00:00,116.53,118.5,115.46,116.77,5039800
8/26/1999 16:00:00,117.13,120.17,116.59,117.54,5092600
8/27/1999 16:00:00,119.4,119.57,117.25,118.44,3499600
8/30/1999 16:00:00,118.68,119.99,117.19,117.84,4219200
8/31/1999 16:00:00,118.8,120.05,117.37,118.98,5242000
9/1/1999 16:00:00,119.99,122.74,119.93,121.54,5175000
9/2/1999 16:00:00,120.83,121.07,118.68,120.17,4687300
9/3/1999 16:00:00,122.62,123.87,122.26,123.16,4292300
9/7/1999 16:00:00,123.1,126.74,122.62,125.96,6333500
9/8/1999 16:00:00,125.6,127.93,124.89,124.89,6264800
9/9/1999 16:00:00,126.56,130.38,125.78,128.71,6976400
9/10/1999 16:00:00,131.34,131.34,128.35,128.83,3965600
9/13/1999 16:00:00,128.59,129.42,126.44,126.44,3592400
9/14/1999 16:00:00,126.08,127.51,126.02,127.45,3999600
9/15/1999 16:00:00,127.99,128.89,126.08,126.08,4760700
9/16/1999 16:00:00,126.08,126.44,123.75,124.17,5111200
9/17/1999 16:00:00,125.48,125.54,118.2,119.75,12160000
9/20/1999 16:00:00,120.83,125.01,120.41,125.01,6010000
9/21/1999 16:00:00,122.98,123.81,120.59,121.54,5689600
9/22/1999 16:00:00,121.48,121.48,118.8,119.57,6325700
9/23/1999 16:00:00,121.78,122.08,115.99,116.35,5652700
9/24/1999 16:00:00,115.1,119.4,115.1,119.4,6039600
9/27/1999 16:00:00,120.95,121.13,115.99,117.49,5931000
9/28/1999 16:00:00,117.49,119.16,116.23,118.26,6038200
9/29/1999 16:00:00,116.47,117.25,114.68,114.74,6653000
9/30/1999 16:00:00,115.57,116.77,114.26,115.93,5196900
10/1/1999 16:00:00,115.57,115.63,110.32,112.53,8397700
10/4/1999 16:00:00,112.71,114.62,111.58,114.62,5774500
10/5/1999 16:00:00,116.53,117.72,113.72,116.59,5289500
10/6/1999 16:00:00,116.77,117.25,113.72,113.78,6634600
10/7/1999 16:00:00,113.78,113.78,109.9,111.04,10807700
10/8/1999 16:00:00,113.78,113.78,106.08,108.41,13191400
10/11/1999 16:00:00,108.41,111.46,108.05,109.19,6092800
10/12/1999 16:00:00,108.89,109.31,105.84,105.9,6323300
10/13/1999 16:00:00,105.84,105.84,100.35,100.35,11715300
10/14/1999 16:00:00,101.72,102.38,99.99,102.08,11670200
10/15/1999 16:00:00,101.67,103.99,99.28,102.68,11622100
10/18/1999 16:00:00,103.16,104.05,99.99,102.2,7558700
10/19/1999 16:00:00,102.2,103.64,100.71,101.78,6850300
10/20/1999 16:00:00,103.75,107.75,102.98,107.69,8552600
10/21/1999 16:00:00,86.08,88.71,85.73,86.92,54089100
10/22/1999 16:00:00,90.26,90.26,88.41,89.73,18866200
10/25/1999 16:00:00,90.26,90.74,87.99,89.79,10689800
10/26/1999 16:00:00,90.62,91.7,90.38,91.22,8569900
10/27/1999 16:00:00,91.22,91.22,88.65,89.61,7633000
10/28/1999 16:00:00,90.26,91.04,90.02,90.68,7355400
10/29/1999 16:00:00,92.65,94.56,91.93,93.96,8350900
11/1/1999 16:00:00,94.08,94.38,92.05,92.41,7631200
11/2/1999 16:00:00,92.41,92.41,89.49,90.56,8614300
11/3/1999 16:00:00,92.41,92.41,89.31,90.2,8094700
11/4/1999 16:00:00,90.2,90.2,86.2,87.46,12193700
11/5/1999 16:00:00,88.59,88.71,86.14,86.14,10327300
11/8/1999 16:00:00,86.44,89.73,86.44,89.73,5930700
11/9/1999 16:00:00,90.8,91.22,87.99,89.43,7332700
11/10/1999 16:00:00,90.38,92.65,89.9,92.65,6535900
11/11/1999 16:00:00,93.13,93.13,90.62,90.86,5376100
11/12/1999 16:00:00,91.7,91.82,88.83,91.58,7799800
11/15/1999 16:00:00,91.7,92.05,89.67,89.73,4553300
11/16/1999 16:00:00,90.38,90.68,88.95,90.26,6696300
11/17/1999 16:00:00,90.62,90.62,88.47,88.83,6321400
11/18/1999 16:00:00,89.79,93.84,89.43,93.37,14501500
11/19/1999 16:00:00,100.41,100.41,93.96,100.41,19678200
11/22/1999 16:00:00,100.29,103.58,99.87,103.04,11083600
11/23/1999 16:00:00,103.93,104.71,101.37,101.37,8806900
11/24/1999 16:00:00,100.29,100.29,97.25,99.4,7015400
11/26/1999 16:00:00,101.19,101.19,99.46,99.87,2251900
11/29/1999 16:00:00,100.23,100.23,98.92,99.52,4586000
11/30/1999 16:00:00,99.04,99.81,97.61,98.44,4724700
12/1/1999 16:00:00,97.96,99.75,97.67,99.1,4349200
12/2/1999 16:00:00,98.8,101.55,98.74,100.83,4894800
12/3/1999 16:00:00,106.86,107.81,103.1,106.86,14680300
12/6/1999 16:00:00,107.93,111.28,107.52,110.8,7651600
12/7/1999 16:00:00,111.75,113.66,110.32,110.8,8037500
12/8/1999 16:00:00,111.04,115.57,110.32,112.83,6366600
12/9/1999 16:00:00,115.1,116.65,107.34,109.13,13140300
12/10/1999 16:00:00,106.62,106.8,102.74,103.99,8709300
12/13/1999 16:00:00,106.62,107.69,101.78,105.25,5303000
12/14/1999 16:00:00,105.25,105.25,102.08,104.35,5942800
12/15/1999 16:00:00,102.92,103.1,99.87,101.96,7179300
12/16/1999 16:00:00,103.16,104.77,101.01,104.23,5597900
12/17/1999 16:00:00,105.72,106.08,103.75,103.75,6377200
12/20/1999 16:00:00,104.17,105.49,102.92,103.22,3691900
12/21/1999 16:00:00,103.64,105.13,103.22,104.53,3683800
12/22/1999 16:00:00,104.95,105.31,103.4,103.52,3048300
12/23/1999 16:00:00,104.23,105.49,103.52,103.52,3552600
12/27/1999 16:00:00,104.77,105.07,103.28,105.07,2867800
12/28/1999 16:00:00,104.65,105.78,104.17,104.35,3157000
12/29/1999 16:00:00,105.49,105.49,104.11,104.17,1666700
12/30/1999 16:00:00,104.77,105.55,103.69,104.11,2511500
12/31/1999 16:00:00,104.29,104.59,101.9,103.16,2022600
1/3/2000 16:00:00,107.4,110.62,106.98,110.38,7933600
1/4/2000 16:00:00,107.4,109.31,105.9,107.04,6481000
1/5/2000 16:00:00,107.87,114.26,107.16,112.95,9967000
1/6/2000 16:00:00,112.71,113.6,109.66,111.99,6539200
1/7/2000 16:00:00,111.99,112.65,105.67,108.41,9876300
1/10/2000 16:00:00,111.99,114.02,110.32,113.13,6790900
1/11/2000 16:00:00,112.59,115.63,111.4,113.55,6062800
1/12/2000 16:00:00,114.26,116.53,113.19,114.5,5368100
1/13/2000 16:00:00,114.56,115.57,110.86,112.95,7133800
1/14/2000 16:00:00,114.56,117.78,112.29,114.32,8659900
1/18/2000 16:00:00,114.32,114.38,110.38,110.38,5581600
1/19/2000 16:00:00,110.38,111.4,107.64,110.32,6580400
1/20/2000 16:00:00,116.41,119.16,114.92,116.41,14442700
1/21/2000 16:00:00,115.81,117.49,114.56,115.81,6686800
1/24/2000 16:00:00,116.89,116.95,111.34,112.77,5048800
1/25/2000 16:00:00,111.52,114.14,110.8,114.14,5713300
1/26/2000 16:00:00,113.72,114.5,111.4,111.63,3997600
1/27/2000 16:00:00,112.71,113.13,106.68,108.47,7112600
1/28/2000 16:00:00,107.69,109.07,105.13,106.56,5504300
1/31/2000 16:00:00,106.38,107.75,104.71,107.16,4974500
2/1/2000 16:00:00,107.34,108.35,104.23,104.71,5807800
2/2/2000 16:00:00,106.98,110.62,105.43,108.47,6323700
2/3/2000 16:00:00,109.84,112.23,108.95,111.99,5111400
2/4/2000 16:00:00,112.89,113.13,109.72,110.44,4420700
2/7/2000 16:00:00,110.8,111.63,108.11,109.01,4651300
2/8/2000 16:00:00,111.69,113.66,110.98,113.66,4365100
2/9/2000 16:00:00,113.66,114.38,111.87,111.87,4405500
2/10/2000 16:00:00,112.41,113.78,111.75,113.78,3634900
2/11/2000 16:00:00,113.72,114.08,109.43,110.14,4954500
2/14/2000 16:00:00,110.8,111.04,109.37,110.8,3805400
2/15/2000 16:00:00,110.68,112.17,108.77,111.63,4413500
2/16/2000 16:00:00,111.28,112.05,110.08,110.44,3337300
2/17/2000 16:00:00,111.28,113.55,110.68,111.75,4355900
2/18/2000 16:00:00,110.08,110.74,107.28,107.58,6550300
2/22/2000 16:00:00,106.98,108.35,104.35,106.08,6454200
2/23/2000 16:00:00,105.55,105.55,103.64,103.87,6069000
2/24/2000 16:00:00,103.93,106.02,103.34,105.9,7814800
2/25/2000 16:00:00,104.95,104.95,100.29,100.89,8151300
2/28/2000 16:00:00,99.93,101.61,99.28,99.75,6653600
2/29/2000 16:00:00,100.83,100.83,96.41,97.67,10378200
3/1/2000 16:00:00,97.43,100.53,95.58,95.93,8647600
3/2/2000 16:00:00,95.99,100.71,95.1,98.74,8591000
3/3/2000 16:00:00,102.44,105.07,101.37,104.11,8239300
3/6/2000 16:00:00,105.01,105.9,96.47,98.44,8415000
3/7/2000 16:00:00,101.25,102.2,97.13,98.14,8310500
3/8/2000 16:00:00,101.25,102.08,98.14,101.13,6813600
3/9/2000 16:00:00,101.72,102.8,100.35,102.8,5234800
3/10/2000 16:00:00,102.8,104.11,100.35,100.35,5684600
3/13/2000 16:00:00,99.34,104.11,98.14,102.86,6411500
3/14/2000 16:00:00,102.92,105.01,102.68,104.71,4788600
3/15/2000 16:00:00,102.92,103.28,101.37,101.72,4713700
3/16/2000 16:00:00,104.11,104.89,103.04,104.17,5377000
3/17/2000 16:00:00,104.11,106.68,102.86,105.01,7497800
3/20/2000 16:00:00,105.07,108.29,105.07,107.75,5089900
3/21/2000 16:00:00,107.75,109.55,106.92,108.35,5757000
3/22/2000 16:00:00,109.37,110.2,108.89,109.25,4935800
3/23/2000 16:00:00,110.68,110.68,106.62,109.78,5213700
3/24/2000 16:00:00,110.2,116.53,109.9,115.57,9095700
3/27/2000 16:00:00,119.4,121.78,119.04,120.89,8752300
3/28/2000 16:00:00,119.4,121.31,116.77,116.77,6204100
3/29/2000 16:00:00,116.95,116.95,113.25,113.9,5988200
3/30/2000 16:00:00,113.55,117.49,113.43,117.01,7799500
3/31/2000 16:00:00,117.13,118.2,111.81,112.71,6567700
4/3/2000 16:00:00,116.89,116.89,114.08,116.41,6421500
4/4/2000 16:00:00,117.13,121.07,109.96,115.57,13708200
4/5/2000 16:00:00,115.1,120.23,114.38,117.9,7113700
4/6/2000 16:00:00,117.96,122.26,117.13,117.6,7100900
4/7/2000 16:00:00,117.96,120.05,116.05,117.54,4308700
4/10/2000 16:00:00,117.96,119.69,116.11,116.71,4332600
4/11/2000 16:00:00,116.17,116.17,112.53,113.66,6180900
4/12/2000 16:00:00,116.17,116.17,106.86,107.4,7236700
4/13/2000 16:00:00,107.46,108.83,105.07,105.55,6849900
4/14/2000 16:00:00,104.89,107.58,98.26,99.34,9251400
4/17/2000 16:00:00,99.22,107.22,98.86,107.22,7959400
4/18/2000 16:00:00,109.96,109.96,105.13,109.96,6438700
4/19/2000 16:00:00,104.83,104.83,98.38,99.81,11841200
4/20/2000 16:00:00,100.29,100.53,97.49,99.34,8703000
4/24/2000 16:00:00,97.43,102.32,96.71,101.25,6931300
4/25/2000 16:00:00,97.43,107.69,96.71,107.1,8146900
4/26/2000 16:00:00,107.46,108.65,104.35,105.84,5076900
4/27/2000 16:00:00,104.59,108.05,103.93,105.49,5587700
4/28/2000 16:00:00,106.98,107.34,105.19,106.62,4137400
5/1/2000 16:00:00,107.46,108.11,105.55,106.92,3437700
5/2/2000 16:00:00,107.46,108.53,105.78,106.38,3536500
5/3/2000 16:00:00,106.14,106.14,101.84,103.16,4566100
5/4/2000 16:00:00,104.23,104.23,102.44,102.8,3137500
5/5/2000 16:00:00,101.84,104.65,101.84,103.1,4099900
5/8/2000 16:00:00,103.22,105.07,102.8,105.07,4184100
5/9/2000 16:00:00,105.55,105.67,103.4,104.11,4311500
5/10/2000 16:00:00,100.77,100.95,97.55,99.16,8482400
5/11/2000 16:00:00,99.34,102.68,98.56,99.4,6982100
5/12/2000 16:00:00,99.34,101.01,98.62,99.81,4684800
5/15/2000 16:00:00,99.34,100.17,97.43,99.52,5071100
5/16/2000 16:00:00,100.41,104.23,100.29,104.11,6220900
5/17/2000 16:00:00,102.68,103.99,101.37,102.68,4905100
5/18/2000 16:00:00,101.37,102.5,100.05,101.31,3962600
5/19/2000 16:00:00,101.31,102.62,100.29,102.02,4857800
5/22/2000 16:00:00,101.25,104.35,98.86,104.11,5650100
5/23/2000 16:00:00,104.11,105.07,102.38,102.56,5042800
5/24/2000 16:00:00,101.72,105.07,99.52,104.71,7021500
5/25/2000 16:00:00,105.78,106.44,101.61,101.78,3658400
5/26/2000 16:00:00,100.77,102.38,99.87,102.14,3675500
5/30/2000 16:00:00,102.92,105.96,102.86,105.96,2953700
5/31/2000 16:00:00,105.55,105.78,102.38,102.5,3097700
6/1/2000 16:00:00,102.74,103.99,100.83,101.25,4950200
6/2/2000 16:00:00,104.11,104.83,102.92,103.58,4375700
6/5/2000 16:00:00,103.58,109.07,103.58,107.4,5900600
6/6/2000 16:00:00,107.22,109.49,106.26,107.34,4706600
6/7/2000 16:00:00,107.46,116.29,106.5,114.92,9323500
6/8/2000 16:00:00,114.02,116.83,112.23,114.38,7774300
6/9/2000 16:00:00,114.5,115.34,113.55,114.02,3646200
6/12/2000 16:00:00,113.78,115.04,113.55,113.55,3056100
6/13/2000 16:00:00,113.55,114.56,111.52,114.32,3485800
6/14/2000 16:00:00,113.55,114.62,110.32,110.8,4622800
6/15/2000 16:00:00,113.55,113.66,110.68,111.58,4636600
6/16/2000 16:00:00,111.1,112.41,108.17,108.17,7189300
6/19/2000 16:00:00,108.41,114.62,108.17,114.62,5106700
6/20/2000 16:00:00,110.2,115.28,110.2,111.1,5993900
6/21/2000 16:00:00,110.38,110.74,108.41,109.37,5557300
6/22/2000 16:00:00,109.01,109.19,106.26,106.44,4161100
6/23/2000 16:00:00,108.53,108.53,105.84,106.74,2858300
6/26/2000 16:00:00,109.01,110.5,107.81,109.96,3004200
6/27/2000 16:00:00,106.62,107.75,103.93,104.77,5476200
6/28/2000 16:00:00,105.07,110.02,105.07,108.59,5319000
6/29/2000 16:00:00,106.74,109.25,105.13,108.89,6427800
6/30/2000 16:00:00,107.64,108.11,103.75,104.65,6746800
7/3/2000 16:00:00,103.87,104.95,103.46,104.95,1843400
7/5/2000 16:00:00,100.29,100.29,96.59,99.34,11234500
7/6/2000 16:00:00,100.29,100.29,95.52,97.19,10182200
7/7/2000 16:00:00,98.08,100.23,97.07,99.99,6824400
7/10/2000 16:00:00,99.99,100.23,98.26,98.68,3230700
7/11/2000 16:00:00,98.62,99.16,96.47,97.61,4510400
7/12/2000 16:00:00,98.56,101.07,98.02,99.75,4395500
7/13/2000 16:00:00,100.71,101.01,97.96,98.5,4038200
7/14/2000 16:00:00,99.1,100.11,98.5,99.28,3002100
7/17/2000 16:00:00,99.75,103.04,99.58,100.71,5219800
7/18/2000 16:00:00,99.46,100.11,98.02,98.32,5035100
7/19/2000 16:00:00,99.46,99.7,96.53,98.86,6085600
7/20/2000 16:00:00,109.66,112.47,108.47,111.75,18026900
7/21/2000 16:00:00,111.75,111.75,108.65,109.31,7344600
7/24/2000 16:00:00,109.01,110.44,106.62,107.28,5628800
7/25/2000 16:00:00,109.01,110.44,105.37,106.74,4603700
7/26/2000 16:00:00,106.02,107.34,104.05,104.95,5161500
7/27/2000 16:00:00,106.02,106.5,104.41,105.19,3408800
7/28/2000 16:00:00,106.14,107.46,103.99,106.8,4606800
7/31/2000 16:00:00,105.55,108.59,105.13,107.4,4322300
8/1/2000 16:00:00,106.98,107.4,105.31,105.61,2549500
8/2/2000 16:00:00,106.02,109.72,105.78,109.55,4910600
8/3/2000 16:00:00,107.93,111.28,107.28,110.86,4731800
8/4/2000 16:00:00,110.8,111.28,109.19,110.68,3650900
8/7/2000 16:00:00,111.4,113.66,110.68,111.1,4504500
8/8/2000 16:00:00,110.5,114.2,110.38,113.6,4481900
8/9/2000 16:00:00,113.66,115.4,113.55,113.78,5209200
8/10/2000 16:00:00,113.43,114.86,112.71,114.38,4673500
8/11/2000 16:00:00,114.38,116.35,113.84,115.34,5161300
8/14/2000 16:00:00,114.62,118.14,113.96,117.6,3989300
8/15/2000 16:00:00,116.59,117.13,115.34,116.53,1914600
8/16/2000 16:00:00,116.05,117.43,114.2,114.68,5124700
8/17/2000 16:00:00,114.68,117.31,114.14,116.89,3846100
8/18/2000 16:00:00,116.89,117.84,114.74,114.8,3545400
8/21/2000 16:00:00,114.68,116.71,114.68,115.99,2712100
8/22/2000 16:00:00,115.75,116.71,115.63,115.87,2314000
8/23/2000 16:00:00,114.92,118.2,114.68,117.31,3615700
8/24/2000 16:00:00,117.49,119.81,117.19,119.22,4910300
8/25/2000 16:00:00,118.74,124.05,118.68,123.34,6738000
8/28/2000 16:00:00,124.05,127.22,123.99,124.71,6743200
8/29/2000 16:00:00,125.6,128.23,125.13,126.92,4992100
8/30/2000 16:00:00,124.89,125.6,123.75,124.47,4057600
8/31/2000 16:00:00,125.96,128.17,125.78,126.08,4127500
9/1/2000 16:00:00,127.1,128.89,126.68,127.63,4849900
9/5/2000 16:00:00,126.86,127.34,124.95,125.66,3548900
9/6/2000 16:00:00,125.01,128.83,124.53,125.54,5656000
9/7/2000 16:00:00,127.63,127.63,127.63,127.63,300
9/8/2000 16:00:00,126.56,126.98,123.57,123.69,4322400
9/11/2000 16:00:00,122.14,122.2,118.38,119.16,6403800
9/12/2000 16:00:00,119.22,121.19,118.5,119.4,4302900
9/13/2000 16:00:00,117.6,123.04,117.49,121.6,4749000
9/14/2000 16:00:00,122.26,123.4,120.65,121.19,3818300
9/15/2000 16:00:00,121.13,121.19,119.22,119.22,5127700
9/18/2000 16:00:00,119.63,120.35,117.54,117.72,3274500
9/19/2000 16:00:00,117.25,120.59,117.07,119.51,2805100
9/20/2000 16:00:00,119.1,120.89,117.96,118.8,4097600
9/21/2000 16:00:00,118.62,121.01,118.5,120.41,3615300
9/22/2000 16:00:00,117.25,118.74,115.87,118.44,5068500
9/25/2000 16:00:00,118.92,120.89,115.57,116.23,3689600
9/26/2000 16:00:00,114.62,116.41,113.07,113.96,5343200
9/27/2000 16:00:00,114.68,114.92,110.32,112.71,5091300
9/28/2000 16:00:00,112.11,113.13,110.5,112.65,4585400
9/29/2000 16:00:00,110.32,111.69,105.31,107.46,7918800
10/2/2000 16:00:00,107.58,114.26,107.58,112.53,7814600
10/3/2000 16:00:00,113.55,114.02,105.07,105.61,10077000
10/4/2000 16:00:00,105.43,109.72,103.69,109.49,9952100
10/5/2000 16:00:00,108.71,109.43,106.56,108.11,4884000
10/6/2000 16:00:00,108.89,110.92,107.69,110.8,5176000
10/9/2000 16:00:00,110.74,113.84,109.19,112.65,4333400
10/10/2000 16:00:00,111.4,111.87,107.4,109.66,5104800
10/11/2000 16:00:00,106.86,107.87,102.68,107.75,7764300
10/12/2000 16:00:00,109.13,109.25,99.1,99.22,8364500
10/13/2000 16:00:00,99.52,105.49,99.52,104.17,7597000
10/16/2000 16:00:00,106.5,107.99,103.69,106.14,6624800
10/17/2000 16:00:00,106.92,108.71,103.69,107.93,6944000
10/18/2000 16:00:00,86.2,93.61,86.2,91.22,24224200
10/19/2000 16:00:00,93.61,94.02,88.53,92.11,13558900
10/20/2000 16:00:00,90.86,91.93,89.96,90.5,7437500
10/23/2000 16:00:00,90.68,90.68,86.98,88.71,6960300
10/24/2000 16:00:00,88.83,89.79,86.14,87.34,6998500
10/25/2000 16:00:00,86.44,86.86,83.1,83.64,11608300
10/26/2000 16:00:00,84.05,88.71,83.7,88.59,8012300
10/27/2000 16:00:00,88.83,89.49,86.92,89.49,5136700
10/30/2000 16:00:00,89.31,89.55,86.26,89.13,5803600
10/31/2000 16:00:00,89.55,94.68,89.55,94.08,9340600
11/1/2000 16:00:00,94.02,95.4,92.89,94.14,6214600
11/2/2000 16:00:00,94.56,97.73,94.14,97.37,6025900
11/3/2000 16:00:00,97.9,97.9,94.92,95.64,4951600
11/6/2000 16:00:00,95.4,97.78,94.98,95.81,3681200
11/7/2000 16:00:00,96.59,98.86,96.17,97.73,4582700
11/8/2000 16:00:00,98.98,99.1,94.8,95.52,5938900
11/9/2000 16:00:00,92.41,95.52,91.46,94.98,8059100
11/10/2000 16:00:00,93.61,93.96,88.83,88.83,5976000
11/13/2000 16:00:00,87.7,94.98,87.52,93.07,7615500
11/14/2000 16:00:00,94.8,95.4,94.14,95.04,4441800
11/15/2000 16:00:00,95.04,95.52,93.25,94.92,3551800
11/16/2000 16:00:00,94.8,95.22,93.84,93.84,3154700
11/17/2000 16:00:00,93.9,97.9,93.84,97.37,6769000
11/20/2000 16:00:00,96.95,98.62,96.35,98.62,6389700
11/21/2000 16:00:00,98.62,99.64,94.08,94.08,6326600
11/22/2000 16:00:00,94.08,96.29,93.96,94.08,4781900
11/24/2000 16:00:00,95.76,97.19,95.22,95.46,2034500
11/27/2000 16:00:00,95.93,97.43,94.02,94.02,3201400
11/28/2000 16:00:00,94.32,96.23,93.19,93.49,4182300
11/29/2000 16:00:00,93.37,95.46,92.35,95.34,4820300
11/30/2000 16:00:00,93.61,93.61,88.11,89.31,9329800
12/1/2000 16:00:00,90.2,94.86,90.14,91.34,6485400
12/4/2000 16:00:00,91.7,94.74,91.46,93.96,4608900
12/5/2000 16:00:00,95.93,100.05,95.22,98.74,6569600
12/6/2000 16:00:00,97.19,97.19,90.62,92.41,8642200
12/7/2000 16:00:00,90.8,91.64,88.95,91.1,6909400
12/8/2000 16:00:00,93.61,94.56,91.46,92.65,5192800
12/11/2000 16:00:00,90.44,90.44,90.44,90.44,5000
12/12/2000 16:00:00,90.98,91.82,88.35,89.67,6496200
12/13/2000 16:00:00,90.62,92.29,86.62,87.16,5712500
12/14/2000 16:00:00,87.88,89.49,87.7,88.29,4919200
12/15/2000 16:00:00,85.96,86.62,83.4,83.88,12043200
12/18/2000 16:00:00,84.41,86.44,84.41,86.44,6000200
12/19/2000 16:00:00,86.14,90.14,85.79,86.08,6343800
12/20/2000 16:00:00,82.02,84.05,81.01,82.14,10010900
12/21/2000 16:00:00,81.67,83.99,76.53,77.91,9861600
12/22/2000 16:00:00,82.02,85.37,81.43,85.01,7588600
12/26/2000 16:00:00,85.01,85.55,80.47,81.01,5008100
12/27/2000 16:00:00,80.95,84.17,79.82,80.89,6646800
12/28/2000 16:00:00,79.76,84.23,78.44,81.43,8099600
12/29/2000 16:00:00,83.04,83.04,80.47,81.19,5305000
1/2/2001 16:00:00,80.71,83.58,80.35,81.01,6915500
1/3/2001 16:00:00,79.99,90.74,79.99,90.44,10868100
1/4/2001 16:00:00,90.5,95.28,88.53,89.01,13126000
1/5/2001 16:00:00,89.73,90.44,86.92,89.79,6978100
1/8/2001 16:00:00,89.31,89.73,87.46,89.37,5352900
1/9/2001 16:00:00,90.2,91.46,87.34,88.41,5969000
1/10/2001 16:00:00,88.35,90.68,87.58,89.25,6491300
1/11/2001 16:00:00,88.77,90.02,87.16,89.49,7392100
1/12/2001 16:00:00,89.49,92.11,88.23,89.61,5507300
1/16/2001 16:00:00,89.55,89.73,87.7,88.59,4376900
1/17/2001 16:00:00,91.1,93.37,90.08,92.35,7868000
1/18/2001 16:00:00,100.29,105.07,99.46,103.46,20343000
1/19/2001 16:00:00,102.62,108.77,102.56,106.26,11833500
1/22/2001 16:00:00,103.69,104.23,103.46,103.69,7687500
1/23/2001 16:00:00,104.65,105.01,102.8,104.17,8652900
1/24/2001 16:00:00,104.17,106.44,104.11,105.49,5620800
1/25/2001 16:00:00,105.19,106.14,104.59,105.78,4052400
1/26/2001 16:00:00,104.71,110.08,104.29,109.07,7650500
1/29/2001 16:00:00,107.46,110.78,107.43,110.07,4299700
1/30/2001 16:00:00,109.84,111.52,108.32,111.38,7010200
1/31/2001 16:00:00,110.56,111.7,106.98,106.98,5885400
2/1/2001 16:00:00,107.36,109.18,106.21,108.94,4544600
2/2/2001 16:00:00,107.69,108.88,104.69,105.33,4667400
2/5/2001 16:00:00,104.49,107.55,104.4,107.19,4465700
2/6/2001 16:00:00,107.2,110.5,106.21,109.07,6361300
2/7/2001 16:00:00,108.32,112.28,107.62,111.67,7853000
2/8/2001 16:00:00,111.67,112.9,108.92,108.92,6922000
2/9/2001 16:00:00,108.92,109.78,106.02,107.28,5510300
2/12/2001 16:00:00,105.59,110.53,105.4,109.75,5784000
2/13/2001 16:00:00,109.03,112.63,108,108.65,6143600
2/14/2001 16:00:00,108.65,110.94,107.48,109.94,6165900
2/15/2001 16:00:00,111.56,113.28,111.19,111.54,6668800
2/16/2001 16:00:00,109.41,110.56,108.83,109.84,6307900
2/20/2001 16:00:00,109.41,110.42,105.81,106.5,5720800
2/21/2001 16:00:00,104.64,106.5,102.49,102.68,7752700
2/22/2001 16:00:00,101.72,105.93,98.74,104,9982400
2/23/2001 16:00:00,102.68,102.68,95.9,99.34,13540900
2/26/2001 16:00:00,101.06,101.06,97.33,100.58,7252700
2/27/2001 16:00:00,100.2,102.06,97.98,97.99,8460000
2/28/2001 16:00:00,98.33,98.86,94.7,95.42,10320100
3/1/2001 16:00:00,94.85,101.63,93.27,101.3,12991900
3/2/2001 16:00:00,99.34,102.58,96.47,97.72,12858000
3/5/2001 16:00:00,98.2,100.87,98.1,100.21,5762600
3/6/2001 16:00:00,101.49,103.49,100.53,101.25,7058200
3/7/2001 16:00:00,102.63,103.4,100.96,102.73,6833400
3/8/2001 16:00:00,102.36,102.49,100.65,101.7,5498500
3/9/2001 16:00:00,100.29,100.3,93.61,94.84,13884900
3/12/2001 16:00:00,93.51,93.99,90.77,91.21,11985000
3/13/2001 16:00:00,90.84,93.99,90.02,93.98,10427400
3/14/2001 16:00:00,91.79,94.47,89.18,90.7,12128200
3/15/2001 16:00:00,91.7,93.42,90.9,91.28,6943400
3/16/2001 16:00:00,89.69,89.69,84.34,86.06,16711400
3/19/2001 16:00:00,86.92,88.64,85.25,88.45,8414200
3/20/2001 16:00:00,87.49,87.9,84.24,84.34,8354600
3/21/2001 16:00:00,84.48,87.49,83.86,85.09,9045500
3/22/2001 16:00:00,85.12,86.92,83.82,85.11,11352300
3/23/2001 16:00:00,87.64,90.69,86.25,89.31,10223200
3/26/2001 16:00:00,90.98,91.37,89.55,91.12,7142800
3/27/2001 16:00:00,89.79,95.52,89.79,95.04,10461000
3/28/2001 16:00:00,93.51,94.04,90.02,90.18,9535500
3/29/2001 16:00:00,90.22,92.71,90.04,90.78,8862200
3/30/2001 16:00:00,92.17,93.19,90.88,91.87,8054300
4/2/2001 16:00:00,93.08,93.7,89.4,90.42,7231400
4/3/2001 16:00:00,90.36,90.41,86.2,86.35,11045600
4/4/2001 16:00:00,86.39,89.83,86.04,87.88,11556000
4/5/2001 16:00:00,91.5,94.56,91.31,93.81,10863400
4/6/2001 16:00:00,93.61,95.52,92.22,93.56,11233500
4/9/2001 16:00:00,94.08,94.18,89.61,91.7,8029000
4/10/2001 16:00:00,92.65,95.42,92.27,94.24,8215400
4/11/2001 16:00:00,96.95,97.33,91.6,93.06,9969200
4/12/2001 16:00:00,92.08,93.13,90.88,91.89,8049200
4/16/2001 16:00:00,91.84,95.41,91.22,92.41,7918600
4/17/2001 16:00:00,93.37,95.4,93.22,95.23,8168800
4/18/2001 16:00:00,97.86,105.07,97.72,101.72,15600700
4/19/2001 16:00:00,107.46,110.7,105.55,109.34,21291700
4/20/2001 16:00:00,109.22,111.09,108.67,109.68,10614400
4/23/2001 16:00:00,108.9,108.94,106.67,106.98,6732400
4/24/2001 16:00:00,108.32,109.61,107.31,107.62,7197900
4/25/2001 16:00:00,106.98,109.7,106.97,109.7,5922800
4/26/2001 16:00:00,109.8,111.47,108.58,108.58,6373800
4/27/2001 16:00:00,111.56,111.56,109.41,110.99,6169400
4/30/2001 16:00:00,111.18,112.73,109.59,109.98,6044300
5/1/2001 16:00:00,110.66,113.33,109.75,113.2,6653500
5/2/2001 16:00:00,113,113.62,108.65,110.23,8439600
5/3/2001 16:00:00,109.46,109.94,107.31,108.6,5733500
5/4/2001 16:00:00,106.98,110.67,106.31,110.67,7765200
5/7/2001 16:00:00,110.99,111.99,109.84,110.7,5227000
5/8/2001 16:00:00,111.99,112.42,110.32,112.42,6878600
5/9/2001 16:00:00,110.99,112.88,110.13,111.74,6350800
5/10/2001 16:00:00,113.19,113.33,110.03,110.03,6587300
5/11/2001 16:00:00,108.65,109.03,105.98,106.8,7117500
5/14/2001 16:00:00,106.21,108.11,106.02,107.51,4553000
5/15/2001 16:00:00,108.41,109.03,107.46,108.49,5156700
5/16/2001 16:00:00,107.46,110.61,107.17,110.61,6607500
5/17/2001 16:00:00,110.61,111.7,109.89,109.91,6048000
5/18/2001 16:00:00,109.91,112.4,109.75,112.17,5755400
5/21/2001 16:00:00,112.66,114.52,112.28,113.7,7146000
5/22/2001 16:00:00,113.5,114.28,111.8,112.72,5075800
5/23/2001 16:00:00,112.52,113.62,111.85,112.14,5620000
5/24/2001 16:00:00,113.62,114.24,112.71,114.16,6480500
5/25/2001 16:00:00,114.16,114.52,112.52,112.52,4749900
5/29/2001 16:00:00,112.09,112.32,109.92,110.1,5093100
5/30/2001 16:00:00,108.89,108.94,106.98,107.6,7790500
5/31/2001 16:00:00,107.6,108.75,106.63,106.79,5426300
6/1/2001 16:00:00,107.46,108.51,106.88,107.83,4590700
6/4/2001 16:00:00,108.17,109.61,107.79,108.54,3340700
6/5/2001 16:00:00,108.54,112.33,108.47,111.66,5593600
6/6/2001 16:00:00,112.33,113.66,111.28,112.23,8052000
6/7/2001 16:00:00,111.75,112.95,111.75,111.99,5134800
6/8/2001 16:00:00,111.04,111.49,110.87,110.89,2544000
6/11/2001 16:00:00,111.09,112.84,110.89,112.08,5825400
6/12/2001 16:00:00,111.52,112.52,110.37,111.99,6521300
6/13/2001 16:00:00,111.99,113.16,111.31,111.36,4874700
6/14/2001 16:00:00,110.42,110.88,108.88,110.56,6587600
6/15/2001 16:00:00,109.94,110.27,108.3,108.51,11507400
6/18/2001 16:00:00,108.87,110.26,108.23,109.15,4666400
6/19/2001 16:00:00,111.75,111.99,109.42,109.69,5360900
6/20/2001 16:00:00,108.27,109.82,106.75,108.02,8706600
6/21/2001 16:00:00,107.12,109.56,106.38,107.07,7199700
6/22/2001 16:00:00,107.55,109.3,107.46,107.81,4658500
6/25/2001 16:00:00,108.65,109.75,106.77,107.34,5031500
6/26/2001 16:00:00,106.26,108.94,106.12,107.97,5657400
6/27/2001 16:00:00,108.03,109.06,107.41,108.43,3873500
6/28/2001 16:00:00,108.7,111.71,108.65,109.94,7040200
6/29/2001 16:00:00,110.42,111.42,107.93,107.93,8530200
7/2/2001 16:00:00,108.41,110.23,107.93,109.22,4933800
7/3/2001 16:00:00,108.98,109.07,107.7,107.91,3325800
7/5/2001 16:00:00,107.55,108.18,106.78,107.07,3797400
7/6/2001 16:00:00,105.93,105.93,101.07,101.72,9852600
7/9/2001 16:00:00,101.72,102.15,99,100.48,9293900
7/10/2001 16:00:00,100.03,100.67,97.04,97.38,10235800
7/11/2001 16:00:00,97.04,99.46,97.04,99.19,7824600
7/12/2001 16:00:00,101.15,102.97,100.88,102.44,7683300
7/13/2001 16:00:00,101.39,104.4,101.35,103.66,7018200
7/16/2001 16:00:00,103.66,104.48,102.47,102.99,4647100
7/17/2001 16:00:00,101.34,103.71,100.05,103.66,7191000
7/18/2001 16:00:00,101.34,102.78,98.62,99.6,9472700
7/19/2001 16:00:00,101.25,101.25,98.48,99.34,12001500
7/20/2001 16:00:00,99.34,100.96,98.41,100.96,7782100
7/23/2001 16:00:00,100.96,102.15,100.72,101.1,5259300
7/24/2001 16:00:00,100.15,101.25,99.14,99.82,5582500
7/25/2001 16:00:00,99.81,100.67,98.12,100.19,5291500
7/26/2001 16:00:00,100.05,101.25,98.32,101.25,7507700
7/27/2001 16:00:00,100.05,101.2,99.44,100.01,3725000
7/30/2001 16:00:00,100.2,101.49,100.06,101.1,3422400
7/31/2001 16:00:00,101.15,102.2,100.44,100.49,4481000
8/1/2001 16:00:00,100.63,103.64,100.59,102.26,5239400
8/2/2001 16:00:00,103.64,104.56,103.08,103.92,4760900
8/3/2001 16:00:00,102.97,105.15,102.3,103.33,3704100
8/6/2001 16:00:00,102.44,102.56,101.05,101.73,3375000
8/7/2001 16:00:00,101.06,102.56,100.54,101.49,3495200
8/8/2001 16:00:00,100.29,101.34,99.45,99.52,5248400
8/9/2001 16:00:00,99.05,99.85,98.1,99.41,5898200
8/10/2001 16:00:00,99.19,100.24,98.2,100.24,4473700
8/13/2001 16:00:00,100.29,101.86,99.96,101.11,5519600
8/14/2001 16:00:00,101.72,102.06,100.67,101.44,4820500
8/15/2001 16:00:00,101.58,101.81,100.3,100.3,4154100
8/16/2001 16:00:00,99.53,101.27,99.01,101.01,5481800
8/17/2001 16:00:00,100.39,100.52,99.24,99.9,6179700
8/20/2001 16:00:00,99.99,100.29,98.28,99.43,4904300
8/21/2001 16:00:00,99.19,100.26,97,97.32,5439900
8/22/2001 16:00:00,97.9,99.38,97.2,99.3,6735200
8/23/2001 16:00:00,99.34,100.01,98.38,98.38,4468600
8/24/2001 16:00:00,99.29,102.97,98.77,102.19,6399300
8/27/2001 16:00:00,102.19,103.35,101.96,102.07,3603900
8/28/2001 16:00:00,102.11,102.36,100.17,100.24,4800300
8/29/2001 16:00:00,101.01,101.15,99.17,99.46,3986500
8/30/2001 16:00:00,98.14,98.5,94.43,95.86,12312600
8/31/2001 16:00:00,96.47,96.76,94.9,95.52,6550000
9/4/2001 16:00:00,95.66,98.51,94.87,96.94,8317300
9/5/2001 16:00:00,96.95,98.21,95.14,96.18,10683000
9/6/2001 16:00:00,96.17,96.17,93.27,93.61,7590300
9/7/2001 16:00:00,93.51,93.74,91.71,92.26,8739000
9/10/2001 16:00:00,91.7,93.03,91.3,92.14,8552100
9/17/2001 16:00:00,89.69,91.56,88.4,89.16,14930900
9/18/2001 16:00:00,89.79,92.41,89.48,92.08,12304500
9/19/2001 16:00:00,92.08,92.51,88.3,91.7,14880700
9/20/2001 16:00:00,89.88,91.46,88.69,89.21,15064300
9/21/2001 16:00:00,86.54,89.31,85.49,86.94,18188200
9/24/2001 16:00:00,87.68,91.26,87.68,90.55,11201800
9/25/2001 16:00:00,89.88,92.31,89.22,90.22,12531000
9/26/2001 16:00:00,90.22,90.22,86.25,87.53,13732800
9/27/2001 16:00:00,87.21,87.4,83.57,85.96,13172300
9/28/2001 16:00:00,86.16,88.55,85.87,87.61,11077200
10/1/2001 16:00:00,87.61,89.29,87.24,88.55,8673600
10/2/2001 16:00:00,88.16,89.69,87.97,89.57,7221200
10/3/2001 16:00:00,88.73,93.24,88.26,92.6,11118800
10/4/2001 16:00:00,92.79,94.45,92.46,92.95,9785100
10/5/2001 16:00:00,92.32,94.04,91.09,93.63,9677000
10/8/2001 16:00:00,93.63,94.56,92.41,94.08,7093100
10/9/2001 16:00:00,94.08,94.08,92.42,92.78,7525300
10/10/2001 16:00:00,90.74,92.94,90.65,92.89,10636900
10/11/2001 16:00:00,93.32,94.94,92.32,94.94,11540500
10/12/2001 16:00:00,94.27,96.47,93.61,96.32,11501200
10/15/2001 16:00:00,95.37,98.15,95.37,97.43,10205400
10/16/2001 16:00:00,97.3,98.38,95.19,97.28,12051200
10/17/2001 16:00:00,101.53,101.92,98.29,98.29,18920500
10/18/2001 16:00:00,98.43,99.1,96.26,96.72,10696900
10/19/2001 16:00:00,97.09,98.13,95.58,98.05,11771900
10/22/2001 16:00:00,98.05,101.04,97.33,100.53,7624100
10/23/2001 16:00:00,101.01,101.91,99.86,101.07,7429300
10/24/2001 16:00:00,101.72,103.87,101.33,103.7,8299700
10/25/2001 16:00:00,103.21,105.88,101.96,105.7,9683700
10/26/2001 16:00:00,105.07,107.07,104.71,106.18,10145000
10/29/2001 16:00:00,105.55,105.74,103.75,104.48,7024600
10/30/2001 16:00:00,102.97,104.83,102.93,103.89,8613100
10/31/2001 16:00:00,104.69,106.14,103.22,103.22,7155900
11/1/2001 16:00:00,102.44,105.23,102.11,104.96,8016100
11/2/2001 16:00:00,104.26,105.35,103.89,104.49,6216900
11/5/2001 16:00:00,105.02,105.63,104.19,105.03,5699000
11/6/2001 16:00:00,104.69,109.65,104.11,109.07,8484000
11/7/2001 16:00:00,107.98,110.03,107.96,108.75,10059600
11/8/2001 16:00:00,108.85,110.38,108.52,108.71,7917900
11/9/2001 16:00:00,108.03,109.75,108.03,108.93,5010800
11/12/2001 16:00:00,107.93,109.75,107.03,109.71,5592500
11/13/2001 16:00:00,110.51,111.75,110.51,111.12,8930300
11/14/2001 16:00:00,111.47,111.61,108.25,109.33,8081300
11/15/2001 16:00:00,108.98,111.11,108.74,109.61,6963100
11/16/2001 16:00:00,109.84,109.84,107.5,109.37,6658800
11/19/2001 16:00:00,109.56,110.61,108.67,109.62,4926100
11/20/2001 16:00:00,109.22,111.56,109.13,110.26,6452600
11/21/2001 16:00:00,109.8,110.08,107.98,109.21,4184700
11/23/2001 16:00:00,109.17,110.2,108.62,110.18,1714000
11/26/2001 16:00:00,110.7,111.18,110.03,111.11,4852900
11/27/2001 16:00:00,111.04,111.09,108.96,109.08,6877200
11/28/2001 16:00:00,108.98,109.25,107.07,107.12,6161300
11/29/2001 16:00:00,107.84,109.41,106.8,107.8,6112900
11/30/2001 16:00:00,109.3,110.74,108.7,110.02,5584900
12/3/2001 16:00:00,109.65,109.7,108.13,109.01,5785800
12/4/2001 16:00:00,109.18,111.49,108.3,111.41,6585900
12/5/2001 16:00:00,111.61,116.51,111.42,115.96,14646400
12/6/2001 16:00:00,115.1,116.24,114.43,114.75,11225700
12/7/2001 16:00:00,114.14,115.57,113.43,115,6889300
12/10/2001 16:00:00,114.62,115.57,114.06,114.12,5552000
12/11/2001 16:00:00,114.62,117.24,114.43,116.05,7744900
12/12/2001 16:00:00,115.69,117.69,113.66,117.49,7834800
12/13/2001 16:00:00,116.1,116.82,114.73,114.86,7891300
12/14/2001 16:00:00,115.38,116.03,114.06,115.67,6995600
12/17/2001 16:00:00,114.76,116.66,114.76,115.97,6170000
12/18/2001 16:00:00,116.06,117.46,115.91,116.72,5591100
12/19/2001 16:00:00,116.43,119.11,115.58,118.34,7698000
12/20/2001 16:00:00,118.34,118.44,116.67,117.2,6344800
12/21/2001 16:00:00,117.2,117.96,116.25,116.53,8659100
12/24/2001 16:00:00,116.58,116.99,115.67,116,1654600
12/26/2001 16:00:00,116.53,118.15,116.35,116.91,3857800
12/27/2001 16:00:00,117.25,118.37,117.14,117.96,3826400
12/28/2001 16:00:00,117.96,118.33,116.86,117.39,4213900
12/31/2001 16:00:00,117.25,117.71,115.53,115.54,3520500
1/2/2002 16:00:00,115.19,116.05,114.43,116.05,6862800
1/3/2002 16:00:00,116.05,118.65,114.86,117.27,8578800
1/4/2002 16:00:00,118.49,119.97,118.42,119.97,8405200
1/7/2002 16:00:00,119.4,120.53,118.15,118.49,5939600
1/8/2002 16:00:00,118.68,119.59,118.18,119.11,5311800
1/9/2002 16:00:00,119.11,120.72,118.58,118.91,6839900
1/10/2002 16:00:00,118.2,118.44,115.98,116.66,8926300
1/11/2002 16:00:00,116.05,116.7,114.89,114.92,4798300
1/14/2002 16:00:00,114.62,114.71,111.85,112.76,10026800
1/15/2002 16:00:00,112.76,114.33,112.44,113.52,5647900
1/16/2002 16:00:00,112.71,113.43,111.99,112.59,5360200
1/17/2002 16:00:00,114.48,115.15,112,114.52,9202000
1/18/2002 16:00:00,109.75,109.75,107.75,109.13,18325900
1/22/2002 16:00:00,109.13,109.14,105.38,105.55,10128600
1/23/2002 16:00:00,105.83,106.26,102.2,103.06,12556700
1/24/2002 16:00:00,103.92,104.81,102.27,103.85,8547100
1/25/2002 16:00:00,103.64,105.73,103.25,104.38,6761300
1/28/2002 16:00:00,104.59,105.27,102.26,103.3,7092900
1/29/2002 16:00:00,103.3,103.69,97.82,98.38,14480800
1/30/2002 16:00:00,99.58,101.01,96.47,100.82,17709500
1/31/2002 16:00:00,101.63,103.14,99.78,102.09,9848300
2/1/2002 16:00:00,102.81,104.4,101.86,102.89,6798400
2/4/2002 16:00:00,103.16,103.16,101.24,102.01,6524100
2/5/2002 16:00:00,101.49,103.64,101.25,101.53,6711700
2/6/2002 16:00:00,101.92,102.99,100.61,101.85,6681900
2/7/2002 16:00:00,101.86,102.2,99.2,99.25,7254300
2/8/2002 16:00:00,98.38,100.98,98.01,100.28,8339400
2/11/2002 16:00:00,100.29,102.86,99.82,102.57,6271900
2/12/2002 16:00:00,101.96,103.05,101.3,101.79,4560800
2/13/2002 16:00:00,101.92,103.62,101.36,103.22,5086900
2/14/2002 16:00:00,102.39,104.26,102.39,103.05,5818500
2/15/2002 16:00:00,100.1,100.1,97.14,98.28,18261300
2/19/2002 16:00:00,96.61,97.24,94.43,95.08,13395900
2/20/2002 16:00:00,95.08,95.52,92.65,94.86,14525200
2/21/2002 16:00:00,94.32,95.23,91.71,92.06,10131700
2/22/2002 16:00:00,92.06,94.75,91.47,94.04,10471600
2/25/2002 16:00:00,94.04,94.8,92.77,93.89,9902800
2/26/2002 16:00:00,94.56,94.74,91.69,92.79,11634500
2/27/2002 16:00:00,93.7,95.81,92.36,93.44,11978700
2/28/2002 16:00:00,94.07,95.13,93.43,93.72,7939000
3/1/2002 16:00:00,94.18,98.48,94.08,98.4,10492900
3/4/2002 16:00:00,98.72,101.76,98.51,101.15,10767700
3/5/2002 16:00:00,99.58,101.72,99.49,100.93,7562300
3/6/2002 16:00:00,100.44,102.29,100.05,101.53,7687700
3/7/2002 16:00:00,102.49,102.68,98.61,99.06,10972500
3/8/2002 16:00:00,100.12,102.53,100.12,100.38,10726400
3/11/2002 16:00:00,99.67,101.22,98.95,100.52,8639200
3/12/2002 16:00:00,101.1,103.97,101.1,103.64,11064900
3/13/2002 16:00:00,103.44,103.78,101.92,102.37,6409200
3/14/2002 16:00:00,102.22,103.11,101.81,101.82,5335500
3/15/2002 16:00:00,101.77,102.63,100.86,102,10864100
3/18/2002 16:00:00,102.3,103.77,101.47,101.58,5304800
3/19/2002 16:00:00,102.06,103.21,101.72,102.67,4614800
3/20/2002 16:00:00,102.11,102.11,100.76,100.77,4844500
3/21/2002 16:00:00,100.96,101.99,100.01,101.99,5700800
3/22/2002 16:00:00,101.72,101.92,100.36,100.87,5507900
3/25/2002 16:00:00,101.06,101.88,98.86,98.92,6277900
3/26/2002 16:00:00,98.93,100.96,97.71,98.29,8144000
3/27/2002 16:00:00,99.1,99.14,97.9,98.75,5602400
3/28/2002 16:00:00,98.91,100.43,98.75,99.34,5347500
4/1/2002 16:00:00,99.34,99.34,97.81,98.25,5587000
4/2/2002 16:00:00,97.43,97.44,96,96.42,7382200
4/3/2002 16:00:00,96.85,96.95,94.47,95.48,7649100
4/4/2002 16:00:00,95.48,96.61,95.04,96.32,5928500
4/5/2002 16:00:00,96.32,96.71,92.89,92.89,9801800
4/8/2002 16:00:00,83.58,84.62,81.52,83.49,41212600
4/9/2002 16:00:00,84.53,84.55,83.19,83.81,17383900
4/10/2002 16:00:00,84.48,85.92,84.25,85.02,13143900
4/11/2002 16:00:00,84.1,84.54,79.6,80.42,23355000
4/12/2002 16:00:00,83.58,84.02,80.62,81.76,15820200
4/15/2002 16:00:00,82.62,82.72,80.9,81.52,8871600
4/16/2002 16:00:00,82.48,82.96,81.74,82.34,7933400
4/17/2002 16:00:00,83.15,83.29,80.23,81.01,11023500
4/18/2002 16:00:00,83.58,85.11,83,84.96,14765000
4/19/2002 16:00:00,85.87,85.99,83.67,85.01,9287700
4/22/2002 16:00:00,84.96,84.96,83.44,83.99,6757700
4/23/2002 16:00:00,84.39,85.09,83.33,83.41,5144400
4/24/2002 16:00:00,84.25,84.29,82.4,82.62,6520500
4/25/2002 16:00:00,82.19,83.02,81.92,82.82,6866000
4/26/2002 16:00:00,82.81,83.06,80.9,80.91,6684200
4/29/2002 16:00:00,80.91,81.28,79.8,80.13,6535600
4/30/2002 16:00:00,80.15,81.41,79.78,80,8883900
5/1/2002 16:00:00,80.09,80.85,78.01,80.52,12203900
5/2/2002 16:00:00,79.99,81,79.4,80.1,6582900
5/3/2002 16:00:00,79.37,79.76,77.47,78.11,8656300
5/6/2002 16:00:00,78.04,78.2,72.59,72.59,13650800
5/7/2002 16:00:00,73.44,74.03,72.52,72.93,17418800
5/8/2002 16:00:00,74.98,79.09,74.69,78.75,12730100
5/9/2002 16:00:00,78.23,79.28,75.46,76.35,10130100
5/10/2002 16:00:00,76.37,76.89,75.7,76.11,7386300
5/13/2002 16:00:00,76.65,78.6,75.94,78.5,6527600
5/14/2002 16:00:00,80.71,81.65,78.5,81.65,9614700
5/15/2002 16:00:00,81.18,82.61,80.28,80.71,8552300
5/16/2002 16:00:00,81.62,81.62,81.62,81.62,3200
5/17/2002 16:00:00,82.38,82.53,81.19,81.85,5864100
5/20/2002 16:00:00,81.62,81.62,80.17,80.64,4501300
5/21/2002 16:00:00,80.63,81.19,79.57,79.71,4448700
5/22/2002 16:00:00,80,80.61,79.03,80.23,5040600
5/23/2002 16:00:00,80.47,81.24,78.82,79.95,6859900
5/24/2002 16:00:00,79.9,79.99,78.92,79.37,4120600
5/28/2002 16:00:00,79.09,79.38,78.03,78.4,4552300
5/29/2002 16:00:00,77.85,78.32,77.37,77.94,4514700
5/30/2002 16:00:00,76.99,78.56,76.62,78.56,7342600
5/31/2002 16:00:00,78.37,78.37,76.8,76.85,5040400
6/3/2002 16:00:00,77.13,77.28,74.5,74.61,8383900
6/4/2002 16:00:00,74.61,76.08,74.12,75.75,7255600
6/5/2002 16:00:00,76.08,77.09,75.56,76.94,7172100
6/6/2002 16:00:00,76.94,77.32,75.35,76.09,5536900
6/7/2002 16:00:00,74.96,75.31,73.55,74.79,9309300
6/10/2002 16:00:00,74.26,75.27,73.17,73.36,7000400
6/11/2002 16:00:00,74.36,74.74,71.83,72.11,7945800
6/12/2002 16:00:00,72.02,72.54,69.97,71.3,13296100
6/13/2002 16:00:00,72.07,73.93,71.92,72.98,8891300
6/14/2002 16:00:00,70.87,73.33,69.97,72.78,8584500
6/17/2002 16:00:00,72.76,74.26,71.79,73.68,7775800
6/18/2002 16:00:00,72.21,73.45,72.09,72.54,7242000
6/19/2002 16:00:00,70.87,71.83,69.97,70.01,9450300
6/20/2002 16:00:00,70.68,70.77,68.23,68.37,11116900
6/21/2002 16:00:00,67.15,67.81,65.13,65.67,15356400
6/24/2002 16:00:00,64.23,68.28,64.23,66.57,14610900
6/25/2002 16:00:00,67.15,68.25,65.34,65.52,8555100
6/26/2002 16:00:00,63.76,67.43,63.14,66.91,11491200
6/27/2002 16:00:00,68.01,68.92,66,68.68,10610300
6/28/2002 16:00:00,68.15,70.32,68.06,68.77,10528400
7/1/2002 16:00:00,68.78,69.16,64.15,64.57,12064400
7/2/2002 16:00:00,64.81,66.29,64.66,65.41,12011000
7/3/2002 16:00:00,64.9,67.54,64.83,67.35,8469800
7/5/2002 16:00:00,69.2,70.59,68.77,70.2,5243000
7/8/2002 16:00:00,69.73,70.19,67.85,68.1,9490100
7/9/2002 16:00:00,68.2,69.01,66.34,66.48,11125100
7/10/2002 16:00:00,67.43,68.06,65.46,65.68,10003100
7/11/2002 16:00:00,64.95,66.62,64.52,65.59,10981300
7/12/2002 16:00:00,66.86,68.53,65.72,66.85,8551900
7/15/2002 16:00:00,65.33,67.82,63.61,65.21,10415800
7/16/2002 16:00:00,66.96,66.96,66.96,66.96,12800
7/17/2002 16:00:00,67.82,68.39,66.5,67.52,11080600
7/18/2002 16:00:00,67.34,70.87,66.86,68.82,15223300
7/19/2002 16:00:00,67.78,69.44,66.86,68.77,11588600
7/22/2002 16:00:00,68.06,68.95,65.25,65.43,14857600
7/23/2002 16:00:00,65.19,66.86,63.67,64.04,12774500
7/24/2002 16:00:00,63.04,66.86,62.75,66.42,13808900
7/25/2002 16:00:00,65.81,66.86,64.28,66.24,10989800
7/26/2002 16:00:00,65.67,66.36,62.81,63.42,11576400
7/29/2002 16:00:00,66.15,68.2,64.95,67.99,11919300
7/30/2002 16:00:00,67.34,69.44,66.88,68.57,10138600
7/31/2002 16:00:00,67.58,68.39,66.01,67.24,12719100
8/1/2002 16:00:00,67.24,67.53,64.21,65.19,8832100
8/2/2002 16:00:00,65.15,65.17,64.11,64.84,6915000
8/5/2002 16:00:00,64.89,65.29,62.9,63.03,7126900
8/6/2002 16:00:00,64,66.31,63.62,64.86,8370800
8/7/2002 16:00:00,65.91,66.77,63.8,66.07,8037300
8/8/2002 16:00:00,66.1,68.82,65.29,68.4,8432500
8/9/2002 16:00:00,67.44,70.97,67.24,68.61,6940900
8/12/2002 16:00:00,67.86,69.38,67.44,68.55,5263300
8/13/2002 16:00:00,68.34,70.49,68,68.68,7785100
8/14/2002 16:00:00,68.72,71.66,68.15,71.56,8353000
8/15/2002 16:00:00,72.02,73.27,71.26,73.07,9269600
8/16/2002 16:00:00,73.07,76.39,72.57,75.79,11645800
8/19/2002 16:00:00,75.79,79.14,75.47,78.79,10805000
8/20/2002 16:00:00,77.9,78.32,76.59,77.63,7671000
8/21/2002 16:00:00,78.23,78.64,75.98,77.37,7768600
8/22/2002 16:00:00,77.32,78.75,76.6,78.31,5447400
8/23/2002 16:00:00,77.56,77.83,75.79,76.8,5909400
8/26/2002 16:00:00,76.8,77.26,74.31,75.86,6997800
8/27/2002 16:00:00,76.8,76.83,73.83,74.46,7087800
8/28/2002 16:00:00,72.59,73.56,70.47,72.62,4512900
8/29/2002 16:00:00,72.21,73.88,71.78,73.18,5857400
8/30/2002 16:00:00,72.16,72.93,71.73,72,5085000
9/3/2002 16:00:00,70.87,71.64,69.06,69.11,6854100
9/4/2002 16:00:00,69.11,70.67,68.39,70.42,6264600
9/5/2002 16:00:00,69.48,69.58,68.29,68.94,6467700
9/6/2002 16:00:00,70.44,70.67,69.79,69.92,4586500
9/9/2002 16:00:00,69.2,71.62,68.63,71.16,5785000
9/10/2002 16:00:00,71.26,72.21,70.54,72.21,5538400
9/11/2002 16:00:00,72.97,74.03,70.74,70.87,5394400
9/12/2002 16:00:00,70.73,70.73,68.43,68.65,6707600
9/13/2002 16:00:00,68.29,69.61,68.11,69.25,5949600
9/16/2002 16:00:00,68.77,69.46,68.04,69.08,4595200
9/17/2002 16:00:00,69.73,70.16,68.15,68.53,6195100
9/18/2002 16:00:00,67.48,67.72,65.77,66.43,12726300
9/19/2002 16:00:00,61.85,63.5,61.75,61.89,22034900
9/20/2002 16:00:00,62.47,62.47,61.03,61.05,14195200
9/23/2002 16:00:00,60.89,60.89,59.57,60.53,8377100
9/24/2002 16:00:00,58.92,60.46,56.88,57.07,16710100
9/25/2002 16:00:00,58.46,60.91,58.27,60.18,13119300
9/26/2002 16:00:00,61.32,61.97,58.58,59.24,12369000
9/27/2002 16:00:00,58.68,60.64,57.61,57.65,8793300
9/30/2002 16:00:00,56.88,57.2,55.39,55.7,13020100
10/1/2002 16:00:00,56.55,59.2,56.35,58.43,11643800
10/2/2002 16:00:00,58.27,59.22,55.73,56.96,10653300
10/3/2002 16:00:00,57.6,58.42,56.31,57.31,11001100
10/4/2002 16:00:00,56.83,56.84,53.27,54.06,14552100
10/7/2002 16:00:00,54.06,55.88,54.06,54.31,9641600
10/8/2002 16:00:00,55.19,55.49,52.34,54.49,14744500
10/9/2002 16:00:00,53.54,54.16,52.35,52.6,12155400
10/10/2002 16:00:00,52.2,55.86,51.59,55,12672600
10/11/2002 16:00:00,59.22,61.05,58.74,61.05,17854600
10/14/2002 16:00:00,58.78,60.94,58.78,60.58,7925300
10/15/2002 16:00:00,64.71,65.41,63.59,65.41,14601400
10/16/2002 16:00:00,63.61,64,61.36,61.99,15927200
10/17/2002 16:00:00,69.49,69.73,68.04,68.96,21345800
10/18/2002 16:00:00,68.39,70.92,67.11,70.92,12533100
10/21/2002 16:00:00,70.35,72.5,69.67,72.16,10916300
10/22/2002 16:00:00,71.16,72.29,70.32,71.15,10411800
10/23/2002 16:00:00,71.06,71.61,69.21,71.26,12469300
10/24/2002 16:00:00,72.11,72.16,68.53,68.87,10616700
10/25/2002 16:00:00,69.25,71.27,68.92,71.22,7552600
10/28/2002 16:00:00,71.78,74.03,71.22,73.13,12544900
10/29/2002 16:00:00,73.13,73.6,70.87,73.3,11648800
10/30/2002 16:00:00,73.55,75.84,72.61,75.14,12865800
10/31/2002 16:00:00,75.14,76.21,74.98,75.4,9844300
11/1/2002 16:00:00,75.36,76.89,74.81,76.8,9395700
11/4/2002 16:00:00,78.04,80.05,78.04,78.8,12006000
11/5/2002 16:00:00,78.08,78.33,76.86,78.02,10467700
11/6/2002 16:00:00,77.18,78.21,76.46,77.88,10481100
11/7/2002 16:00:00,76.41,76.41,74.81,75.41,11036900
11/8/2002 16:00:00,74.98,75.74,73.74,74.11,8119700
11/11/2002 16:00:00,74.11,74.85,73.26,73.82,7386600
11/12/2002 16:00:00,74.03,76.32,73.83,75.6,9028200
11/13/2002 16:00:00,75.94,76.73,74.48,75.79,11979000
11/14/2002 16:00:00,76.82,77.36,75.84,77.1,9664700
11/15/2002 16:00:00,76.78,76.8,75.47,76.42,11368100
11/18/2002 16:00:00,77.18,77.36,75.53,75.63,7321500
11/19/2002 16:00:00,75.08,75.89,74.35,74.86,6918800
11/20/2002 16:00:00,74.46,78.05,74.41,77.95,9072100
11/21/2002 16:00:00,78.37,81.11,78.37,81.09,12737200
11/22/2002 16:00:00,80.19,81.35,80.04,80.64,9053300
11/25/2002 16:00:00,80.84,82.38,79.78,82.34,8651200
11/26/2002 16:00:00,82.29,82.29,80.61,81.25,8560800
11/27/2002 16:00:00,82.05,84.17,82,83.77,8209900
11/29/2002 16:00:00,83.78,84.1,82.87,83.02,2980700
12/2/2002 16:00:00,84.63,85.45,82.43,83.39,9694500
12/3/2002 16:00:00,82.83,83.13,81.33,81.39,7028700
12/4/2002 16:00:00,79.67,81.06,79.11,79.94,10058700
12/5/2002 16:00:00,81.09,81.18,78.9,79.34,6962500
12/6/2002 16:00:00,77.85,79.05,77.44,78.63,7594800
12/9/2002 16:00:00,77.37,77.68,75.94,76.02,8842500
12/10/2002 16:00:00,75.08,77.37,75.08,77.18,6869800
12/11/2002 16:00:00,77.18,78.78,76.41,77.79,6664400
12/12/2002 16:00:00,77.61,78.03,76.13,76.58,7208800
12/13/2002 16:00:00,75.7,76.41,74.76,76.41,7773800
12/16/2002 16:00:00,76.03,78.12,75.51,77.96,8483500
12/17/2002 16:00:00,76.99,78.1,76.44,76.71,6167600
12/18/2002 16:00:00,75.7,76.12,74.73,75.58,6515900
12/19/2002 16:00:00,75.08,76.74,74.84,75.13,7319900
12/20/2002 16:00:00,75.84,76.41,75.34,76.21,8055500
12/23/2002 16:00:00,76.17,77.85,75.88,76.66,5922700
12/24/2002 16:00:00,76.6,77.37,76.18,76.18,2420200
12/26/2002 16:00:00,76.01,77.08,74.75,74.98,5784300
12/27/2002 16:00:00,74.98,75.63,73.18,73.89,6334400
12/30/2002 16:00:00,73.55,73.96,72.21,72.83,8066600
12/31/2002 16:00:00,74.41,74.94,73.64,74.03,7871400
1/2/2003 16:00:00,75.27,76.96,74.68,76.96,7864500
1/3/2003 16:00:00,77.08,77.99,76.61,77.99,5963400
1/6/2003 16:00:00,78.23,81,78.14,79.84,7923400
1/7/2003 16:00:00,80.19,82.32,79.99,82.14,11907000
1/8/2003 16:00:00,81.71,81.85,80.3,80.42,9509700
1/9/2003 16:00:00,80.95,83.12,80.95,83.1,10711600
1/10/2003 16:00:00,82,84.09,81.86,83.75,9961400
1/13/2003 16:00:00,84.35,84.96,83.43,83.59,10499200
1/14/2003 16:00:00,84.61,84.62,83.31,84.61,7569200
1/15/2003 16:00:00,84.61,84.68,83.05,83.66,8147600
1/16/2003 16:00:00,83.48,83.78,81.55,82.19,10112800
1/17/2003 16:00:00,79.76,79.99,77.54,77.65,17332600
1/21/2003 16:00:00,77.65,78.18,76.89,76.93,8927000
1/22/2003 16:00:00,76.41,77.15,75.83,76.13,9433100
1/23/2003 16:00:00,76.56,77.71,76.22,77.42,8371500
1/24/2003 16:00:00,76.99,77.11,75.29,75.45,7748000
1/27/2003 16:00:00,74.49,75.94,74.13,74.9,9307800
1/28/2003 16:00:00,74.98,76.86,74.85,76.52,8018400
1/29/2003 16:00:00,75.94,77.08,75.05,76.72,7757500
1/30/2003 16:00:00,76.73,77.65,74.79,74.79,7349500
1/31/2003 16:00:00,74.22,74.83,73.57,74.69,9744100
2/3/2003 16:00:00,74.69,75.33,74.26,74.67,6683500
2/4/2003 16:00:00,74.67,74.67,72.83,73.63,7199400
2/5/2003 16:00:00,74.36,75.36,73.42,73.8,7427500
2/6/2003 16:00:00,73.65,74.69,73.08,74.03,7755200
2/7/2003 16:00:00,74.47,74.65,73.18,73.64,8296400
2/10/2003 16:00:00,73.64,74.52,73.02,74.42,7949400
2/11/2003 16:00:00,74.79,75.43,73.84,73.92,8599200
2/12/2003 16:00:00,74.03,74.59,73.07,73.07,5617700
2/13/2003 16:00:00,72.69,72.93,70.98,72.46,11218600
2/14/2003 16:00:00,72.97,73.98,71.97,73.98,8300100
2/18/2003 16:00:00,74.52,75.94,74.42,75.77,7793000
2/19/2003 16:00:00,75.53,76.13,75.29,75.95,5441300
2/20/2003 16:00:00,76,76.46,75.18,75.5,6295600
2/21/2003 16:00:00,75.93,76.41,74.66,76.37,7463800
2/24/2003 16:00:00,76.13,76.4,75.04,75.04,6878600
2/25/2003 16:00:00,74.41,75.81,73.45,75.52,7675900
2/26/2003 16:00:00,74.98,75.51,73.83,73.93,8587100
2/27/2003 16:00:00,74.41,75.07,73.31,73.82,9927000
2/28/2003 16:00:00,74.65,74.95,73.55,74.46,6556100
3/3/2003 16:00:00,75.08,75.46,73.66,73.86,6618300
3/4/2003 16:00:00,74.12,74.26,73.1,73.26,5672200
3/5/2003 16:00:00,73.26,74.24,72.83,74.24,6658000
3/6/2003 16:00:00,73.55,74.29,73.26,73.61,5877000
3/7/2003 16:00:00,72.32,74.49,72.32,74.41,8129200
3/10/2003 16:00:00,73.56,73.98,72.11,72.31,6641400
3/11/2003 16:00:00,72.42,72.91,71.83,71.97,8120700
3/12/2003 16:00:00,71.88,72.24,69.89,71.81,12773700
3/13/2003 16:00:00,72.59,75.15,71.93,74.93,10452800
3/14/2003 16:00:00,74.93,75.92,74.61,75.46,10117700
3/17/2003 16:00:00,74.5,78.96,74.35,78.76,15194200
3/18/2003 16:00:00,78.76,79.76,77.84,78.77,10795700
3/19/2003 16:00:00,78.41,78.8,77.44,78.32,10473100
3/20/2003 16:00:00,78.05,78.79,77.02,78.51,9046400
3/21/2003 16:00:00,79.66,81.09,79.05,81.09,12597400
3/24/2003 16:00:00,78.8,79.61,78.55,78.56,9352600
3/25/2003 16:00:00,78.32,80.23,78.08,79.71,8777100
3/26/2003 16:00:00,79.28,79.52,77.54,77.89,10531600
3/27/2003 16:00:00,77.13,78.64,76.9,77.8,7265800
3/28/2003 16:00:00,77.37,78.31,76.89,77.23,6649300
3/31/2003 16:00:00,75.71,76.04,74.8,74.91,10306700
4/1/2003 16:00:00,74.98,75.99,74.62,75.2,7861900
4/2/2003 16:00:00,78.13,78.29,76.32,77.81,9700500
4/3/2003 16:00:00,78.63,79.74,78.05,78.24,9629000
4/4/2003 16:00:00,78.66,78.85,76.45,77.17,8985000
4/7/2003 16:00:00,78.9,79.18,76.65,76.86,8882600
4/8/2003 16:00:00,77.01,77.08,74.95,76.48,8057800
4/9/2003 16:00:00,76.37,77.12,75.1,75.18,8546400
4/10/2003 16:00:00,75.55,75.7,74.63,75.47,6881400
4/11/2003 16:00:00,76.51,77.65,74.93,75.22,7573500
4/14/2003 16:00:00,74.98,76.48,74.66,76.48,9051900
4/15/2003 16:00:00,76.48,79.14,76.14,79.08,13621000
4/16/2003 16:00:00,79.28,80.62,79.03,79.16,10790700
4/17/2003 16:00:00,78.22,80.62,78.22,80.48,8803200
4/21/2003 16:00:00,80.48,80.72,79.37,79.62,6703400
4/22/2003 16:00:00,79.62,82.2,78.9,81.79,9543000
4/23/2003 16:00:00,81.42,82.12,81.16,81.91,7085800
4/24/2003 16:00:00,80.85,81.86,80.84,81.38,5943600
4/25/2003 16:00:00,81.39,81.46,80.1,80.12,6790700
4/28/2003 16:00:00,80.28,81.67,79.87,81.3,6365100
4/29/2003 16:00:00,81.51,82.61,81.16,81.82,8732800
4/30/2003 16:00:00,81.82,81.83,80.89,81.09,8445000
5/1/2003 16:00:00,81.48,82.36,80.68,82.04,7486400
5/2/2003 16:00:00,81.14,83.64,80.66,83.64,8382000
5/5/2003 16:00:00,83.29,84.06,82.64,82.64,7632500
5/6/2003 16:00:00,82.43,84.38,82.14,83.59,7459600
5/7/2003 16:00:00,83.05,83.88,82.62,82.79,6755600
5/8/2003 16:00:00,82.5,82.89,81.91,82.19,7188200
5/9/2003 16:00:00,83,83.77,82.53,83.62,6222600
5/12/2003 16:00:00,83.62,85.26,83.19,85.01,8445700
5/13/2003 16:00:00,84.8,86.06,84.59,85.95,8669200
5/14/2003 16:00:00,85.96,86.35,84.34,84.72,7752500
5/15/2003 16:00:00,85.49,85.93,85.01,85.87,7104000
5/16/2003 16:00:00,85.65,85.86,84.96,85,6831600
5/19/2003 16:00:00,84.1,84.5,82.54,82.57,7299400
5/20/2003 16:00:00,82.7,83.33,81.08,81.92,7332600
5/21/2003 16:00:00,81.92,82.32,81.27,82.32,6742400
5/22/2003 16:00:00,82.38,82.91,81.95,82.22,6277400
5/23/2003 16:00:00,81.91,82.1,81.28,81.44,5188500
5/27/2003 16:00:00,80.72,83.96,80.72,83.76,7163500
5/28/2003 16:00:00,83.67,84.72,83.48,83.64,6542300
5/29/2003 16:00:00,83.64,84.62,83.29,83.44,6898900
5/30/2003 16:00:00,83.53,84.7,83.53,84.09,6212500
6/2/2003 16:00:00,85.01,85.09,83.34,83.41,7761200
6/3/2003 16:00:00,80.23,81.42,79.51,80.06,21116600
6/4/2003 16:00:00,80.23,81.15,80.07,80.47,10734500
6/5/2003 16:00:00,80.23,80.47,78.08,78.23,15263700
6/6/2003 16:00:00,78.56,79.5,76.26,76.46,15162800
6/9/2003 16:00:00,76.41,78.32,76.23,78.32,9759300
6/10/2003 16:00:00,78.66,79.2,77.57,78.05,8896300
6/11/2003 16:00:00,79.04,80.38,78.6,80.21,9816200
6/12/2003 16:00:00,81,81.17,79.8,80.19,7072500
6/13/2003 16:00:00,80.38,80.51,78.81,79.04,5727500
6/16/2003 16:00:00,79.37,80.76,78.85,80.71,6492200
6/17/2003 16:00:00,81.14,81.14,80.04,80.52,5873700
6/18/2003 16:00:00,80.38,81.18,79.49,80.9,5942500
6/19/2003 16:00:00,81.14,81.47,80.71,80.76,7277100
6/20/2003 16:00:00,81.19,81.42,80.89,81.11,12867800
6/23/2003 16:00:00,80.99,80.99,79.25,79.45,6311600
6/24/2003 16:00:00,79.23,80.41,79.14,79.88,5062900
6/25/2003 16:00:00,79.8,80.39,78.41,78.79,5548000
6/26/2003 16:00:00,79.95,80.6,79.11,80.57,6374400
6/27/2003 16:00:00,80.38,80.85,79.49,79.68,4532900
6/30/2003 16:00:00,80.14,80.42,78.8,78.8,10100200
7/1/2003 16:00:00,77.75,79.91,77.75,79.84,5785800
7/2/2003 16:00:00,80.19,81.08,79.99,80.94,6060400
7/3/2003 16:00:00,80.47,80.89,79.74,80.19,3009500
7/7/2003 16:00:00,81,82.57,80.94,82.23,7508700
7/8/2003 16:00:00,82.23,82.86,81.37,82.38,5873900
7/9/2003 16:00:00,82.24,82.48,81.05,81.64,6726600
7/10/2003 16:00:00,81.19,81.4,79.73,80.26,7509300
7/11/2003 16:00:00,80.42,81.46,79.95,81.08,4534700
7/14/2003 16:00:00,82.14,82.7,81.59,81.59,6455400
7/15/2003 16:00:00,82.29,83.1,81.97,82.56,7912000
7/16/2003 16:00:00,83.1,83.13,82,82.85,8848300
7/17/2003 16:00:00,80.04,80.18,78.8,79.59,13367400
7/18/2003 16:00:00,80.09,80.25,79.48,79.97,8567500
7/21/2003 16:00:00,79.47,79.69,78.52,78.8,7036100
7/22/2003 16:00:00,78.8,79.53,77.86,78.18,8744300
7/23/2003 16:00:00,78.32,79.06,78.07,78.61,5326800
7/24/2003 16:00:00,79.23,79.27,77.86,77.86,5858600
7/25/2003 16:00:00,77.94,79.99,77.91,79.8,6207200
7/28/2003 16:00:00,79.92,79.95,78.36,78.84,6423500
7/29/2003 16:00:00,78.85,79.16,77.94,78.13,7282700
7/30/2003 16:00:00,78.75,78.75,76.97,77.33,6654600
7/31/2003 16:00:00,78.13,78.84,77.46,77.61,8051400
8/1/2003 16:00:00,77.51,77.63,76.46,77.63,6476300
8/4/2003 16:00:00,77.13,77.71,76.47,77.49,5888700
8/5/2003 16:00:00,77.49,77.68,76.22,76.27,7024700
8/6/2003 16:00:00,76.13,77.06,75.2,76.17,7472900
8/7/2003 16:00:00,76.12,77.2,75.82,77.07,5298500
8/8/2003 16:00:00,77.42,77.63,76.75,77.25,4615600
8/11/2003 16:00:00,77.24,77.85,76.68,77.39,4262200
8/12/2003 16:00:00,77.8,77.88,77.03,77.86,4634200
8/13/2003 16:00:00,77.99,78.5,76.97,77.56,5138400
8/14/2003 16:00:00,77.37,78.08,77.07,77.9,4538100
8/15/2003 16:00:00,78.13,78.3,77.56,78.12,3623600
8/18/2003 16:00:00,78.37,79.93,78.23,79.78,6847800
8/19/2003 16:00:00,79.99,80.05,78.86,79.46,6319100
8/20/2003 16:00:00,79.09,79.57,78.32,79.33,4829900
8/21/2003 16:00:00,79.65,80.09,79.14,79.14,5185200
8/22/2003 16:00:00,79.76,80.92,79.24,79.25,7434900
8/25/2003 16:00:00,79.14,79.31,78.08,78.29,5151400
8/26/2003 16:00:00,77.99,78.84,77.63,78.8,5569600
8/27/2003 16:00:00,78.32,78.83,78.23,78.32,3789200
8/28/2003 16:00:00,78.32,78.65,77.63,78.23,5516300
8/29/2003 16:00:00,78.28,78.43,77.9,78.33,4223600
9/2/2003 16:00:00,78.71,82.11,78.61,81.91,12425400
9/3/2003 16:00:00,82.37,83.39,82.14,82.46,10835700
9/4/2003 16:00:00,82.46,84.33,81.85,83.97,9891000
9/5/2003 16:00:00,83.72,84.3,82.86,83.05,7896600
9/8/2003 16:00:00,84.48,85.64,84.39,85.11,9218400
9/9/2003 16:00:00,85.2,85.94,84.94,85.41,8188400
9/10/2003 16:00:00,85,85.01,83.68,83.9,7322600
9/11/2003 16:00:00,82.86,84.46,82.53,83.98,9761300
9/12/2003 16:00:00,83.65,85.02,83.29,84.72,7209200
9/15/2003 16:00:00,84.72,85.93,84.43,84.52,7305400
9/16/2003 16:00:00,84.52,86.36,84.52,86.24,7897100
9/17/2003 16:00:00,86.35,87.82,86.16,86.57,9087100
9/18/2003 16:00:00,86.57,88.29,86.4,87.88,8338800
9/19/2003 16:00:00,88.3,89.28,87.68,89.1,9416000
9/22/2003 16:00:00,88.1,88.1,86.82,87.29,7302900
9/23/2003 16:00:00,87.4,87.96,86.5,87.24,7936700
9/24/2003 16:00:00,87,87.7,85.32,85.39,7576100
9/25/2003 16:00:00,85.39,86.89,85.2,85.4,6586300
9/26/2003 16:00:00,85.4,86.1,85.01,85.06,5096600
9/29/2003 16:00:00,85.25,86.14,85.08,85.44,5723300
9/30/2003 16:00:00,85.17,85.25,83.96,84.37,7060300
10/1/2003 16:00:00,84.77,86.54,84.72,86.3,7925300
10/2/2003 16:00:00,85.53,86.39,85.22,86.04,7429500
10/3/2003 16:00:00,86.92,87.83,86.51,86.58,7479300
10/6/2003 16:00:00,86.67,87.65,86.45,87.09,3845600
10/7/2003 16:00:00,86.44,87.59,86.35,87.59,5369800
10/8/2003 16:00:00,87.88,88.71,87.83,88.51,6418900
10/9/2003 16:00:00,89.12,89.4,88.07,88.3,7593000
10/10/2003 16:00:00,88.26,89,88.22,88.52,4500500
10/13/2003 16:00:00,88.93,89.35,88.43,89.02,4639200
10/14/2003 16:00:00,88.5,88.78,88.18,88.56,4702400
10/15/2003 16:00:00,89.69,90.3,88.58,88.58,11658100
10/16/2003 16:00:00,85.25,85.68,84.68,85.28,16994000
10/17/2003 16:00:00,85.28,85.66,84.83,85.23,9506900
10/20/2003 16:00:00,85.34,85.39,84.88,85.01,6975900
10/21/2003 16:00:00,85.25,85.33,84.72,84.94,5287100
10/22/2003 16:00:00,84.29,85.02,83.96,84.49,5600100
10/23/2003 16:00:00,83.67,84.44,83.61,84.2,6048800
10/24/2003 16:00:00,84.05,84.67,83.79,84.46,5471800
10/27/2003 16:00:00,84.82,85.11,84.1,84.55,5099200
10/28/2003 16:00:00,85.06,85.87,84.55,85.87,6959600
10/29/2003 16:00:00,85.58,85.91,85.15,85.33,5180700
10/30/2003 16:00:00,85.96,86.13,85.07,85.12,6535800
10/31/2003 16:00:00,85.2,86.64,85.2,85.47,4845200
11/3/2003 16:00:00,85.87,86.77,85.47,85.66,5825141
11/4/2003 16:00:00,85.66,85.77,84.88,85.14,5146301
11/5/2003 16:00:00,84.55,84.89,84.05,84.28,6275700
11/6/2003 16:00:00,84.37,85.57,83.79,85.33,5668900
11/7/2003 16:00:00,85.39,85.58,84.3,84.3,5566400
11/10/2003 16:00:00,86.22,86.41,85.53,85.92,8349700
11/11/2003 16:00:00,85.96,85.99,84.9,85.35,4841200
11/12/2003 16:00:00,85.44,87.07,85.31,86.62,5906200
11/13/2003 16:00:00,86.35,87.38,86.12,87.01,5278400
11/14/2003 16:00:00,86.94,87.32,85.78,86.2,4510500
11/17/2003 16:00:00,85.87,86.01,85.04,85.77,4748900
11/18/2003 16:00:00,85.89,86.14,84.91,84.96,5284500
11/19/2003 16:00:00,84.36,85.8,84.36,85.39,4156900
11/20/2003 16:00:00,85.3,85.76,84.42,84.43,5112200
11/21/2003 16:00:00,84.44,84.87,84.27,84.66,5935500
11/24/2003 16:00:00,85.04,85.72,84.96,85.64,4722400
11/25/2003 16:00:00,85.64,85.82,85.27,85.42,4305700
11/26/2003 16:00:00,85.76,86.05,85.11,85.88,4146800
11/28/2003 16:00:00,85.87,86.61,85.6,86.48,2195500
12/1/2003 16:00:00,86.9,87.26,86.42,86.93,5234900
12/2/2003 16:00:00,86.51,87.38,86.46,86.68,5092900
12/3/2003 16:00:00,87.06,87.34,86.25,86.25,6170600
12/4/2003 16:00:00,86.01,87.34,86,87.32,5360400
12/5/2003 16:00:00,87.21,87.21,86.44,86.58,5878400
12/8/2003 16:00:00,86.46,87.37,86.46,87.11,5342000
12/9/2003 16:00:00,87.06,88.03,86.55,86.57,6971500
12/10/2003 16:00:00,86.62,88.58,86.59,87.62,7140400
12/11/2003 16:00:00,87.84,88.8,87.8,88.26,6412100
12/12/2003 16:00:00,88.54,88.98,88.1,88.55,5079900
12/15/2003 16:00:00,89.24,89.76,87.95,87.98,5964500
12/16/2003 16:00:00,87.98,89.9,87.76,89.77,7455800
12/17/2003 16:00:00,89.64,89.66,88.69,89.21,6056500
12/18/2003 16:00:00,88.74,89.19,88.35,88.57,6873600
12/19/2003 16:00:00,89.05,89.07,88.52,88.96,7090700
12/22/2003 16:00:00,88.67,89.31,88.62,89.2,4332300
12/23/2003 16:00:00,88.9,89.25,88.2,88.63,3677200
12/24/2003 16:00:00,88.64,88.64,88.05,88.13,1760500
12/26/2003 16:00:00,88.23,88.83,88.16,88.73,1408500
12/29/2003 16:00:00,88.93,89.53,88.86,89.33,4034200
12/30/2003 16:00:00,89.09,89.31,88.22,88.48,4003400
12/31/2003 16:00:00,88.51,88.69,88.03,88.52,4726900
1/2/2004 16:00:00,88.7,88.88,87.11,87.45,5330200
1/5/2004 16:00:00,88.06,88.92,87.88,88.88,5276500
1/6/2004 16:00:00,88.07,89.01,88.01,88.89,4380000
1/7/2004 16:00:00,88.96,89.19,88.32,88.62,4927600
1/8/2004 16:00:00,89.03,89.03,87.9,88.87,6251600
1/9/2004 16:00:00,87.64,88.21,86.92,87.12,7932000
1/12/2004 16:00:00,87.12,88.01,87.12,87.45,5130400
1/13/2004 16:00:00,87.35,87.41,85.02,85.68,8842500
1/14/2004 16:00:00,85.87,86.4,85.73,86.26,5531800
1/15/2004 16:00:00,90.74,91.36,89.36,89.8,19813700
1/16/2004 16:00:00,90.74,91.07,90.46,91.05,9302100
1/20/2004 16:00:00,91.7,93.07,91.44,92.75,9285300
1/21/2004 16:00:00,92.87,93.64,92.31,93.32,6952700
1/22/2004 16:00:00,93.45,93.76,92.96,93.14,4371600
1/23/2004 16:00:00,93.43,93.81,92.75,93.51,5283900
1/26/2004 16:00:00,93.51,95.37,93.19,95.37,6190100
1/27/2004 16:00:00,94.94,95.2,94.27,94.37,5345500
1/28/2004 16:00:00,94.7,94.96,92.92,93.01,6552200
1/29/2004 16:00:00,93.7,94.18,92.22,93.62,6642500
1/30/2004 16:00:00,93.63,94.88,93.45,94.78,6137600
2/2/2004 16:00:00,94.7,95.46,94.08,94.93,6200000
2/3/2004 16:00:00,94.55,95.52,94.51,95.52,5604500
2/4/2004 16:00:00,94.92,95.93,94.85,95.7,8391200
2/5/2004 16:00:00,95.52,95.6,93.85,94.43,5975100
2/6/2004 16:00:00,94.42,94.79,93.84,94.5,5485600
2/9/2004 16:00:00,94.86,94.98,94.18,94.51,3742400
2/10/2004 16:00:00,94.04,95.49,94,95.14,4057500
2/11/2004 16:00:00,94.75,95.81,94.37,95.48,5505700
2/12/2004 16:00:00,95.57,95.8,94.85,94.85,3611700
2/13/2004 16:00:00,94.66,95.6,94.64,95.24,3562400
2/17/2004 16:00:00,95.51,95.52,94.87,94.91,3930500
2/18/2004 16:00:00,94.86,95.3,93.75,94.01,4830500
2/19/2004 16:00:00,94.01,94.78,93.15,93.42,5447700
2/20/2004 16:00:00,93.61,94.18,92.83,92.95,5690200
2/23/2004 16:00:00,93.03,93.14,91.18,91.66,6629600
2/24/2004 16:00:00,90.93,93.09,90.93,92.45,7012100
2/25/2004 16:00:00,92.17,92.74,91.92,92.21,3362500
2/26/2004 16:00:00,91.95,92.9,91.93,92.45,3967800
2/27/2004 16:00:00,92.46,93.01,91.79,92.17,4715000
3/1/2004 16:00:00,92.17,92.89,91.84,92.69,4454000
3/2/2004 16:00:00,93.22,93.22,92.29,92.48,4976200
3/3/2004 16:00:00,92.24,92.55,91.31,92.5,4807000
3/4/2004 16:00:00,92.25,92.57,91.82,92.07,3548500
3/5/2004 16:00:00,91.65,92.63,91.28,92.13,3971800
3/8/2004 16:00:00,92.16,92.54,90.35,90.35,5084200
3/9/2004 16:00:00,90.07,91.01,89.57,90.29,6391400
3/10/2004 16:00:00,90.15,90.49,88.52,88.89,6536400
3/11/2004 16:00:00,87.88,88.81,87.06,87.12,8560800
3/12/2004 16:00:00,87.88,89.19,87.57,89.12,6290600
3/15/2004 16:00:00,88.45,88.53,86.81,87.7,6523500
3/16/2004 16:00:00,88.26,88.54,87.32,88.3,4638200
3/17/2004 16:00:00,88.42,89.58,88.3,89.2,4663000
3/18/2004 16:00:00,88.88,89,87.78,88.69,4605200
3/19/2004 16:00:00,88.7,88.8,87.41,87.51,7185200
3/22/2004 16:00:00,87.18,87.38,86.23,86.94,6223500
3/23/2004 16:00:00,87.49,88.03,86.61,87.23,5065300
3/24/2004 16:00:00,87.46,88.34,86.96,87.66,6211000
3/25/2004 16:00:00,88.02,88.48,87.35,88.25,5585800
3/26/2004 16:00:00,88.25,89.07,88.03,88.61,4397700
3/29/2004 16:00:00,88.82,89.41,88.05,88.52,4879000
3/30/2004 16:00:00,88.52,88.52,87.25,88.18,5415700
3/31/2004 16:00:00,87.94,88.1,87.41,87.72,4613500
4/1/2004 16:00:00,87.56,88.52,87.51,88.23,4248700
4/2/2004 16:00:00,89.36,90.31,89.15,89.98,5894500
4/5/2004 16:00:00,89.74,90.14,89.32,89.96,3936000
4/6/2004 16:00:00,89.4,89.58,88.85,89.5,3863600
4/7/2004 16:00:00,89.18,89.38,88.36,88.91,4527300
4/8/2004 16:00:00,89.79,90.16,88.4,88.94,3868000
4/12/2004 16:00:00,89.31,90.13,89.21,89.54,3112600
4/13/2004 16:00:00,89.58,89.82,88.35,88.87,5013600
4/14/2004 16:00:00,87.97,89.65,87.97,89.5,5316500
4/15/2004 16:00:00,89.59,89.87,88.89,89.76,6863200
4/16/2004 16:00:00,88.16,88.21,86.96,88.14,11118100
4/19/2004 16:00:00,87.78,88.16,87.59,87.82,4159400
4/20/2004 16:00:00,87.88,88.33,86.59,86.59,4260200
4/21/2004 16:00:00,87.06,87.32,86.62,87.17,4623400
4/22/2004 16:00:00,86.44,87.41,85.68,86.67,7988000
4/23/2004 16:00:00,86.92,87.5,86.31,87.19,5048700
4/26/2004 16:00:00,86.68,87.45,86.3,86.38,4532500
4/27/2004 16:00:00,86.59,87.87,86.5,87.28,4768000
4/28/2004 16:00:00,86.25,86.9,86.17,86.36,4704100
4/29/2004 16:00:00,85.97,86.21,84.24,84.81,7698700
4/30/2004 16:00:00,85.02,85.2,84.06,84.72,5016300
5/3/2004 16:00:00,84.18,84.55,83.29,84.07,6062800
5/4/2004 16:00:00,84.07,85.72,84.05,85.01,5450600
5/5/2004 16:00:00,85.73,85.73,84.54,84.97,4370100
5/6/2004 16:00:00,84.15,85.11,83.66,84.4,4230000
5/7/2004 16:00:00,83.82,85.39,83.69,84.24,5392600
5/10/2004 16:00:00,83.67,84.15,82.5,83.22,6684600
5/11/2004 16:00:00,83.29,84.2,82.93,83.19,6575000
5/12/2004 16:00:00,83.34,83.34,81.3,82.92,8444400
5/13/2004 16:00:00,82.9,83.49,82.39,82.98,4705800
5/14/2004 16:00:00,82.76,83.43,82.21,82.54,5189000
5/17/2004 16:00:00,81.48,82.17,81.33,81.7,5700000
5/18/2004 16:00:00,82.22,82.61,82.14,82.39,4348700
5/19/2004 16:00:00,83.48,84.89,82.62,83.15,7431100
5/20/2004 16:00:00,83.16,84.01,83.15,83.5,4030300
5/21/2004 16:00:00,83.66,84.23,83.01,83.15,4966100
5/24/2004 16:00:00,83.82,83.9,82.67,83.21,3768000
5/25/2004 16:00:00,82.86,84.93,82.67,84.72,5322900
5/26/2004 16:00:00,84.67,84.87,84.09,84.39,4308200
5/27/2004 16:00:00,84.77,85.09,84.04,84.62,4089100
5/28/2004 16:00:00,84.51,84.87,84.29,84.67,3203800
6/1/2004 16:00:00,84.05,84.51,83.39,83.78,4734200
6/2/2004 16:00:00,84.67,84.67,83.95,84.24,3912200
6/3/2004 16:00:00,83.91,84.15,83.43,83.66,2971800
6/4/2004 16:00:00,84.01,84.52,83.58,83.7,3803300
6/7/2004 16:00:00,84.77,85,84.06,84.37,4264100
6/8/2004 16:00:00,84.67,86.44,84.44,86,5399700
6/9/2004 16:00:00,85.87,86.49,85.78,86.05,5233100
6/10/2004 16:00:00,86.18,86.68,85.86,86.44,3467700
6/14/2004 16:00:00,86.01,86.52,85.6,86.03,4110000
6/15/2004 16:00:00,86.43,87.12,86.19,86.5,4508300
6/16/2004 16:00:00,86.2,86.85,86.05,86.42,3145400
6/17/2004 16:00:00,86.44,86.5,86.03,86.39,4179700
6/18/2004 16:00:00,86.16,86.73,85.87,85.94,6457100
6/21/2004 16:00:00,86.35,86.38,85.31,86.09,3803200
6/22/2004 16:00:00,85.28,86.19,85.13,85.75,4112100
6/23/2004 16:00:00,86.06,86.77,85.81,86.72,4354500
6/24/2004 16:00:00,86.23,86.84,85.81,86.2,4069100
6/25/2004 16:00:00,85.92,86.18,84.95,85.53,4919600
6/28/2004 16:00:00,85.69,85.87,84.4,84.73,4405400
6/29/2004 16:00:00,84.39,84.52,83.96,84.33,4394800
6/30/2004 16:00:00,84.34,84.53,83.77,84.3,4681900
7/1/2004 16:00:00,84.32,84.47,82.69,83.58,5013400
7/2/2004 16:00:00,83.53,83.62,82.72,83.14,2874500
7/6/2004 16:00:00,82.62,82.84,81.31,81.87,6314800
7/7/2004 16:00:00,81.48,82.09,81.24,81.52,5579200
7/8/2004 16:00:00,81.19,81.2,79.83,79.9,7524400
7/9/2004 16:00:00,80.62,80.71,79.77,80.13,6593700
7/12/2004 16:00:00,80.23,81.43,79.68,80.56,6008000
7/13/2004 16:00:00,82.05,82.23,81.38,81.43,5967600
7/14/2004 16:00:00,81.04,81.42,80.02,80.36,6296700
7/15/2004 16:00:00,80.36,80.84,79.86,80.33,6756900
7/16/2004 16:00:00,82.59,82.6,80.5,80.5,10440700
7/19/2004 16:00:00,80.71,82,80.62,81.48,6596000
7/20/2004 16:00:00,81.79,82.61,81.48,82.46,5634400
7/21/2004 16:00:00,82.86,83.2,81.48,81.6,5497000
7/22/2004 16:00:00,81.19,82.53,80.88,81.72,5887600
7/23/2004 16:00:00,81.86,82.2,80.71,81.05,4292600
7/26/2004 16:00:00,81.05,81.74,80.72,81.27,4517100
7/27/2004 16:00:00,81.76,82.43,81.62,82.03,4098000
7/28/2004 16:00:00,82.03,82.41,81.07,82,5614900
7/29/2004 16:00:00,82.38,83.31,82.36,83.03,4232100
7/30/2004 16:00:00,82.57,83.48,82.51,82.98,3508500
8/2/2004 16:00:00,82.98,83.47,82.55,82.91,3396000
8/3/2004 16:00:00,82.81,82.91,81.61,81.77,4147200
8/4/2004 16:00:00,81.48,82.76,81.43,82.05,4155100
8/5/2004 16:00:00,82.12,82.55,81.2,81.37,3878100
8/6/2004 16:00:00,80.6,80.96,79.68,79.74,5233300
8/9/2004 16:00:00,79.74,80.2,79.15,79.72,3618300
8/10/2004 16:00:00,80.23,81.18,80.05,80.92,4356400
8/11/2004 16:00:00,79.95,80.21,79.37,79.84,5267600
8/12/2004 16:00:00,79.33,79.33,78.23,78.52,7128500
8/13/2004 16:00:00,78.84,80.18,78.81,80.15,5801900
8/16/2004 16:00:00,79.95,80.77,79.77,80.25,4361500
8/17/2004 16:00:00,80.33,80.75,79.91,80.32,3558500
8/18/2004 16:00:00,79.85,81.31,79.82,80.67,4833400
8/19/2004 16:00:00,80.71,81.52,80.66,81.08,4697800
8/20/2004 16:00:00,80.73,81.43,80.73,81.39,4494900
8/23/2004 16:00:00,81.41,81.62,80.85,80.85,4262600
8/24/2004 16:00:00,81.19,81.33,80.57,80.91,2710400
8/25/2004 16:00:00,81.19,81.45,80.76,81.26,4405600
8/26/2004 16:00:00,81.19,81.23,80.89,80.89,3134400
8/27/2004 16:00:00,80.85,81.14,80.8,81.13,2444800
8/30/2004 16:00:00,80.78,81.18,80.61,80.62,2278100
8/31/2004 16:00:00,80.76,80.89,79.9,80.89,3401400
9/1/2004 16:00:00,80.28,81.27,80.24,80.44,4748500
9/2/2004 16:00:00,80.44,80.98,80.09,80.78,3389000
9/3/2004 16:00:00,80.53,80.89,80.2,80.61,3479800
9/7/2004 16:00:00,80.9,81.61,80.81,81.16,4004600
9/8/2004 16:00:00,81.09,82.63,81.07,82.01,5728400
9/9/2004 16:00:00,82.01,82.9,82.01,82.56,4517400
9/10/2004 16:00:00,82.55,83.1,82.38,82.87,3753500
9/13/2004 16:00:00,83.1,83.37,82.22,82.61,4728300
9/14/2004 16:00:00,82.72,82.98,82.29,82.83,3953800
9/15/2004 16:00:00,82.52,82.62,82.04,82.5,4631200
9/16/2004 16:00:00,82.34,83.06,82.08,82.26,3623300
9/17/2004 16:00:00,82.53,82.62,81.61,81.9,6203400
9/20/2004 16:00:00,81.57,82.55,81.57,81.86,4380400
9/21/2004 16:00:00,81.86,82.25,81.51,81.88,4049700
9/22/2004 16:00:00,81.52,81.61,80.4,80.53,5037200
9/23/2004 16:00:00,80.27,80.49,79.51,80.12,4801200
9/24/2004 16:00:00,80.04,80.94,80.02,80.64,4899700
9/27/2004 16:00:00,80.33,80.65,80.21,80.39,4650300
9/28/2004 16:00:00,80.57,80.85,80.12,80.69,3874200
9/29/2004 16:00:00,80.69,81.17,80.38,81.17,4204600
9/30/2004 16:00:00,81.32,82.13,81.2,81.9,5198000
10/1/2004 16:00:00,82.1,83.08,82.03,82.83,4542800
10/4/2004 16:00:00,83.1,84.15,82.83,83.25,5001400
10/5/2004 16:00:00,84.01,84.08,83.22,83.4,5150800
10/6/2004 16:00:00,83.23,84.15,83.19,84.09,3984400
10/7/2004 16:00:00,84.09,84.15,83.48,83.5,3076900
10/8/2004 16:00:00,83.51,83.97,82.63,82.82,4090300
10/11/2004 16:00:00,82.88,83.29,82.4,82.75,3016300
10/12/2004 16:00:00,82.16,82.34,81.74,82.14,4627300
10/13/2004 16:00:00,82.39,82.6,80.64,81.17,6665200
10/14/2004 16:00:00,80.95,81.17,80.52,80.98,4233700
10/15/2004 16:00:00,80.98,81.43,80.81,81.05,5928500
10/18/2004 16:00:00,80.52,82.29,80.51,82.07,7280800
10/19/2004 16:00:00,84.48,85.71,84.05,85.36,13824900
10/20/2004 16:00:00,84.48,85.19,84.33,84.84,7079800
10/21/2004 16:00:00,84.44,84.78,83.73,84.15,6272100
10/22/2004 16:00:00,84.26,84.48,83.38,83.47,5998900
10/25/2004 16:00:00,83.44,84.91,83.4,84.47,5775000
10/26/2004 16:00:00,84.37,85.55,84.29,85.01,7337600
10/27/2004 16:00:00,84.61,86.22,84.53,85.96,6035100
10/28/2004 16:00:00,85.77,86.19,85.42,85.49,4226500
10/29/2004 16:00:00,85.39,85.87,84.96,85.73,4518500
11/1/2004 16:00:00,85.32,86.54,85.23,86.07,5160900
11/2/2004 16:00:00,85.49,87.13,85.49,86.41,5391400
11/3/2004 16:00:00,87.16,87.78,86.89,87.11,6553400
11/4/2004 16:00:00,86.97,88.54,86.75,88.24,6952100
11/5/2004 16:00:00,88.26,89.33,88.26,89.1,6708500
11/8/2004 16:00:00,88.35,89.5,88.35,89.18,4755800
11/9/2004 16:00:00,88.83,89.74,88.83,89.18,4513100
11/10/2004 16:00:00,89.21,90.07,88.75,89.41,6258400
11/11/2004 16:00:00,89.4,90.95,89.35,90.54,7454300
11/12/2004 16:00:00,90.42,91.22,90.32,91.05,4960300
11/15/2004 16:00:00,90.82,91.7,90.55,91.62,4887600
11/16/2004 16:00:00,90.98,91.22,90.41,90.64,5687300
11/17/2004 16:00:00,91.03,92.3,91.03,91.18,6353300
11/18/2004 16:00:00,91.08,91.41,90.77,90.84,4656000
11/19/2004 16:00:00,90.69,90.89,90.02,90.22,5679500
11/22/2004 16:00:00,90.07,91.12,89.94,90.85,5818400
11/23/2004 16:00:00,90.45,91.09,90.31,91.01,5529900
11/24/2004 16:00:00,90.78,91.5,90.78,91.18,3750600
11/26/2004 16:00:00,90.79,91.1,90.34,90.47,2204300
11/29/2004 16:00:00,90.68,92.06,90.68,91.22,5699800
11/30/2004 16:00:00,90.88,91.36,90.01,90.01,5871700
12/1/2004 16:00:00,90.26,91.76,90.23,91.58,5665100
12/2/2004 16:00:00,91.36,92.44,91.21,91.47,5184400
12/3/2004 16:00:00,92.22,93.25,92.22,92.73,7026900
12/6/2004 16:00:00,92.54,93.51,92.32,93.29,5263000
12/7/2004 16:00:00,93.32,93.84,91.69,91.79,6478700
12/8/2004 16:00:00,92.11,92.99,91.48,92.32,5311700
12/9/2004 16:00:00,91.89,93.22,91.42,93.14,5713700
12/10/2004 16:00:00,91.79,93.6,91.79,92.34,4188300
12/13/2004 16:00:00,92.51,92.84,91.77,92.13,4799500
12/14/2004 16:00:00,91.98,93.32,91.97,92.95,4493200
12/15/2004 16:00:00,92.57,93.32,92.47,92.97,3914600
12/16/2004 16:00:00,92.46,93.75,92.46,93.08,5660100
12/17/2004 16:00:00,92.65,93.61,91.89,91.89,8878000
12/20/2004 16:00:00,92.03,93.2,92.03,92.22,4769900
12/21/2004 16:00:00,92.26,92.79,92.18,92.67,4841800
12/22/2004 16:00:00,92.99,93.59,92.93,93.23,4950200
12/23/2004 16:00:00,93.13,93.61,93.13,93.34,3590600
12/27/2004 16:00:00,93.31,93.58,93.01,93.13,3262900
12/28/2004 16:00:00,93.03,94.13,93,93.89,4340600
12/29/2004 16:00:00,93.42,94.05,93.42,93.78,3303600
12/30/2004 16:00:00,93.7,94.56,93.67,93.89,3812400
12/31/2004 16:00:00,94.18,94.48,94.07,94.16,2801200
1/3/2005 16:00:00,94.53,94.66,92.89,93.37,5301400
1/4/2005 16:00:00,93.36,94.01,92.19,92.36,5711000
1/5/2005 16:00:00,92.27,93.44,92.08,92.17,5646800
1/6/2005 16:00:00,92.21,92.63,91.74,91.89,4561800
1/7/2005 16:00:00,92.17,92.46,91.19,91.49,6201100
1/10/2005 16:00:00,91.49,91.78,90.97,91.39,4625700
1/11/2005 16:00:00,91.39,91.5,90.46,90.74,4750800
1/12/2005 16:00:00,90.74,91.01,89.84,90.94,5829800
1/13/2005 16:00:00,91.11,91.89,89.5,90.22,5341200
1/14/2005 16:00:00,89.79,90.02,89.36,89.88,5520900
1/18/2005 16:00:00,89.45,91.07,89.42,90.65,8643300
1/19/2005 16:00:00,90.69,90.88,88.76,88.93,7476300
1/20/2005 16:00:00,88.54,89.63,88.45,88.83,5708600
1/21/2005 16:00:00,88.83,89.12,88.09,88.24,7002600
1/24/2005 16:00:00,88.54,88.69,87.65,87.67,6673400
1/25/2005 16:00:00,87.86,88.44,87.83,88.06,5070700
1/26/2005 16:00:00,88.16,88.71,87.82,87.83,5143000
1/27/2005 16:00:00,87.4,88.09,87.34,87.86,4749200
1/28/2005 16:00:00,88.52,89.39,88.33,88.73,5960800
1/31/2005 16:00:00,89.45,89.74,88.88,89.23,4890300
2/1/2005 16:00:00,89.47,89.79,89.18,89.65,3643600
2/2/2005 16:00:00,89.58,90.12,89.43,90.07,3753400
2/3/2005 16:00:00,89.66,89.73,88.89,89.35,3944200
2/4/2005 16:00:00,88.84,90.49,88.83,90.27,3807600
2/7/2005 16:00:00,90.12,90.65,90.1,90.29,2839900
2/8/2005 16:00:00,90.05,90.4,89.91,89.91,3537600
2/9/2005 16:00:00,89.92,90.58,88.39,88.54,5664200
2/10/2005 16:00:00,88.78,88.93,88.16,88.6,4838900
2/11/2005 16:00:00,88.54,89.76,88.35,89.12,4233000
2/14/2005 16:00:00,88.98,89.8,88.98,89.37,2868800
2/15/2005 16:00:00,89.31,90.43,89.29,90.1,4299200
2/16/2005 16:00:00,90.01,90.71,89.98,90.38,4535600
2/17/2005 16:00:00,90.26,90.51,89.54,89.55,4259300
2/18/2005 16:00:00,89.55,90.02,88.4,89.09,4389500
2/22/2005 16:00:00,88.52,89.31,88.09,88.18,4835300
2/23/2005 16:00:00,88.15,88.3,87.45,87.97,5622800
2/24/2005 16:00:00,87.86,88.92,87.73,88.49,4154000
2/25/2005 16:00:00,88.21,88.64,88.15,88.64,4081300
2/28/2005 16:00:00,88.38,88.6,88.27,88.43,4964000
3/1/2005 16:00:00,88.49,89.24,88.44,89.12,3821900
3/2/2005 16:00:00,88.59,89.53,88.59,88.75,4541200
3/3/2005 16:00:00,88.97,89.03,88.07,88.27,4037900
3/4/2005 16:00:00,88.77,89,88.22,88.23,4754000
3/7/2005 16:00:00,88.21,88.36,87.48,87.49,8051000
3/8/2005 16:00:00,87.59,88.41,87.59,88,5087800
3/9/2005 16:00:00,87.89,88.83,87.88,88.21,4513900
3/10/2005 16:00:00,88.21,88.64,87.96,88.27,3424800
3/11/2005 16:00:00,88.11,88.27,87.11,87.41,4494300
3/14/2005 16:00:00,87.4,87.91,87.4,87.78,3935700
3/15/2005 16:00:00,87.88,88.13,87.11,87.28,3663400
3/16/2005 16:00:00,86.67,87.3,86.2,86.59,5069900
3/17/2005 16:00:00,86.43,86.61,85.68,85.83,5597100
3/18/2005 16:00:00,85.83,85.87,85.1,85.28,7545300
3/21/2005 16:00:00,85.41,86.23,85.27,85.5,4395700
3/22/2005 16:00:00,85.59,86.29,85.26,85.49,4453400
3/23/2005 16:00:00,85.94,87.08,85.79,86.46,5482800
3/24/2005 16:00:00,86.73,87.45,86.63,86.63,4595800
3/28/2005 16:00:00,86.64,87.52,86.56,86.96,4257700
3/29/2005 16:00:00,86.67,86.99,86.14,86.54,6094000
3/30/2005 16:00:00,86.27,86.81,86.27,86.61,5272200
3/31/2005 16:00:00,86.4,87.31,86.17,87.28,4419300
4/1/2005 16:00:00,87.39,87.65,86,86.39,5740800
4/4/2005 16:00:00,86.04,86.56,85.75,86.27,3737900
4/5/2005 16:00:00,86.18,86.28,85.26,85.55,4579300
4/6/2005 16:00:00,85.06,85.37,84.73,85.01,7836800
4/7/2005 16:00:00,85.01,85.2,84.15,84.47,6376500
4/8/2005 16:00:00,84.32,84.49,83.58,83.67,5273400
4/11/2005 16:00:00,83.43,83.63,82.23,82.34,8296500
4/12/2005 16:00:00,82.05,82.37,81.35,81.91,8450500
4/13/2005 16:00:00,81.91,82.12,80.46,80.78,7090900
4/14/2005 16:00:00,80.84,81.58,79.73,79.89,10714500
4/15/2005 16:00:00,75.93,76.09,72.91,73.26,27934400
4/18/2005 16:00:00,73.69,74.26,72.73,73.21,13256100
4/19/2005 16:00:00,73.53,73.74,71.88,72.1,9294500
4/20/2005 16:00:00,72.1,72.47,68.63,68.78,20394900
4/21/2005 16:00:00,69.72,70.78,69.54,70.71,16274100
4/22/2005 16:00:00,70.73,71.35,69.98,70.88,10985500
4/25/2005 16:00:00,71.87,72.33,70.73,71.26,10223400
4/26/2005 16:00:00,71.33,73.53,71.3,72.05,12500200
4/27/2005 16:00:00,72.3,73.72,72.11,73.6,11707900
4/28/2005 16:00:00,73.6,73.65,72.26,72.51,8638300
4/29/2005 16:00:00,73.6,73.62,72.51,72.96,8261300
5/2/2005 16:00:00,73.43,73.82,72.62,73.08,7242500
5/3/2005 16:00:00,73.34,73.51,72.53,73.04,6255300
5/4/2005 16:00:00,73.17,73.74,73.07,73.62,5536300
5/5/2005 16:00:00,74.5,74.61,71.95,72.11,12377300
5/6/2005 16:00:00,72.17,72.52,71.61,71.88,7446800
5/9/2005 16:00:00,71.89,72.08,71.36,71.62,5617300
5/10/2005 16:00:00,71.4,71.41,69.77,70.01,8043000
5/11/2005 16:00:00,70.33,70.39,69.26,69.99,7198700
5/12/2005 16:00:00,70.23,70.49,69.25,69.36,6062800
5/13/2005 16:00:00,69.54,70.55,69.27,69.88,7180500
5/16/2005 16:00:00,69.81,71.15,69.81,71.01,5503300
5/17/2005 16:00:00,70.62,71.09,70.04,70.96,5136400
5/18/2005 16:00:00,71.64,73.37,71.34,72.94,10553600
5/19/2005 16:00:00,73.07,74.16,72.95,73.7,7033500
5/20/2005 16:00:00,73.82,73.82,72.94,72.98,6334200
5/23/2005 16:00:00,72.88,73.5,72.59,73.08,4759800
5/24/2005 16:00:00,72.73,73.08,72.17,72.41,5661200
5/25/2005 16:00:00,72.04,72.62,71.8,72.59,5483800
5/26/2005 16:00:00,73.02,73.94,72.87,73.68,5832200
5/27/2005 16:00:00,73.65,73.78,73.1,73.64,3167800
5/31/2005 16:00:00,73.17,73.94,72.11,72.16,6423400
6/1/2005 16:00:00,72.18,74.03,72.18,73.39,7793000
6/2/2005 16:00:00,73.31,73.92,73.24,73.88,4028400
6/3/2005 16:00:00,73.6,73.64,72.34,72.39,6181500
6/6/2005 16:00:00,72.4,72.5,71.56,71.64,5980400
6/7/2005 16:00:00,71.64,72.68,71.64,71.68,5287500
6/8/2005 16:00:00,71.78,72.02,71.28,71.45,4678000
6/9/2005 16:00:00,71.24,72.09,70.9,71.57,4423200
6/10/2005 16:00:00,70.92,71.69,70.78,71.42,4896000
6/13/2005 16:00:00,71.16,72.53,71.11,71.69,5716600
6/14/2005 16:00:00,71.69,72.05,71.38,71.53,4319500
6/15/2005 16:00:00,72.31,73.07,71.78,72.88,7609200
6/16/2005 16:00:00,72.97,73.79,72.89,73.6,7841900
6/17/2005 16:00:00,74.22,74.24,72.96,72.96,8594900
6/20/2005 16:00:00,72.62,73.53,72.18,73.12,3746600
6/21/2005 16:00:00,73.26,73.55,72.7,72.98,5339700
6/22/2005 16:00:00,73.39,74.02,73.23,73.77,5798500
6/23/2005 16:00:00,73.37,73.52,71.69,72.03,7770800
6/24/2005 16:00:00,71.8,72.02,70.68,70.69,10829100
6/27/2005 16:00:00,70.69,71.42,70.2,70.57,6712200
6/28/2005 16:00:00,70.52,71.92,70.16,71.92,8222500
6/29/2005 16:00:00,71.89,72.29,71.27,71.38,5794900
6/30/2005 16:00:00,71.45,72.11,70.75,70.87,6232500
7/1/2005 16:00:00,70.97,71.95,70.97,71.32,4354600
7/5/2005 16:00:00,71.05,71.61,70.83,71.44,5194600
7/6/2005 16:00:00,71.45,72.74,71.06,72.41,8009900
7/7/2005 16:00:00,71.78,74.05,71.64,73.91,10772500
7/8/2005 16:00:00,73.91,75.95,73.68,75.74,13440800
7/11/2005 16:00:00,75.84,75.95,75,75.42,7186800
7/12/2005 16:00:00,75.65,76.88,75.63,76.45,10946900
7/13/2005 16:00:00,77.52,78.08,77.52,77.8,11340000
7/14/2005 16:00:00,78.32,78.96,78.32,78.72,8546300
7/15/2005 16:00:00,78.73,79.04,77.86,78.69,7646600
7/18/2005 16:00:00,78.31,80.18,78.02,78.14,8779200
7/19/2005 16:00:00,80.71,81.29,79.95,79.95,14155000
7/20/2005 16:00:00,79.47,81.15,79.27,80.81,9334900
7/21/2005 16:00:00,80.81,81.14,79.66,80.62,8265400
7/22/2005 16:00:00,80.21,80.84,80.1,80.65,4842700
7/25/2005 16:00:00,80.21,80.73,80.16,80.42,4457800
7/26/2005 16:00:00,80.38,80.57,80.09,80.35,4542900
7/27/2005 16:00:00,80.04,80.36,79.1,80.11,4862300
7/28/2005 16:00:00,79.8,80.21,79.54,80.04,6189700
7/29/2005 16:00:00,79.57,80.19,79.49,79.72,4330300
8/1/2005 16:00:00,79.28,80.09,79.14,79.69,3664300
8/2/2005 16:00:00,79.54,80.1,79.32,79.57,5380800
8/3/2005 16:00:00,79.57,80.42,79.38,80.29,4258000
8/4/2005 16:00:00,79.99,80.13,79.26,79.39,5250300
8/5/2005 16:00:00,79.04,79.99,79.02,79.62,3714600
8/8/2005 16:00:00,79.67,80.13,79.3,79.62,4122500
8/9/2005 16:00:00,79.66,80.19,79.22,79.76,3793500
8/10/2005 16:00:00,79.9,80.24,78.29,78.34,5402600
8/11/2005 16:00:00,78.26,79.04,77.96,78.95,4572200
8/12/2005 16:00:00,78.47,78.88,78.38,78.5,4382100
8/15/2005 16:00:00,78.23,79.22,77.95,78.8,3431100
8/16/2005 16:00:00,78.39,78.73,77.45,77.65,4411700
8/17/2005 16:00:00,77.75,78.27,77.22,77.65,4853000
8/18/2005 16:00:00,77.46,78.32,77.18,77.51,3713300
8/19/2005 16:00:00,77.71,79.57,77.52,79.05,6481000
8/22/2005 16:00:00,79.04,79.61,78.18,78.9,5157200
8/23/2005 16:00:00,78.99,79.41,77.94,78.35,4000300
8/24/2005 16:00:00,77.87,78.71,77.59,77.67,4437700
8/25/2005 16:00:00,77.8,77.8,77.1,77.46,3606600
8/26/2005 16:00:00,77.19,77.39,76.66,76.78,5030700
8/29/2005 16:00:00,76.41,78.08,76.32,77.69,4025300
8/30/2005 16:00:00,77.37,77.37,76.39,76.93,5674200
8/31/2005 16:00:00,76.75,77.17,76.29,77.01,5400800
9/1/2005 16:00:00,76.57,76.72,75.78,75.97,6390600
9/2/2005 16:00:00,75.94,76.42,75.9,75.9,3680800
9/6/2005 16:00:00,76.13,77.55,76.13,77.39,6305600
9/7/2005 16:00:00,77.08,77.49,76.72,77.35,4116400
9/8/2005 16:00:00,77.64,77.86,76.89,77.18,4278100
9/9/2005 16:00:00,77.23,77.84,76.91,77.79,3983400
9/12/2005 16:00:00,77.4,78.43,77.37,77.83,3696300
9/13/2005 16:00:00,77.84,77.84,76.91,77.13,5041400
9/14/2005 16:00:00,77.13,77.75,76.81,76.87,3887700
9/15/2005 16:00:00,76.82,77.03,76.1,76.42,4865600
9/16/2005 16:00:00,76.78,76.89,76.25,76.73,7624900
9/19/2005 16:00:00,76.16,76.39,75.47,75.87,5148500
9/20/2005 16:00:00,75.72,76.08,75.1,75.17,7122500
9/21/2005 16:00:00,74.5,74.94,73.9,74.08,7126100
9/22/2005 16:00:00,74.08,74.98,73.83,74.7,6870400
9/23/2005 16:00:00,74.22,74.61,74.03,74.5,5434800
9/26/2005 16:00:00,74.8,74.89,73.48,73.94,5433500
9/27/2005 16:00:00,73.71,75.08,73.7,74.49,5499600
9/28/2005 16:00:00,74.56,76.16,74.56,75.94,7748400
9/29/2005 16:00:00,75.7,76.94,75.33,76.76,5899800
9/30/2005 16:00:00,76.43,76.89,76.38,76.62,5536800
10/3/2005 16:00:00,76.62,76.99,75.94,76.84,5297600
10/4/2005 16:00:00,77.03,77.82,76.35,76.52,6491400
10/5/2005 16:00:00,76.52,77.06,75.99,76.24,4999200
10/6/2005 16:00:00,76.24,76.67,75.17,76.13,8130200
10/7/2005 16:00:00,76.65,77.48,76.5,76.89,6130100
10/10/2005 16:00:00,77.6,78.42,77.44,77.61,7883400
10/11/2005 16:00:00,78.56,79.78,78.29,79.46,9784500
10/12/2005 16:00:00,79.04,79.21,78.28,78.5,7581500
10/13/2005 16:00:00,78.04,79.47,78.04,78.51,5530600
10/14/2005 16:00:00,78.9,79,77.94,78.66,5573700
10/17/2005 16:00:00,78.67,79.27,78.26,78.89,8008700
10/18/2005 16:00:00,80.54,80.81,79.61,79.74,12047800
10/19/2005 16:00:00,78.72,80.42,78.69,80.4,7507100
10/20/2005 16:00:00,80.23,80.42,79.16,79.44,5752800
10/21/2005 16:00:00,79.36,80.23,79.19,79.59,6020700
10/24/2005 16:00:00,79.42,79.86,78.9,79.73,5488700
10/25/2005 16:00:00,79.43,80.19,79,79.62,5405300
10/26/2005 16:00:00,79.25,80.11,79.01,79.17,4288100
10/27/2005 16:00:00,78.83,79.21,78.56,78.62,3706900
10/28/2005 16:00:00,78.63,78.73,76.89,77.77,7895500
10/31/2005 16:00:00,77.86,78.61,77.65,78.21,7829900
11/1/2005 16:00:00,78.18,78.47,77.65,77.93,5657900
11/2/2005 16:00:00,77.56,78.22,77.02,77.43,6650500
11/3/2005 16:00:00,77.89,79.31,77.66,79.15,7690900
11/4/2005 16:00:00,79.19,79.57,78.94,79.28,3831400
11/7/2005 16:00:00,79.37,80.09,79.35,79.86,4455100
11/8/2005 16:00:00,79.67,80.14,79.38,79.42,3520400
11/9/2005 16:00:00,79,79.59,78.79,79.13,3936200
11/10/2005 16:00:00,78.99,80.52,78.61,80.22,4732100
11/11/2005 16:00:00,80.42,81.04,80.38,80.76,4841300
11/14/2005 16:00:00,80.47,81.19,80.34,80.58,3915400
11/15/2005 16:00:00,80.26,82.05,80.26,81.7,6833000
11/16/2005 16:00:00,81.62,82.7,81.56,82.66,6694100
11/17/2005 16:00:00,82.32,83.08,81.91,82.99,5293600
11/18/2005 16:00:00,84.05,84.05,83.26,83.83,7985700
11/21/2005 16:00:00,83.67,83.93,83.11,83.38,4807900
11/22/2005 16:00:00,82.98,84.13,82.98,84.04,5786700
11/23/2005 16:00:00,84.17,85.38,84.01,84.82,5400000
11/25/2005 16:00:00,84.96,85.32,84.65,84.82,2124100
11/28/2005 16:00:00,84.82,85.42,84.77,85.11,5198100
11/29/2005 16:00:00,85.18,85.91,85.03,85.11,5147000
11/30/2005 16:00:00,85.06,85.62,84.75,84.91,6021600
12/1/2005 16:00:00,85.15,85.72,85.06,85.21,4668500
12/2/2005 16:00:00,85.01,85.15,84.4,84.68,4730500
12/5/2005 16:00:00,84.44,84.68,83.78,84.47,4023600
12/6/2005 16:00:00,84.59,85.81,84.59,85.14,4871500
12/7/2005 16:00:00,85.01,85.89,84.48,84.74,5285700
12/8/2005 16:00:00,84.6,84.92,82.78,83.58,5786900
12/9/2005 16:00:00,82.91,83.19,82.46,83.07,6464700
12/12/2005 16:00:00,83.11,83.43,81.91,82.11,6044200
12/13/2005 16:00:00,80.71,81.09,79.76,79.96,12545400
12/14/2005 16:00:00,79.9,80.19,79.23,79.4,7161800
12/15/2005 16:00:00,79.16,79.88,79.04,79.78,6156400
12/16/2005 16:00:00,80.13,80.23,79.28,79.63,7398200
12/19/2005 16:00:00,79.5,79.85,78.94,79.05,4984600
12/20/2005 16:00:00,79.23,79.37,78.38,78.78,5276200
12/21/2005 16:00:00,78.76,80.23,78.76,79.39,6846800
12/22/2005 16:00:00,78.91,79.5,78.61,79.49,6574200
12/23/2005 16:00:00,80.23,80.42,79.65,79.74,3616200
12/27/2005 16:00:00,79.74,80.71,79.17,79.27,4389600
12/28/2005 16:00:00,79.37,79.82,79.09,79.32,4105200
12/29/2005 16:00:00,79.09,79.34,78.53,78.71,3958600
12/30/2005 16:00:00,78.18,78.79,77.9,78.51,5449000
1/3/2006 16:00:00,78.75,78.85,77.19,78.38,11715200
1/4/2006 16:00:00,78.51,78.8,77.68,78.28,9840600
1/5/2006 16:00:00,77.75,79.18,77.37,78.8,7213500
1/6/2006 16:00:00,80.19,81.22,79.67,81.14,8197400
1/9/2006 16:00:00,80.14,80.47,79.64,79.98,6858200
1/10/2006 16:00:00,79.42,80.35,79.39,80.3,5701000
1/11/2006 16:00:00,80.59,81.01,79.66,80.4,5776500
1/12/2006 16:00:00,80.06,80.2,79.66,79.82,4926500
1/13/2006 16:00:00,79.28,79.71,78.8,79.44,6921700
1/17/2006 16:00:00,79.09,79.43,78.84,79.28,8761700
1/18/2006 16:00:00,80.23,80.9,79.78,80.67,11032800
1/19/2006 16:00:00,80.37,80.61,79.3,79.36,6484000
1/20/2006 16:00:00,79.32,79.33,77.61,77.71,8614500
1/23/2006 16:00:00,77.68,78.25,77.29,77.76,6114100
1/24/2006 16:00:00,77.74,78.47,77.18,77.23,6069000
1/25/2006 16:00:00,77.42,77.96,77,77.28,6374300
1/26/2006 16:00:00,77.85,77.99,76.98,77.1,7810200
1/27/2006 16:00:00,77.13,78.1,77.13,77.39,6103400
1/30/2006 16:00:00,76.61,78.14,76.61,77.97,5325100
1/31/2006 16:00:00,77.85,78.32,77.53,77.65,6771600
2/1/2006 16:00:00,77.27,78.55,77.03,78.27,5417100
2/2/2006 16:00:00,77.8,77.93,77.27,77.59,6198000
2/3/2006 16:00:00,76.94,77.15,76.15,76.38,9852700
2/6/2006 16:00:00,76.36,76.37,75.39,75.95,9568600
2/7/2006 16:00:00,75.94,76.59,75.74,76.27,5253600
2/8/2006 16:00:00,77.18,77.27,76.64,77.18,4787100
2/9/2006 16:00:00,76.8,77.18,75.94,76.8,7609200
2/10/2006 16:00:00,76.8,77.81,76.6,77.68,5371900
2/13/2006 16:00:00,77.68,78.24,76.59,76.83,5257400
2/14/2006 16:00:00,76.94,77.8,76.75,77.45,6075500
2/15/2006 16:00:00,77.53,77.85,76.89,77.23,5052000
2/16/2006 16:00:00,77.06,77.28,76.54,77.28,5310500
2/17/2006 16:00:00,77.28,77.4,76.54,77.09,5298900
2/21/2006 16:00:00,76.51,77.13,76.38,76.89,5839100
2/22/2006 16:00:00,76.46,77.99,76.38,77.7,5294300
2/23/2006 16:00:00,77.56,77.69,76.45,76.6,4979900
2/24/2006 16:00:00,77.03,77.03,76.27,76.51,3904100
2/27/2006 16:00:00,76.38,77.26,76.37,77.01,3787200
2/28/2006 16:00:00,76.51,76.94,76.14,76.64,5960700
3/1/2006 16:00:00,76.6,77.19,76.2,76.32,5211600
3/2/2006 16:00:00,75.98,76.61,75.97,76.36,4418800
3/3/2006 16:00:00,75.95,77.21,75.95,76.37,4354400
3/6/2006 16:00:00,76.33,77.02,76.32,76.41,4709500
3/7/2006 16:00:00,76.42,77.17,76.28,76.69,4330800
3/8/2006 16:00:00,76.65,77.94,76.65,77.5,5570000
3/9/2006 16:00:00,77.48,78.3,77.18,77.39,4310700
3/10/2006 16:00:00,77.4,78.56,77.4,77.91,4787200
3/13/2006 16:00:00,77.9,78.71,77.8,78.26,4571400
3/14/2006 16:00:00,78.24,79.27,77.82,79.16,4532700
3/15/2006 16:00:00,78.94,80,78.93,79.64,5370400
3/16/2006 16:00:00,79.62,79.97,78.91,79.15,4299500
3/17/2006 16:00:00,79.61,79.67,79.11,79.57,6414500
3/20/2006 16:00:00,79.38,79.99,79.27,79.83,3870300
3/21/2006 16:00:00,80.06,81.18,79.83,80.05,7404300
3/22/2006 16:00:00,79.61,80.88,79.61,80.66,4968600
3/23/2006 16:00:00,80.45,80.49,79.21,79.47,5105800
3/24/2006 16:00:00,79.27,79.97,79.27,79.62,4198800
3/27/2006 16:00:00,79.26,79.53,78.88,79.36,3910100
3/28/2006 16:00:00,79.14,79.65,78.6,78.73,4508800
3/29/2006 16:00:00,78.51,79.8,78.51,79.4,4633800
3/30/2006 16:00:00,79.16,79.95,79.12,79.47,4467000
3/31/2006 16:00:00,79.23,79.85,78.6,78.77,5862000
4/3/2006 16:00:00,79.01,79.84,78.94,79.34,4121600
4/4/2006 16:00:00,79.37,80.02,79.09,79.71,3856200
4/5/2006 16:00:00,79.59,80.66,79.58,80.4,5523900
4/6/2006 16:00:00,79.95,80.54,79.62,80.05,4944100
4/7/2006 16:00:00,79.85,80.04,78.74,78.78,5338300
4/10/2006 16:00:00,78.78,79.03,78.32,78.42,3631300
4/11/2006 16:00:00,78.16,78.38,77.13,77.52,5959700
4/12/2006 16:00:00,77.46,77.72,77.01,77.13,3905700
4/13/2006 16:00:00,77.54,78.9,77.48,78.3,4799700
4/17/2006 16:00:00,78.1,79.2,77.75,77.98,4634200
4/18/2006 16:00:00,78.22,79.78,78.04,79.57,7919700
4/19/2006 16:00:00,80.19,80.23,77.62,78.19,10555200
4/20/2006 16:00:00,77.99,79.14,77.98,78.34,6237200
4/21/2006 16:00:00,78.79,78.8,77.73,78,6117400
4/24/2006 16:00:00,77.65,78.72,77.46,78.43,6604100
4/25/2006 16:00:00,78.28,79.18,77.94,78.96,6857400
4/26/2006 16:00:00,79.13,79.74,79,79.61,6649000
4/27/2006 16:00:00,78.99,80.62,78.99,80.12,8174300
4/28/2006 16:00:00,79.77,79.87,78.3,78.65,8201800
5/1/2006 16:00:00,78.89,79.57,78.42,78.54,6011400
5/2/2006 16:00:00,78.47,79.03,78.32,78.72,4337000
5/3/2006 16:00:00,78.84,79.56,78.75,78.99,5721100
5/4/2006 16:00:00,79.15,79.36,78.71,78.73,3966900
5/5/2006 16:00:00,79.23,79.6,78.99,79.55,4504700
5/8/2006 16:00:00,78.9,79.49,78.61,79.17,3822400
5/9/2006 16:00:00,78.79,79.56,78.71,79.5,4072800
5/10/2006 16:00:00,79.18,79.59,78.9,79.18,3430700
5/11/2006 16:00:00,78.94,79.36,78.75,78.76,5274500
5/12/2006 16:00:00,78.77,79.94,78.61,78.7,5685700
5/15/2006 16:00:00,78.13,79.42,78.13,79.17,5778500
5/16/2006 16:00:00,79.28,79.52,78.39,78.48,4456300
5/17/2006 16:00:00,78.08,78.53,77.39,77.63,5936400
5/18/2006 16:00:00,76.89,77.7,76.44,77.04,5443600
5/19/2006 16:00:00,77.23,77.37,75.95,76.68,7019100
5/22/2006 16:00:00,76.25,76.74,75.84,76.43,6275900
5/23/2006 16:00:00,76.65,77.65,76.07,76.25,5010300
5/24/2006 16:00:00,75.79,76.45,75.52,76.2,7389600
5/25/2006 16:00:00,76.39,76.59,76.08,76.55,3995200
5/26/2006 16:00:00,76.57,77.23,76.13,77.13,3580800
5/30/2006 16:00:00,76.75,77.33,76.56,76.57,5049100
5/31/2006 16:00:00,76.56,77.21,76.04,76.32,6385200
6/1/2006 16:00:00,76.31,77.24,76.23,77.07,4866500
6/2/2006 16:00:00,76.89,76.95,75.6,75.95,7233300
6/5/2006 16:00:00,75.55,76.45,75.47,75.52,5556000
6/6/2006 16:00:00,75.52,76.32,74.98,76.18,7250900
6/7/2006 16:00:00,76.2,77.12,75.57,75.6,7925300
6/8/2006 16:00:00,75.03,76.01,73.31,73.58,13476600
6/9/2006 16:00:00,73.78,74.6,73.6,74.15,6135400
6/12/2006 16:00:00,74.15,74.59,73.56,73.57,4925000
6/13/2006 16:00:00,73.68,74.44,73.38,73.48,7374200
6/14/2006 16:00:00,73.48,74.36,73.48,74.23,6038600
6/15/2006 16:00:00,74.36,75.25,73.5,75.04,6679800
6/16/2006 16:00:00,74.92,75.01,74.09,74.46,8133500
6/19/2006 16:00:00,74.41,74.79,73.87,74.19,5303100
6/20/2006 16:00:00,74.35,74.79,73.79,74.49,6124500
6/21/2006 16:00:00,74.49,75.04,74.48,74.79,5615900
6/22/2006 16:00:00,74.66,74.86,73.55,73.73,5569100
6/23/2006 16:00:00,73.69,74.35,73.49,73.64,4520600
6/26/2006 16:00:00,73.59,74.04,73.36,73.69,3448100
6/27/2006 16:00:00,73.85,74.12,72.9,73.19,5597000
6/28/2006 16:00:00,73.1,73.17,72.65,73.13,4392200
6/29/2006 16:00:00,73.44,74.31,73.13,74.11,5449200
6/30/2006 16:00:00,74.22,74.44,73.35,73.38,7918800
7/3/2006 16:00:00,74.06,74.76,73.81,74.52,3177300
7/5/2006 16:00:00,74.5,74.88,74.04,74.28,4048200
7/6/2006 16:00:00,74.11,75.01,74.09,74.59,4333100
7/7/2006 16:00:00,74.59,74.59,72.71,72.99,6642600
7/10/2006 16:00:00,72.76,73.39,72.47,73.23,7154700
7/11/2006 16:00:00,72.83,73.21,72.06,73.04,6086500
7/12/2006 16:00:00,72.66,72.88,71.47,72.1,8372100
7/13/2006 16:00:00,71.65,71.9,70.52,70.91,8754900
7/14/2006 16:00:00,70.91,70.97,70.08,70.27,6957800
7/17/2006 16:00:00,70.06,70.62,69.92,70.4,6823100
7/18/2006 16:00:00,70.4,71.08,69.47,70.93,8730600
7/19/2006 16:00:00,73.07,73.6,72.59,72.66,14536900
7/20/2006 16:00:00,72.33,72.48,71.83,72.1,12216500
7/21/2006 16:00:00,72.11,72.11,71.16,71.5,8372500
7/24/2006 16:00:00,71.56,72.74,71.56,72.58,5611200
7/25/2006 16:00:00,72.58,72.98,71.93,72.49,5580300
7/26/2006 16:00:00,72.1,72.88,71.98,72.43,3870100
7/27/2006 16:00:00,72.43,73.82,72.35,72.74,6439100
7/28/2006 16:00:00,72.96,73.83,72.84,73.51,4165700
7/31/2006 16:00:00,73.01,74.03,72.74,73.94,5393000
8/1/2006 16:00:00,73.21,73.91,72.35,72.73,4406800
8/2/2006 16:00:00,72.79,73.48,72.78,72.9,3283800
8/3/2006 16:00:00,72.59,73.29,71.54,72.91,2765800
8/4/2006 16:00:00,73.21,73.33,71.94,72.51,5062400
8/7/2006 16:00:00,72.24,72.78,71.9,72.13,4034200
8/8/2006 16:00:00,72.24,72.84,71.74,71.95,3794700
8/9/2006 16:00:00,72.17,72.86,72.01,72.01,4480800
8/10/2006 16:00:00,71.83,72.67,71.69,72.34,3213600
8/11/2006 16:00:00,71.96,72.38,71.83,72.1,3696100
8/14/2006 16:00:00,72.64,74.02,72.21,73.24,4997400
8/15/2006 16:00:00,73.45,73.68,72.89,73.62,5985400
8/16/2006 16:00:00,74.01,75.73,73.88,75.54,7387200
8/17/2006 16:00:00,75.39,75.99,75.01,75.81,5602300
8/18/2006 16:00:00,75.82,76.38,75.1,76.32,5399700
8/21/2006 16:00:00,75.95,76.3,75.33,75.73,3676500
8/22/2006 16:00:00,75.73,75.98,75.09,75.41,4057200
8/23/2006 16:00:00,75.41,75.91,74.9,75.14,3428500
8/24/2006 16:00:00,75.36,75.94,75.33,75.82,3473300
8/25/2006 16:00:00,75.65,76.41,75.59,76.3,3428100
8/28/2006 16:00:00,76.33,76.86,76.18,76.72,5259400
8/29/2006 16:00:00,76.47,77.83,76.47,77.75,5208500
8/30/2006 16:00:00,77.62,78.02,77.22,77.58,4439000
8/31/2006 16:00:00,77.65,77.85,77.16,77.34,3786200
9/1/2006 16:00:00,77.49,77.91,77.19,77.76,3294000
9/5/2006 16:00:00,77.55,77.88,76.99,77.23,3968500
9/6/2006 16:00:00,76.69,77.07,76.58,76.68,3727600
9/7/2006 16:00:00,76.32,76.78,75.75,75.84,3913600
9/8/2006 16:00:00,76.03,77.23,75.79,77.04,4498600
9/11/2006 16:00:00,76.99,77.56,76.65,77.3,4316200
9/12/2006 16:00:00,77.5,78.8,77.43,78.59,5722200
9/13/2006 16:00:00,78.56,78.99,78.17,78.52,4980200
9/14/2006 16:00:00,78.23,79.28,78.08,78.77,4265300
9/15/2006 16:00:00,79.48,79.84,79.08,79.22,8203800
9/18/2006 16:00:00,78.86,79.48,78.49,78.55,4417600
9/19/2006 16:00:00,78.29,78.41,77.77,78.2,5088700
9/20/2006 16:00:00,78.68,80.03,78.51,79.68,7524600
9/21/2006 16:00:00,78.91,79.52,77.7,77.95,8909000
9/22/2006 16:00:00,78.08,78.44,77.38,77.57,4350200
9/25/2006 16:00:00,77.99,78.59,77.64,78.32,5685100
9/26/2006 16:00:00,78.23,78.95,78.04,78.8,4918000
9/27/2006 16:00:00,78.32,78.96,78.05,78.41,5881600
9/28/2006 16:00:00,78.18,78.66,78.06,78.31,4593200
9/29/2006 16:00:00,78.23,79.08,78.1,78.27,4770700
10/2/2006 16:00:00,78.09,78.77,77.92,78.2,4483300
10/3/2006 16:00:00,78.21,78.57,77.9,77.99,4838500
10/4/2006 16:00:00,77.99,79.52,77.97,79.37,6231900
10/5/2006 16:00:00,79.1,79.48,78.9,79.2,4956700
10/6/2006 16:00:00,79.21,80.02,78.8,79.41,5340900
10/9/2006 16:00:00,79.41,80.31,79.28,80.23,4490200
10/10/2006 16:00:00,79.96,80.84,79.81,80.42,4713500
10/11/2006 16:00:00,80.38,80.89,80.03,80.42,5210600
10/12/2006 16:00:00,80.42,81.09,80.33,80.9,4661700
10/13/2006 16:00:00,80.66,82.34,80.65,82.22,7788600
10/16/2006 16:00:00,82.22,83.67,81.91,82.82,8633700
10/17/2006 16:00:00,82.46,84,82.35,83.05,13338000
10/18/2006 16:00:00,86.06,87.91,85.71,85.79,27876400
10/19/2006 16:00:00,85.77,86.9,85.31,85.83,10676400
10/20/2006 16:00:00,86,86.63,85.53,86.42,7391600
10/23/2006 16:00:00,86.01,87.88,85.97,87.45,8862300
10/24/2006 16:00:00,87.65,87.83,86.73,87.39,9222500
10/25/2006 16:00:00,87.12,87.87,86.86,87.71,6122100
10/26/2006 16:00:00,87.71,87.81,87.16,87.44,4990300
10/27/2006 16:00:00,86.83,87.77,86.52,86.69,5840300
10/30/2006 16:00:00,85.77,87.88,85.77,87.4,5594100
10/31/2006 16:00:00,87.4,88.52,87.4,88.19,9267600
11/1/2006 16:00:00,88.35,88.52,87.4,87.68,5846200
11/2/2006 16:00:00,87.68,87.83,87.16,87.57,4895200
11/3/2006 16:00:00,87.65,88.2,87.09,87.31,4509200
11/6/2006 16:00:00,87.4,88.58,87.4,88.45,6240900
11/7/2006 16:00:00,88.28,89.21,88.27,88.59,7305200
11/8/2006 16:00:00,88.11,88.75,87.88,88.44,6022200
11/9/2006 16:00:00,88.44,89.01,88.23,88.28,4518900
11/10/2006 16:00:00,88.16,88.21,87.52,87.65,5369600
11/13/2006 16:00:00,87.45,88.29,87.31,87.94,4359400
11/14/2006 16:00:00,87.88,89.11,87.54,89.11,5873000
11/15/2006 16:00:00,88.91,89.1,88.39,88.94,4172800
11/16/2006 16:00:00,88.9,89.4,88.45,89.28,4171500
11/17/2006 16:00:00,89.23,89.83,89.13,89.6,5251000
11/20/2006 16:00:00,89.31,89.59,88.84,89.07,5010600
11/21/2006 16:00:00,88.86,89.24,88.69,88.91,3068900
11/22/2006 16:00:00,88.73,89.54,88.64,89.33,3351700
11/24/2006 16:00:00,88.88,89.55,88.81,89.16,2130600
11/27/2006 16:00:00,88.55,89.06,87.03,87.35,6284000
11/28/2006 16:00:00,86.59,87.46,86.38,87.25,4962500
11/29/2006 16:00:00,87.25,87.55,86.93,87.42,4623000
11/30/2006 16:00:00,87.25,88.33,87.16,87.8,6470700
12/1/2006 16:00:00,87.78,87.79,86.49,87.16,5446700
12/4/2006 16:00:00,88.35,89.74,88.11,89.32,7511500
12/5/2006 16:00:00,89.32,90.4,89.25,90.24,6886200
12/6/2006 16:00:00,90.24,90.62,89.79,89.9,5949700
12/7/2006 16:00:00,89.79,90.2,89.36,90.01,4310800
12/8/2006 16:00:00,89.45,90.16,89.28,89.65,4140700
12/11/2006 16:00:00,89.52,90.12,89.37,89.44,3459200
12/12/2006 16:00:00,89.4,90.6,89.12,89.9,7799300
12/13/2006 16:00:00,90.53,91.06,90.26,90.52,6441300
12/14/2006 16:00:00,90.71,91.43,90.3,91.08,4644200
12/15/2006 16:00:00,91.32,91.5,90.79,91.03,8086700
12/18/2006 16:00:00,90.69,91.85,90.55,91.16,7984900
12/19/2006 16:00:00,90.84,92.07,90.65,91.7,4933400
12/20/2006 16:00:00,91.79,92.17,91.41,91.7,3713200
12/21/2006 16:00:00,91.49,92.17,91.25,91.61,4406200
12/22/2006 16:00:00,91.46,91.68,90.97,90.98,3031500
12/26/2006 16:00:00,90.74,91.51,90.66,91.37,2278700
12/27/2006 16:00:00,91.98,92.87,91.96,92.84,4571800
12/28/2006 16:00:00,92.76,93.03,92.53,92.62,4501900
12/29/2006 16:00:00,92.65,93.49,92.49,92.79,4455900
1/3/2007 16:00:00,92.27,93.99,91.94,92.91,9199500
1/4/2007 16:00:00,92.89,94.36,92.54,93.9,10557200
1/5/2007 16:00:00,93.22,93.56,92.56,93.05,7222900
1/8/2007 16:00:00,94.08,95.04,93.94,94.47,10340100
1/9/2007 16:00:00,94.64,95.83,94.63,95.58,11108900
1/10/2007 16:00:00,94.08,94.61,93.54,94.46,8744900
1/11/2007 16:00:00,94.56,95.42,94.08,94.23,8000800
1/12/2007 16:00:00,94.55,95.22,94.08,94.89,6636600
1/16/2007 16:00:00,94.99,96.32,94.85,96.3,9602200
1/17/2007 16:00:00,95.57,96.38,95.42,95.54,8202100
1/18/2007 16:00:00,94.59,95.47,94.48,94.99,14725000
1/19/2007 16:00:00,90.55,92.51,90.31,91.86,26036800
1/22/2007 16:00:00,92.1,92.87,91.81,92.76,13540700
1/23/2007 16:00:00,92.56,93.01,91.89,92.73,10337400
1/24/2007 16:00:00,92.73,93.2,92.25,93.03,5700000
1/25/2007 16:00:00,92.86,93.53,92.86,93.14,6231300
1/26/2007 16:00:00,93.15,93.44,92.5,93.08,5771200
1/29/2007 16:00:00,93.09,94.24,93.08,94.12,7295000
1/30/2007 16:00:00,94.15,94.99,94.08,94.91,7178000
1/31/2007 16:00:00,94.37,95.02,93.94,94.7,6447300
2/1/2007 16:00:00,94.53,94.73,93.57,94.56,6612400
2/2/2007 16:00:00,94.66,95.26,94.45,94.72,6657000
2/5/2007 16:00:00,94.72,95.94,94.47,95.88,8309900
2/6/2007 16:00:00,95.52,95.9,95.08,95.37,6532800
2/7/2007 16:00:00,95.33,95.86,94.68,95.08,7698200
2/8/2007 16:00:00,94.47,95.27,94.23,95.15,6152300
2/9/2007 16:00:00,95.06,95.23,93.42,94.13,6101300
2/12/2007 16:00:00,94.37,94.75,93.82,94.16,5331043
2/13/2007 16:00:00,94.18,94.31,93.42,93.88,5703015
2/14/2007 16:00:00,94.08,94.97,93.84,94.75,5644733
2/15/2007 16:00:00,94.62,95.06,94.06,94.48,5568600
2/16/2007 16:00:00,94.42,94.8,94.21,94.55,4800700
2/20/2007 16:00:00,94.24,95,94.13,94.9,4124200
2/21/2007 16:00:00,94.47,94.91,94.27,94.65,4302400
2/22/2007 16:00:00,94.37,95.04,93.39,94.08,5902500
2/23/2007 16:00:00,93.99,94.03,93.04,93.35,6357000
2/26/2007 16:00:00,93.47,93.47,92.14,92.56,5923691
2/27/2007 16:00:00,91.7,91.71,88.72,89.75,12071500
2/28/2007 16:00:00,89.75,89.87,88.32,88.77,12191600
3/1/2007 16:00:00,86.2,88.88,84.79,88.13,12865732
3/2/2007 16:00:00,88.13,88.23,86.77,86.82,9451500
3/5/2007 16:00:00,86.2,88.02,86.06,87.69,10334713
3/6/2007 16:00:00,87.69,89.68,87.69,89.59,9184500
3/7/2007 16:00:00,89.76,90.6,89.42,89.73,10269300
3/8/2007 16:00:00,90.26,90.57,88.37,88.83,7404500
3/9/2007 16:00:00,89.29,89.79,88.66,89.1,6333100
3/12/2007 16:00:00,89.11,89.95,88.8,89.89,5531300
3/13/2007 16:00:00,89.65,90.23,88.47,88.55,7539100
3/14/2007 16:00:00,89.89,89.89,87.97,89.56,8714065
3/15/2007 16:00:00,89.21,89.76,88.93,89.26,5910149
3/16/2007 16:00:00,90.22,90.22,88.85,89.07,8733050
3/19/2007 16:00:00,89.74,90.09,89.2,89.78,4568062
3/20/2007 16:00:00,89.79,90.29,89.36,90.26,4560000
3/21/2007 16:00:00,90.26,91.51,89.62,91.08,7665695
3/22/2007 16:00:00,90.84,91.16,90.41,90.92,5993550
3/23/2007 16:00:00,90.92,90.95,90.41,90.77,4412483
3/26/2007 16:00:00,90.74,90.98,90.09,90.74,6729345
3/27/2007 16:00:00,90.46,90.77,89.98,90.48,4695800
3/28/2007 16:00:00,89.69,90.76,89.59,90.03,8128557
3/29/2007 16:00:00,90.42,90.85,89.75,90.33,6851600
3/30/2007 16:00:00,90.33,90.5,89.37,90.03,7638050
4/2/2007 16:00:00,90.03,91.22,89.84,90.03,5883700
4/3/2007 16:00:00,91.17,91.92,91.06,91.79,5730800
4/4/2007 16:00:00,91.9,92.13,91.29,91.9,4277725
4/5/2007 16:00:00,91.68,92.41,91.46,92.19,3307100
4/9/2007 16:00:00,92.11,92.59,91.81,92.29,4850581
4/10/2007 16:00:00,92.08,92.46,91.85,92.14,3596400
4/11/2007 16:00:00,92.18,92.36,90.69,90.89,5940774
4/12/2007 16:00:00,90.89,91.52,90.29,91.38,7085294
4/13/2007 16:00:00,91.46,91.46,90.35,90.67,6027883
4/16/2007 16:00:00,91.46,91.98,90.47,91.87,6865100
4/17/2007 16:00:00,91.98,93.28,91.71,92.77,10271833
4/18/2007 16:00:00,90.27,91.61,90.17,90.55,15871734
4/19/2007 16:00:00,90.26,90.62,89.79,90.06,9446948
4/20/2007 16:00:00,90.76,90.88,89.7,90.34,9340296
4/23/2007 16:00:00,91.04,91.44,90.79,90.94,7247500
4/24/2007 16:00:00,91.21,95.42,91.21,94.07,21494578
4/25/2007 16:00:00,94.36,97.14,94.3,96.91,14827675
4/26/2007 16:00:00,96.85,96.95,95.72,96.38,8615188
4/27/2007 16:00:00,96.1,96.63,95.57,96.63,6141359
4/30/2007 16:00:00,96.47,98.38,96.44,97.63,10050699
5/1/2007 16:00:00,97.45,98.54,97.45,98.54,8672146
5/2/2007 16:00:00,98.57,98.57,97.55,97.64,7045178
5/3/2007 16:00:00,97.19,98.38,96.81,98.19,7318750
5/4/2007 16:00:00,98.05,98.41,97.67,98.34,5469734
5/7/2007 16:00:00,98.15,98.54,97.81,98.53,5620878
5/8/2007 16:00:00,97.82,98.75,97.63,98.66,5972400
5/9/2007 16:00:00,99.61,100.05,99.05,99.7,8408086
5/10/2007 16:00:00,99.32,100.4,99.06,99.99,8959800
5/11/2007 16:00:00,100.05,101.24,99.98,101.23,6026250
5/14/2007 16:00:00,101.23,101.49,100.09,100.84,5732600
5/15/2007 16:00:00,100.77,101.06,100.01,100.13,6104300
5/16/2007 16:00:00,100.07,101.14,99.84,101.12,5613508
5/17/2007 16:00:00,100.77,101.47,100.03,100.59,7720700
5/18/2007 16:00:00,101.2,103.21,100.87,103.15,9857500
5/21/2007 16:00:00,102.89,103.16,102.08,102.24,7534802
5/22/2007 16:00:00,102.19,102.44,101.26,101.92,5314320
5/23/2007 16:00:00,102.01,102.2,100.53,100.85,4396825
5/24/2007 16:00:00,100.66,101.23,98.93,99.29,6927000
5/25/2007 16:00:00,99.61,100.7,99.19,100.46,6123000
5/29/2007 16:00:00,100.65,101.85,100.58,101.16,5420700
5/30/2007 16:00:00,100.63,102.3,100.49,102.14,7401100
5/31/2007 16:00:00,102.45,102.84,101.25,101.82,5106300
6/1/2007 16:00:00,101.84,102.43,101.27,101.76,5289190
6/4/2007 16:00:00,101.72,101.81,100.85,101.47,4573470
6/5/2007 16:00:00,101.47,101.77,100.81,101.09,5247000
6/6/2007 16:00:00,101.09,101.09,97.8,97.82,30774276
6/7/2007 16:00:00,97.95,98.54,97.01,97.24,14389421
6/8/2007 16:00:00,97.24,98.58,97.19,98.45,8223300
6/11/2007 16:00:00,98.43,99.34,97.9,98.59,7903004
6/12/2007 16:00:00,98.08,98.55,97.57,97.75,5578530
6/13/2007 16:00:00,98.24,98.63,97.52,98.5,6438338
6/14/2007 16:00:00,98.48,99.57,98.2,99.19,5166300
6/15/2007 16:00:00,99.34,100.47,99.22,100.38,9432708
6/18/2007 16:00:00,100.48,100.91,100.19,100.61,6373424
6/19/2007 16:00:00,100.2,101.88,100.2,101.72,5768300
6/20/2007 16:00:00,101.77,102.22,101.2,101.25,6542010
6/21/2007 16:00:00,101.06,102.2,100.87,101.82,5587800
6/22/2007 16:00:00,101.21,101.67,99.76,99.76,10822600
6/25/2007 16:00:00,100.1,101.03,99.81,100.39,8477800
6/26/2007 16:00:00,100.39,101.3,100.12,100.61,5229600
6/27/2007 16:00:00,99.96,100.74,99.72,100.7,5403900
6/28/2007 16:00:00,100.79,102.13,100.5,101.2,5430900
6/29/2007 16:00:00,101.2,101.8,99.43,100.53,7018355
7/2/2007 16:00:00,100.53,101.06,99.89,100.3,4702454
7/3/2007 16:00:00,101.54,102.28,100.52,101.8,4220100
7/5/2007 16:00:00,101.68,103.53,101.23,103.21,6671400
7/6/2007 16:00:00,102.96,104.74,102.83,104.14,8977138
7/9/2007 16:00:00,103.97,104.45,103.35,104.08,6046268
7/10/2007 16:00:00,103.68,104.26,103.4,103.76,6209300
7/11/2007 16:00:00,103.16,104.69,103.16,104.21,5889600
7/12/2007 16:00:00,104.4,104.73,103.37,104.38,9544093
7/13/2007 16:00:00,103.83,104.3,103.25,103.73,7124067
7/16/2007 16:00:00,103.45,105.11,103.45,104.74,8866296
7/17/2007 16:00:00,104.52,106.47,104.52,105.8,7619829
7/18/2007 16:00:00,105.43,106.86,105.11,106.1,10154029
7/19/2007 16:00:00,110.45,111.26,109.51,110.67,17284008
7/20/2007 16:00:00,110.31,110.67,108.83,109.66,11706300
7/23/2007 16:00:00,110.08,111.21,109.7,111.16,8043200
7/24/2007 16:00:00,110.57,111.75,109.86,110.96,10499791
7/25/2007 16:00:00,111.55,113.07,110.07,112.8,11342618
7/26/2007 16:00:00,112.14,113.49,110.34,111.31,16880752
7/27/2007 16:00:00,111.31,112.66,110.44,110.44,18138636
7/30/2007 16:00:00,110.61,110.61,108.43,109.39,15096604
7/31/2007 16:00:00,110.08,110.08,105.09,105.69,17816454
8/1/2007 16:00:00,104.96,107.68,104.96,107.02,12390245
8/2/2007 16:00:00,107.22,108.94,106.5,108.15,11322857
8/3/2007 16:00:00,108.15,109.06,106.69,106.87,9571245
8/6/2007 16:00:00,107.07,108.78,106.69,108.78,7245595
8/7/2007 16:00:00,108.52,109.05,107.22,108.44,8022621
8/8/2007 16:00:00,108.7,109.46,107.23,107.91,7681519
8/9/2007 16:00:00,106.6,109.36,105.77,105.77,9086785
8/10/2007 16:00:00,105.07,108.41,104.78,107.59,9592142
8/13/2007 16:00:00,107.69,108.84,107.27,107.66,6135600
8/14/2007 16:00:00,107.77,108.08,106.73,107.03,5615443
8/15/2007 16:00:00,107.03,107.79,104.98,106.24,11640523
8/16/2007 16:00:00,105.4,106.42,99.05,104.77,16723398
8/17/2007 16:00:00,105.5,107.62,103.79,105.93,15277058
8/20/2007 16:00:00,106.02,106.12,104.24,104.32,9840612
8/21/2007 16:00:00,104.31,105.17,103.23,104.15,8458500
8/22/2007 16:00:00,104.59,105.55,104.26,105.07,6330400
8/23/2007 16:00:00,105.51,106.67,105.08,106.45,8271000
8/24/2007 16:00:00,106.07,108.17,105.84,108.16,7058700
8/27/2007 16:00:00,107.8,108.75,107.74,108.35,4921802
8/28/2007 16:00:00,107.95,108.5,106.62,106.98,6006667
8/29/2007 16:00:00,107.12,109.82,107.05,109.43,7050800
8/30/2007 16:00:00,109.43,110.8,108.53,110.2,7756100
8/31/2007 16:00:00,110.79,112.09,110.37,111.46,6884700
9/4/2007 16:00:00,111.46,113.56,110.94,112.89,8071653
9/5/2007 16:00:00,112.14,112.85,111.32,112.59,6555500
9/6/2007 16:00:00,112.59,113.43,111.03,112.35,6778614
9/7/2007 16:00:00,110.99,111.73,110.16,110.37,7511650
9/10/2007 16:00:00,110.94,112.23,110.15,110.61,6120700
9/11/2007 16:00:00,111.25,112.5,110.84,112.09,8098700
9/12/2007 16:00:00,111.7,112.14,110.5,110.8,6289315
9/13/2007 16:00:00,111.09,111.75,110.55,110.75,4802729
9/14/2007 16:00:00,109.95,110.8,109.51,109.97,6904373
9/17/2007 16:00:00,109.27,110.08,109.18,109.39,5022334
9/18/2007 16:00:00,109.58,111.54,109.58,111.4,7839600
9/19/2007 16:00:00,111.47,111.94,110.59,111.44,10311134
9/20/2007 16:00:00,110.96,112.38,110.96,111.62,5807863
9/21/2007 16:00:00,111.99,112.8,111.13,111.54,9097300
9/24/2007 16:00:00,111.75,112.16,110.66,111.04,5734283
9/25/2007 16:00:00,110.99,112.32,110.6,111.29,7045116
9/26/2007 16:00:00,111.7,112.79,111.52,112.04,6695800
9/27/2007 16:00:00,112.19,112.91,111.79,112.43,5836800
9/28/2007 16:00:00,112.33,113.19,111.85,112.52,7720200
10/1/2007 16:00:00,112.41,114.14,112.23,113.69,6778700
10/2/2007 16:00:00,113.71,114.24,112.84,113.05,6912187
10/3/2007 16:00:00,113.05,113.05,111.07,111.18,7916471
10/4/2007 16:00:00,110.99,111.52,109.84,110.5,6178181
10/5/2007 16:00:00,111.18,111.48,110.29,111.09,5749327
10/8/2007 16:00:00,110.8,112.93,110.68,112.49,4823300
10/9/2007 16:00:00,112.57,113.19,111.2,113,5670591
10/10/2007 16:00:00,112.71,113.47,112.4,113.3,5913800
10/11/2007 16:00:00,113.98,116.01,112.11,112.76,13018900
10/12/2007 16:00:00,112.47,113.56,112.02,112.53,5657396
10/15/2007 16:00:00,112.23,113.06,111.52,112.74,6271899
10/16/2007 16:00:00,112.74,114.56,112.23,114.24,11527300
10/17/2007 16:00:00,112.7,112.72,109.03,110.59,18100500
10/18/2007 16:00:00,109.98,111.19,109.31,109.65,7737110
10/19/2007 16:00:00,109.53,109.78,106.79,107.25,10327810
10/22/2007 16:00:00,106.02,108.77,105.98,108.29,7576895
10/23/2007 16:00:00,108.99,109.65,108.41,109.54,5563200
10/24/2007 16:00:00,109.2,109.32,106.67,107.89,8072700
10/25/2007 16:00:00,108.14,109.27,106.68,107.75,6519830
10/26/2007 16:00:00,108.59,108.89,107.05,108.63,5030300
10/29/2007 16:00:00,108.86,109.85,108.75,109.65,5103300
10/30/2007 16:00:00,109.37,109.75,108.65,109,4016300
10/31/2007 16:00:00,109.61,111.04,108.2,110.91,7217155
11/1/2007 16:00:00,109.96,110.88,108.24,108.55,7594402
11/2/2007 16:00:00,108.88,109.99,108.48,109.45,6114900
11/5/2007 16:00:00,109.17,109.95,107.77,108.32,7159407
11/6/2007 16:00:00,108.32,108.84,106.66,108.1,7299701
11/7/2007 16:00:00,106.74,108.54,105.93,106.1,7088284
11/8/2007 16:00:00,105.18,105.37,99.33,101.35,23092568
11/9/2007 16:00:00,96.15,100.22,94.82,95.76,18084552
11/12/2007 16:00:00,95.99,99.52,95.99,96.9,13554259
11/13/2007 16:00:00,98.86,101,97.9,100.55,10777961
11/14/2007 16:00:00,101.36,101.65,98.23,98.8,8479078
11/15/2007 16:00:00,98.61,100.9,98.43,98.95,8380171
11/16/2007 16:00:00,99.82,100.29,98.62,100.09,9294034
11/19/2007 16:00:00,99.66,100.66,96.8,97.64,9504656
11/20/2007 16:00:00,97.99,100.26,96.83,98.78,8393339
11/21/2007 16:00:00,96.86,99.42,96.86,97.64,7097131
11/23/2007 16:00:00,98.48,99.47,97.73,99.38,2827667
11/26/2007 16:00:00,99.59,100.44,97.16,97.4,7339966
11/27/2007 16:00:00,98.1,99.89,96.95,99.17,9117409
11/28/2007 16:00:00,100.12,103.42,99.68,102.56,9397627
11/29/2007 16:00:00,102.43,103.03,101.49,102.68,7813802
11/30/2007 16:00:00,103.7,104.29,99.27,100.46,12900375
12/3/2007 16:00:00,100.82,102.34,99.89,101.09,7929711
12/4/2007 16:00:00,100.68,102.6,100.02,101.85,6361726
12/5/2007 16:00:00,103,103.65,102.18,103.31,6090340
12/6/2007 16:00:00,103.16,105.07,103.09,104.78,5315645
12/7/2007 16:00:00,104.76,105.07,103.11,103.98,5985432
12/10/2007 16:00:00,104.48,105.32,104.11,104.49,4442167
12/11/2007 16:00:00,104.44,105.45,101.69,102.19,8441444
12/12/2007 16:00:00,104.28,105.26,102.57,103.61,7879853
12/13/2007 16:00:00,103.16,103.77,102.15,103.33,6252789
12/14/2007 16:00:00,102.5,102.74,99.43,101.03,9711145
12/17/2007 16:00:00,100.65,101.24,99.34,99.84,7131214
12/18/2007 16:00:00,100.37,102.17,99.46,101.54,8042027
12/19/2007 16:00:00,101.76,103.52,101.12,102.34,7032962
12/20/2007 16:00:00,102.95,104.58,102.79,103.96,8031009
12/21/2007 16:00:00,104.97,106.18,104.26,106.07,13265799
12/24/2007 16:00:00,106.21,106.98,105.59,106.64,2342363
12/26/2007 16:00:00,105.93,107.16,105.93,106.56,3849396
12/27/2007 16:00:00,106.12,106.31,104.58,104.69,4514761
12/28/2007 16:00:00,105.43,105.79,104.22,105.15,5834434
12/31/2007 16:00:00,104.6,105.07,102.45,103.25,5732866
1/2/2008 16:00:00,104.1,104.1,99.5,100,9503410
1/3/2008 16:00:00,100.13,100.84,99.32,100.2,7529206
1/4/2008 16:00:00,99.29,99.29,95.97,96.6,11034849
1/7/2008 16:00:00,95.76,96.47,94.59,95.56,12650525
1/8/2008 16:00:00,95.56,95.88,92.81,93.21,9434330
1/9/2008 16:00:00,93.38,94.7,92.8,93.9,10922994
1/10/2008 16:00:00,93.02,96.34,92.79,95.44,10634722
1/11/2008 16:00:00,94.75,95,92.69,93.29,8959860
1/14/2008 16:00:00,100.3,100.86,96.79,98.32,18009608
1/15/2008 16:00:00,97.46,99.95,96.69,97.26,11636336
1/16/2008 16:00:00,95.65,98.25,95.65,97.07,13031715
1/17/2008 16:00:00,97.43,98.81,95.56,96.57,11649716
1/18/2008 16:00:00,101.94,101.94,97.9,98.76,23871652
1/22/2008 16:00:00,94.13,98.47,94.13,96.68,15133331
1/23/2008 16:00:00,95.16,101.57,94.08,101.34,19588040
1/24/2008 16:00:00,101.61,102.69,99.99,102.12,13026801
1/25/2008 16:00:00,102.96,102.96,99.43,99.83,10102004
1/28/2008 16:00:00,99.76,101.03,99.17,100.27,7858457
1/29/2008 16:00:00,100.77,102.01,99.91,101.34,6616236
1/30/2008 16:00:00,101.1,102.82,100.15,100.91,7432496
1/31/2008 16:00:00,99.54,103.13,99.05,102.31,9057402
2/1/2008 16:00:00,102.36,104.49,101.11,104.19,8047060
2/4/2008 16:00:00,103.64,104.11,101.68,103.09,5985430
2/5/2008 16:00:00,102.26,103.21,99.99,100.31,9048942
2/6/2008 16:00:00,100.34,101.72,98.94,98.95,8270491
2/7/2008 16:00:00,98.28,99.34,96.09,97.75,11255881
2/8/2008 16:00:00,97.61,99.02,97.49,98.64,6085594
2/11/2008 16:00:00,98.43,100.82,98.26,100.43,6098285
2/12/2008 16:00:00,100.45,102.52,100.01,101.75,7650154
2/13/2008 16:00:00,102.33,104.05,102.01,103.56,6608578
2/14/2008 16:00:00,103.1,103.64,100.77,101.37,7340533
2/15/2008 16:00:00,100.55,101.49,100.29,101.4,6235628
2/19/2008 16:00:00,102.15,102.79,99.95,100.29,7377013
2/20/2008 16:00:00,100.7,103.36,99.84,103.01,7672837
2/21/2008 16:00:00,103.25,104.69,101.66,102.14,8328127
2/22/2008 16:00:00,102.34,103.62,100.97,103.22,7917196
2/25/2008 16:00:00,102.61,105.37,102.61,105.14,8158154
2/26/2008 16:00:00,104.61,109.83,104.16,109.25,18651706
2/27/2008 16:00:00,108.74,111.4,107.85,111.24,11855097
2/28/2008 16:00:00,110.42,110.7,109.42,110.07,7227169
2/29/2008 16:00:00,108.93,109.98,108.27,108.75,8475527
3/3/2008 16:00:00,108.75,109.66,108.39,109.11,6335786
3/4/2008 16:00:00,108.32,110.53,107.69,110.52,8593688
3/5/2008 16:00:00,111.19,111.19,109.13,110.22,8434891
3/6/2008 16:00:00,109.9,109.99,107.22,107.48,8018329
3/7/2008 16:00:00,106.84,109.61,106.79,108.83,8124883
3/10/2008 16:00:00,108.05,110.79,108.05,108.9,9895785
3/11/2008 16:00:00,110.61,111.33,108.93,111.27,10992406
3/12/2008 16:00:00,111.22,112.71,109.95,111.82,9083711
3/13/2008 16:00:00,110.5,111.54,108.54,110.71,9548828
3/14/2008 16:00:00,110.87,111.3,107.64,110.06,9734628
3/17/2008 16:00:00,107.93,111.79,107.93,110.37,9281092
3/18/2008 16:00:00,111.52,113.12,108.71,113.1,9967661
3/19/2008 16:00:00,112.71,113.19,111.42,111.7,9314339
3/20/2008 16:00:00,112.33,113.17,111.42,113.02,11417866
3/24/2008 16:00:00,113.06,114.42,112.83,113.72,8398344
3/25/2008 16:00:00,112.71,113.76,111.9,112.68,8443863
3/26/2008 16:00:00,112.32,112.68,109.81,111.67,9617148
3/27/2008 16:00:00,110.82,110.99,109.38,110.34,8437345
3/28/2008 16:00:00,110.81,111.52,109.09,109.43,6600901
3/31/2008 16:00:00,109.03,110.67,108.26,109.98,9711174
4/1/2008 16:00:00,110.03,113.06,109.82,111.27,11875938
4/2/2008 16:00:00,111.6,111.64,108.87,109.66,8044183
4/3/2008 16:00:00,109.22,111.58,108.75,110.82,7052875
4/4/2008 16:00:00,110.85,111.35,109.46,110.57,5733145
4/7/2008 16:00:00,111.15,112.11,110.63,111.1,6181189
4/8/2008 16:00:00,110.53,111.64,110.11,111.06,7283457
4/9/2008 16:00:00,111.28,112.44,110.53,111.53,6819018
4/10/2008 16:00:00,111.66,113.87,111.64,113.45,9149394
4/11/2008 16:00:00,112.05,112.52,110.33,110.8,9561275
4/14/2008 16:00:00,111.42,112.65,110.75,112.02,7750847
4/15/2008 16:00:00,112.23,112.39,110.36,111.92,8643796
4/16/2008 16:00:00,112.85,115.07,111.92,115.07,19317688
4/17/2008 16:00:00,116.9,118.17,115.29,117.56,19002760
4/18/2008 16:00:00,118.36,119.4,117.63,118.82,12492853
4/21/2008 16:00:00,118.08,118.93,116.58,118.77,6953989
4/22/2008 16:00:00,118.32,118.77,117.49,118.13,5417499
4/23/2008 16:00:00,118.14,119.19,117.14,118.06,7593274
4/24/2008 16:00:00,117.85,119.3,117.23,118.62,5996805
4/25/2008 16:00:00,118.92,118.92,116.59,117.56,6316517
4/28/2008 16:00:00,117.11,117.53,116.19,116.23,5608477
4/29/2008 16:00:00,116.57,117.68,116.57,117.34,7226458
4/30/2008 16:00:00,117.81,117.96,115.1,115.29,8130102
5/1/2008 16:00:00,115.63,118.85,115.63,118.07,8230753
5/2/2008 16:00:00,117.77,118.44,116.3,117.66,6916601
5/5/2008 16:00:00,116.81,117.72,116.28,116.56,6360332
5/6/2008 16:00:00,116.05,117.81,115.36,117.31,5910368
5/7/2008 16:00:00,117.28,119.38,116.92,118.57,11406753
5/8/2008 16:00:00,118.63,119.56,118.15,119.32,9793931
5/9/2008 16:00:00,118.79,119.06,118.09,118.5,5502095
5/12/2008 16:00:00,118.27,120.34,118.02,119.62,8670019
5/13/2008 16:00:00,119.51,121.02,119.42,120.9,9693364
5/14/2008 16:00:00,120.85,123.05,120.54,121.8,8889067
5/15/2008 16:00:00,121.62,122.91,121.21,122.7,7227965
5/16/2008 16:00:00,122.7,122.71,121.11,122.09,6372012
5/19/2008 16:00:00,121.96,122.46,120.4,120.82,6385449
5/20/2008 16:00:00,120.4,120.4,118.87,119.57,7017688
5/21/2008 16:00:00,119.44,120.73,117.5,118.08,8334760
5/22/2008 16:00:00,118.01,119.73,118.01,119.11,5031339
5/23/2008 16:00:00,118.77,119.31,118.22,118.63,4701489
5/27/2008 16:00:00,118.45,121.67,118.44,121.61,6989563
5/28/2008 16:00:00,121.78,123.73,121.3,123.73,9875570
5/29/2008 16:00:00,122.99,124.16,122.89,123.89,7561600
5/30/2008 16:00:00,123.43,124.16,123.03,123.63,8652886
6/2/2008 16:00:00,122.73,123.57,121.02,121.65,7599265
6/3/2008 16:00:00,121.75,123.22,121.75,122.11,7238549
6/4/2008 16:00:00,122.14,122.74,120.78,121.83,6432440
6/5/2008 16:00:00,121.7,123.25,121.5,122.71,6153767
6/6/2008 16:00:00,122.04,122.39,119.15,119.34,7886166
6/9/2008 16:00:00,119.76,120.52,118.5,120.22,5584925
6/10/2008 16:00:00,119.28,121.04,119.04,120.29,5384115
6/11/2008 16:00:00,120.26,120.26,117.35,117.72,7207672
6/12/2008 16:00:00,118.3,119.48,117.61,118.3,6748543
6/13/2008 16:00:00,118.84,120.9,118.58,120.49,6379729
6/16/2008 16:00:00,119.83,121.44,119.06,121.03,6280951
6/17/2008 16:00:00,121.4,121.4,119.03,119.49,5278080
6/18/2008 16:00:00,118.97,119.81,118.15,118.59,6614626
6/19/2008 16:00:00,118.13,119.99,116.87,119.41,7570333
6/20/2008 16:00:00,119.21,119.41,117.01,117.24,9624839
6/23/2008 16:00:00,117.49,118.92,116.91,117.92,5862919
6/24/2008 16:00:00,117.56,118.68,116.43,117.92,7553093
6/25/2008 16:00:00,118.13,120.19,117.68,118.99,7134982
6/26/2008 16:00:00,117.9,118.27,115.35,115.7,9710506
6/27/2008 16:00:00,115.59,116.58,112.96,114.67,11660356
6/30/2008 16:00:00,114.65,114.83,112.85,113.22,8444030
7/1/2008 16:00:00,112.23,114.01,111.37,113.92,10070580
7/2/2008 16:00:00,113.1,115.15,112.82,113.76,8094084
7/3/2008 16:00:00,114.57,115.36,112.6,114.18,6117601
7/7/2008 16:00:00,114.26,117.14,114.26,116.05,9131139
7/8/2008 16:00:00,115.15,118.43,115.15,118.33,9813737
7/9/2008 16:00:00,118.64,118.92,115,115,9506613
7/10/2008 16:00:00,115.25,118,115.25,117.66,10053506
7/11/2008 16:00:00,116.34,118.19,115.16,116.64,8843936
7/14/2008 16:00:00,117.97,118.68,115.8,116.09,8317305
7/15/2008 16:00:00,115.57,118.92,114.52,117.68,10713953
7/16/2008 16:00:00,117.3,121.2,116.77,120.29,9899553
7/17/2008 16:00:00,120.72,121.27,118.44,120.85,12304108
7/18/2008 16:00:00,120.17,124.17,119.8,124.07,18317944
7/21/2008 16:00:00,124.01,124.08,121.92,122.89,7780118
7/22/2008 16:00:00,121.78,124.17,121.55,124.17,11428578
7/23/2008 16:00:00,123.96,124.49,122.54,123.71,10230584
7/24/2008 16:00:00,123.27,125.06,123.03,124.17,8946618
7/25/2008 16:00:00,123.22,124.08,122.26,122.77,7565625
7/28/2008 16:00:00,121.96,122.68,120.47,120.59,6096738
7/29/2008 16:00:00,120.87,122.42,120.59,121.94,5980858
7/30/2008 16:00:00,122.38,123.22,121.39,123.08,5826411
7/31/2008 16:00:00,122.36,123.69,122.01,122.24,5857259
8/1/2008 16:00:00,122.76,123.5,120.62,120.96,4939828
8/4/2008 16:00:00,121.09,122.36,120.59,121.84,5994860
8/5/2008 16:00:00,122.45,123.12,121.38,123.09,6969898
8/6/2008 16:00:00,122.69,123.69,122.02,123.37,6254097
8/7/2008 16:00:00,122.55,124.14,122.17,123.26,6633491
8/8/2008 16:00:00,122.74,124.06,121.91,123.03,8561734
8/11/2008 16:00:00,122.67,122.67,120.11,120.92,7490435
8/12/2008 16:00:00,120.36,120.83,118.82,119.61,7000919
8/13/2008 16:00:00,119.4,121.3,119.16,120.16,5857792
8/14/2008 16:00:00,119.41,122.5,119.2,121.25,6813232
8/15/2008 16:00:00,121.37,121.49,119.73,120.69,5566474
8/18/2008 16:00:00,120.82,121.31,118.13,119,5969928
8/19/2008 16:00:00,118.09,119.19,116.54,117.06,9313594
8/20/2008 16:00:00,117.96,118.41,116.54,117.02,6871751
8/21/2008 16:00:00,116.13,117.9,116.1,117.48,6314975
8/22/2008 16:00:00,117.77,119.73,117.29,119.33,5989190
8/25/2008 16:00:00,118.9,119.33,117.2,117.35,5827382
8/26/2008 16:00:00,117.08,117.34,116.05,117.01,6218163
8/27/2008 16:00:00,116.93,119.25,116.7,117.85,5845404
8/28/2008 16:00:00,118.5,119.83,118.04,118.99,5448139
8/29/2008 16:00:00,118.16,118.43,116.18,116.27,7156221
9/2/2008 16:00:00,117.36,118.44,112.61,113.1,11764494
9/3/2008 16:00:00,113.03,113.33,109.99,113.03,11317003
9/4/2008 16:00:00,112.7,113.57,109.75,109.84,10134093
9/5/2008 16:00:00,109.03,109.93,108.1,109.2,8813693
9/8/2008 16:00:00,112.71,112.98,109.98,112.03,10454241
9/9/2008 16:00:00,112.5,112.8,109.84,109.88,8106710
9/10/2008 16:00:00,111.18,114.57,110.89,112.75,11854267
9/11/2008 16:00:00,111.37,114.02,110.9,113.86,9737314
9/12/2008 16:00:00,113.34,113.93,111.58,113.64,6635267
9/15/2008 16:00:00,110.19,113.1,110.03,110.03,9952555
9/16/2008 16:00:00,108.63,112.37,108.24,110.85,13673109
9/17/2008 16:00:00,109.64,110.32,105.65,106.47,12297971
9/18/2008 16:00:00,107.85,113.27,106.06,109.96,15994953
9/19/2008 16:00:00,114.23,118.44,112.23,113.52,14436424
9/22/2008 16:00:00,113.14,114.75,110.82,111,8844283
9/23/2008 16:00:00,111,112.87,109.02,110.19,8013445
9/24/2008 16:00:00,111.69,112.87,109.14,111.24,6574097
9/25/2008 16:00:00,112.47,116.52,110.91,114.72,6540753
9/26/2008 16:00:00,111.95,115.58,111.76,114.07,4760683
9/29/2008 16:00:00,110.78,113.12,105.02,109.33,9586679
9/30/2008 16:00:00,110.64,111.72,106.8,111.72,18992120
10/1/2008 16:00:00,110.33,111.56,102.92,105.19,13137706
10/2/2008 16:00:00,103.62,105.04,98.42,100.04,11458508
10/3/2008 16:00:00,100.45,105.98,98.41,98.8,9638051
10/6/2008 16:00:00,96.67,98.38,92.27,96.11,11521451
10/7/2008 16:00:00,96.95,98.02,90.01,91.36,11416625
10/8/2008 16:00:00,87.41,93.11,85.95,86.49,18035304
10/9/2008 16:00:00,91.02,91.04,84.27,85.01,21294776
10/10/2008 16:00:00,83.49,87.55,79.77,83.82,24640094
10/13/2008 16:00:00,86.39,89.41,83.05,88.08,17107990
10/14/2008 16:00:00,92.1,94.56,87.88,89.4,15117119
10/15/2008 16:00:00,88.61,91.02,83.78,84.33,11335516
10/16/2008 16:00:00,85.37,87.88,80.57,87.42,16274014
10/17/2008 16:00:00,87.64,91.61,83.78,86.71,15231901
10/20/2008 16:00:00,88.08,89.13,85.32,88.36,9747552
10/21/2008 16:00:00,88.09,88.31,84.6,84.88,9719965
10/22/2008 16:00:00,83.1,83.66,77.18,79.85,14202220
10/23/2008 16:00:00,80.32,82.04,77.37,80.57,12357997
10/24/2008 16:00:00,75.72,80.53,75.29,78.39,12288091
10/27/2008 16:00:00,76.67,80.71,75.47,76.09,11111740
10/28/2008 16:00:00,77.75,83.68,75.95,83.37,14197146
10/29/2008 16:00:00,83.81,86.92,82.38,84.25,12694212
10/30/2008 16:00:00,86.93,88.26,84.91,86.62,12034769
10/31/2008 16:00:00,86.82,89.97,85.04,88.8,10506533
11/3/2008 16:00:00,88.49,90.43,88.04,88.52,7686252
11/4/2008 16:00:00,90.51,90.51,87.94,89.21,10174199
11/5/2008 16:00:00,88.76,89.21,85.68,85.91,8708265
11/6/2008 16:00:00,83.75,84.85,80.5,81.33,12525214
11/7/2008 16:00:00,81.93,82.82,80.47,82.4,7927824
11/10/2008 16:00:00,84.04,84.15,79.03,80.11,9849063
11/11/2008 16:00:00,79.52,80.51,76.65,79.03,10018762
11/12/2008 16:00:00,77.11,78.71,76,76.16,11369331
11/13/2008 16:00:00,76.05,80.61,72.02,80.43,15105250
11/14/2008 16:00:00,78.93,81.57,75.94,76.73,12025365
11/17/2008 16:00:00,75.49,76.16,73.7,74.01,10324195
11/18/2008 16:00:00,75.51,77.3,73.55,76.49,13051229
11/19/2008 16:00:00,76.35,77.37,72.33,72.56,12606807
11/20/2008 16:00:00,71.64,74.88,67.35,68.52,17634936
11/21/2008 16:00:00,69.48,73.53,66.38,71.52,19804616
11/24/2008 16:00:00,72.34,78.41,71.64,76.31,15023725
11/25/2008 16:00:00,77.72,78.71,74.71,77.03,12519638
11/26/2008 16:00:00,75.95,78.12,75.09,78.01,8240531
11/28/2008 16:00:00,77.37,78.23,76.51,77.94,3908651
12/1/2008 16:00:00,77.32,77.71,73.35,73.45,10264956
12/2/2008 16:00:00,74.31,76.41,72.73,76.26,9305487
12/3/2008 16:00:00,75.09,77.37,73.54,77.05,9757965
12/4/2008 16:00:00,76.44,77.21,72.76,73.97,10914611
12/5/2008 16:00:00,73.34,77.85,71.93,76.98,11211940
12/8/2008 16:00:00,78.87,82.03,78.07,81.06,11178250
12/9/2008 16:00:00,80.06,81.6,78.51,78.98,9359474
12/10/2008 16:00:00,80.19,81.18,78.16,79.14,8187311
12/11/2008 16:00:00,77.85,79.14,76.19,76.97,10687044
12/12/2008 16:00:00,75.15,79.22,74.56,78.51,10383397
12/15/2008 16:00:00,78.81,79.79,76.41,79.06,8848400
12/16/2008 16:00:00,79.38,82.95,79.15,82.53,11574083
12/17/2008 16:00:00,81.61,83.36,80.86,81.99,8778569
12/18/2008 16:00:00,81.92,82.76,79.24,80.23,8030144
12/19/2008 16:00:00,81.4,81.4,79.25,79.78,13099430
12/22/2008 16:00:00,79.54,79.71,76.72,78.31,7084949
12/23/2008 16:00:00,78.66,79.1,76.54,76.99,6386299
12/24/2008 16:00:00,76.94,77.58,76.34,76.91,2419543
12/26/2008 16:00:00,77.3,78.13,76.94,77.68,3102677
12/29/2008 16:00:00,78.06,78.06,76.11,77.61,6064693
12/30/2008 16:00:00,78.16,79.89,77.86,79.8,5774769
12/31/2008 16:00:00,79.76,81.19,79.76,80.39,6667617
1/2/2009 16:00:00,80.13,83.66,80.13,83.45,7558627
1/5/2009 16:00:00,82.55,83.74,82.32,82.93,8316217
1/6/2009 16:00:00,83.2,86.36,82.5,85.23,9653234
1/7/2009 16:00:00,83.89,84.82,83.21,83.85,8455680
1/8/2009 16:00:00,83.87,84.19,82.13,83.27,7231753
1/9/2009 16:00:00,83.15,83.58,80.47,80.9,7440555
1/12/2009 16:00:00,80.78,82.72,80.63,81.87,8072871
1/13/2009 16:00:00,81.67,82.71,80.99,81.51,7657127
1/14/2009 16:00:00,80.42,81.02,78.43,79.46,9470642
1/15/2009 16:00:00,79.86,81.03,78.57,80.35,11735223
1/16/2009 16:00:00,80.82,81.9,79.36,81.11,11245580
1/20/2009 16:00:00,80.96,81.11,78.09,78.3,13840227
1/21/2009 16:00:00,82.42,87.49,82.14,87.32,24908524
1/22/2009 16:00:00,85.8,86.67,84.16,86.03,12351422
1/23/2009 16:00:00,84.44,86.63,83.87,85.48,10256388
1/26/2009 16:00:00,85.75,88.52,85.51,87.49,9841875
1/27/2009 16:00:00,87.66,87.85,86.44,87.55,8721601
1/28/2009 16:00:00,88.54,90.68,87.79,90.57,13412453
1/29/2009 16:00:00,89.38,90.34,87.89,88.36,9234105
1/30/2009 16:00:00,88.09,89.29,87.16,87.54,9617163
2/2/2009 16:00:00,86.54,87.74,85.67,86.85,9926980
2/3/2009 16:00:00,86.99,89.53,86.12,89.29,8866773
2/4/2009 16:00:00,89.54,90.65,87.7,88.67,10191929
2/5/2009 16:00:00,88,89.02,87.13,88.27,11622861
2/6/2009 16:00:00,88.36,92.75,87.54,91.83,13063843
2/9/2009 16:00:00,91.63,92.63,90.47,92.48,8165954
2/10/2009 16:00:00,91.29,92.48,88.79,89.09,13541935
2/11/2009 16:00:00,89.29,91.48,88.83,90.89,10765873
2/12/2009 16:00:00,90.18,90.93,88.07,90.81,9918736
2/13/2009 16:00:00,90.54,90.91,89.37,89.63,6742532
2/17/2009 16:00:00,87.62,88.34,86.44,86.6,8906784
2/18/2009 16:00:00,87.08,88.11,86.39,87.41,8492665
2/19/2009 16:00:00,86.98,88.03,84.48,84.94,12624634
2/20/2009 16:00:00,84.1,85.87,83.42,84.81,12401342
2/23/2009 16:00:00,85.3,85.32,80.42,80.59,13509701
2/24/2009 16:00:00,80.84,83.18,80.33,82.53,12916040
2/25/2009 16:00:00,82.14,83.21,79.14,82.05,12646705
2/26/2009 16:00:00,82.96,86.16,82.46,84.98,17424012
2/27/2009 16:00:00,84.17,89.1,84.06,87.9,21312536
3/2/2009 16:00:00,87.08,87.78,84.77,85.06,15231919
3/3/2009 16:00:00,86.12,86.14,83.28,83.83,13745837
3/4/2009 16:00:00,86.12,87.15,83.67,85.48,15391882
3/5/2009 16:00:00,84.18,86.12,83.12,83.56,14933403
3/6/2009 16:00:00,83.55,84.29,80.05,81.96,15187919
3/9/2009 16:00:00,80.9,82.91,79.3,79.74,13153048
3/10/2009 16:00:00,81.29,83.34,79.89,83.34,15915749
3/11/2009 16:00:00,83.59,85.53,82.83,84.65,11824127
3/12/2009 16:00:00,84.62,86.54,83.57,86.35,11829250
3/13/2009 16:00:00,86.35,86.59,85.29,86.31,9112201
3/16/2009 16:00:00,87.54,88.83,86.48,87.13,11796373
3/17/2009 16:00:00,87.02,88.74,86.39,88.74,11490142
3/18/2009 16:00:00,85.45,88.73,85.4,87.83,17914652
3/19/2009 16:00:00,88.68,89.16,87.41,88.51,9899994
3/20/2009 16:00:00,88.98,90.74,88.05,88.36,12194884
3/23/2009 16:00:00,89.5,94.28,89.5,94.28,12408203
3/24/2009 16:00:00,93.31,95.09,93.15,93.89,9347238
3/25/2009 16:00:00,94.05,95.38,91.78,93.56,12017509
3/26/2009 16:00:00,94.05,94.75,93.37,94.35,11440812
3/27/2009 16:00:00,91.69,91.7,88.59,89.93,15746911
3/30/2009 16:00:00,87.88,90.49,87.68,90.28,10973033
3/31/2009 16:00:00,90.7,94.24,90.6,92.55,14553959
4/1/2009 16:00:00,91.82,93.61,91.41,93.23,12212834
4/2/2009 16:00:00,94.7,97.42,93.97,96.3,16226813
4/3/2009 16:00:00,95.26,98.06,95.24,97.64,10964564
4/6/2009 16:00:00,96.38,97.28,95.52,97.01,8821996
4/7/2009 16:00:00,95.68,95.99,94.1,94.32,8768491
4/8/2009 16:00:00,94.99,97,94.56,96.65,7311817
4/9/2009 16:00:00,97.44,97.86,95.76,97.14,8014029
4/13/2009 16:00:00,95.78,97.09,94.6,95.47,7797542
4/14/2009 16:00:00,94.64,95.47,93.86,94.82,6277538
4/15/2009 16:00:00,93.83,94.62,92.12,94.42,8164390
4/16/2009 16:00:00,95.27,97.35,94.73,96.88,9260106
4/17/2009 16:00:00,96.64,97.46,95.22,96.73,10218764
4/20/2009 16:00:00,95.79,96.65,94.76,95.93,12588576
4/21/2009 16:00:00,94,97.89,93.8,97.72,15230878
4/22/2009 16:00:00,96.63,99.2,96.53,97.95,12120548
4/23/2009 16:00:00,98.05,98.17,95.33,96.87,9440413
4/24/2009 16:00:00,96.63,97.03,95.04,95.59,10157513
4/27/2009 16:00:00,95.14,97.13,94.84,95.47,8612348
4/28/2009 16:00:00,94.91,98.12,94.8,97.37,11111494
4/29/2009 16:00:00,97.41,100.29,97.11,99.38,9786690
4/30/2009 16:00:00,99.86,101.3,98.24,98.58,10664488
5/1/2009 16:00:00,99.13,100.16,98.32,99.92,6237185
5/4/2009 16:00:00,100.54,101.96,99.92,101.43,8314968
5/5/2009 16:00:00,101.25,102.03,100.78,101.1,6751973
5/6/2009 16:00:00,100.51,100.77,99.06,99.93,7535537
5/7/2009 16:00:00,99.96,100.1,97.26,97.99,8524436
5/8/2009 16:00:00,98.94,99.1,95.35,96.94,11575755
5/11/2009 16:00:00,96.56,99.22,96.42,98.29,8253824
5/12/2009 16:00:00,98.36,99.7,97.78,99.28,7963605
5/13/2009 16:00:00,98.27,98.48,96.81,97.68,8202724
5/14/2009 16:00:00,97.16,98.1,96.25,96.52,9445455
5/15/2009 16:00:00,96.38,98.45,96.06,96.82,8367739
5/18/2009 16:00:00,97.43,100.02,97.37,99.89,7429409
5/19/2009 16:00:00,99.65,101.36,99.34,100.78,7079435
5/20/2009 16:00:00,100.78,101.23,99.16,99.38,7083138
5/21/2009 16:00:00,98.45,98.62,97.18,98.21,7411431
5/22/2009 16:00:00,98.07,98.68,97.19,97.32,5596474
5/26/2009 16:00:00,96.78,100.89,96.49,100.31,7211942
5/27/2009 16:00:00,99.66,100.45,98.3,98.32,7121132
5/28/2009 16:00:00,98.71,100.43,98.08,100,6127885
5/29/2009 16:00:00,99.79,101.72,99.29,101.51,6871876
6/1/2009 16:00:00,102.15,103.8,101.89,103.51,7725911
6/2/2009 16:00:00,102.69,103.92,101.88,102.04,7046035
6/3/2009 16:00:00,101.75,101.82,100.4,101.72,7688214
6/4/2009 16:00:00,101.41,102.08,100.87,101.56,5468792
6/5/2009 16:00:00,102.52,103.54,101.96,102.43,7665350
6/8/2009 16:00:00,101.86,103.14,100.77,102.67,6364301
6/9/2009 16:00:00,103.3,104.25,103.15,103.29,8592752
6/10/2009 16:00:00,104.3,104.38,102.25,103.49,7578705
6/11/2009 16:00:00,103.87,105.68,103.69,104.49,9136089
6/12/2009 16:00:00,103.54,104.38,102.92,103.36,7250917
6/15/2009 16:00:00,102.8,103.95,102.43,102.79,8567686
6/16/2009 16:00:00,103.61,104.25,102.46,102.51,7231444
6/17/2009 16:00:00,102.64,103.04,102.09,102.2,7366166
6/18/2009 16:00:00,102.14,102.71,101.36,101.56,6207156
6/19/2009 16:00:00,101.54,101.87,100.77,101.14,13562225
6/22/2009 16:00:00,100.46,101.13,99.56,99.83,7296198
6/23/2009 16:00:00,100.05,100.17,99.14,99.76,5154084
6/24/2009 16:00:00,100.66,101.71,99.07,99.48,6395356
6/25/2009 16:00:00,99.05,102,98.87,101.3,6900783
6/26/2009 16:00:00,101.72,101.72,100.34,100.94,5128668
6/29/2009 16:00:00,101.24,101.42,100.45,101.09,4681817
6/30/2009 16:00:00,100.95,101.28,99.16,99.74,7512588
7/1/2009 16:00:00,100.29,101.51,100.03,100.14,5537276
7/2/2009 16:00:00,99.15,99.25,97.17,97.17,7027779
7/6/2009 16:00:00,97.02,97.65,95.97,97.09,6523090
7/7/2009 16:00:00,96.8,97.39,95.55,95.7,6685957
7/8/2009 16:00:00,95.79,96.63,95.04,96.17,7380719
7/9/2009 16:00:00,96.59,98.17,96.33,97.5,6153127
7/10/2009 16:00:00,96.44,97.16,95.33,96.31,7470894
7/13/2009 16:00:00,96.74,99,95.7,98.97,9494417
7/14/2009 16:00:00,98.78,98.97,97.92,98.62,5416082
7/15/2009 16:00:00,100.05,102.41,99.91,102.41,8707266
7/16/2009 16:00:00,102.05,105.99,102,105.68,15048197
7/17/2009 16:00:00,108.33,110.35,108.09,110.25,20190164
7/20/2009 16:00:00,109.39,111.64,109.26,111.22,10683485
7/21/2009 16:00:00,110.67,111.79,110.21,111.79,8303777
7/22/2009 16:00:00,110.97,111.95,109.93,110.39,8813331
7/23/2009 16:00:00,109.9,112.71,109.9,111.81,8464024
7/24/2009 16:00:00,111.45,112.85,111.4,112.37,6262750
7/27/2009 16:00:00,111.71,112.63,111.34,112.36,5070160
7/28/2009 16:00:00,111.4,112.25,111.12,112.02,5783139
7/29/2009 16:00:00,111.14,112.02,110.85,112,5101397
7/30/2009 16:00:00,112.71,114.02,112.39,112.58,6805957
7/31/2009 16:00:00,112.29,113.65,112.29,112.64,5329586
8/3/2009 16:00:00,113.55,114.58,113.37,114.54,6112018
8/4/2009 16:00:00,114.07,114.43,113.68,114.24,4994676
8/5/2009 16:00:00,113.2,113.66,112.58,113.16,5026291
8/6/2009 16:00:00,113.01,113.09,111.47,112.12,6003237
8/7/2009 16:00:00,112.81,114.53,112.81,113.98,5763172
8/10/2009 16:00:00,112.87,113.85,112.68,113.38,4041305
8/11/2009 16:00:00,112.74,113.19,112.06,112.51,4844435
8/12/2009 16:00:00,112.33,114.58,112.16,113.94,6291557
8/13/2009 16:00:00,113.93,114.41,113.31,114.22,5489981
8/14/2009 16:00:00,113.94,114.37,112.35,113.25,4797051
8/17/2009 16:00:00,111.46,112.17,111,111.62,5351307
8/18/2009 16:00:00,111.57,112.71,111.5,112.36,4286472
8/19/2009 16:00:00,111.14,113.44,110.91,113.25,4837844
8/20/2009 16:00:00,113.13,114.06,112.8,113.62,4842029
8/21/2009 16:00:00,114.29,114.63,113.23,114.52,8307764
8/24/2009 16:00:00,114.54,115.46,113.76,113.97,6365021
8/25/2009 16:00:00,113.9,114.76,113.39,113.5,4653733
8/26/2009 16:00:00,113.32,114.48,112.24,114.11,4516257
8/27/2009 16:00:00,113.41,114.23,112.57,114.08,4356903
8/28/2009 16:00:00,114.72,114.84,112.49,112.92,6236128
8/31/2009 16:00:00,111.85,112.77,111.68,112.76,5440174
9/1/2009 16:00:00,112.39,113.6,111.28,111.46,6305084
9/2/2009 16:00:00,111.12,111.98,110.8,110.88,5178727
9/3/2009 16:00:00,111.32,111.5,109.99,111.11,4937002
9/4/2009 16:00:00,111.35,112.23,111,112.19,3451667
9/8/2009 16:00:00,112.65,112.87,111.4,111.91,5797728
9/9/2009 16:00:00,111.78,112.39,110.95,111.52,5248477
9/10/2009 16:00:00,111.74,112.55,111.52,112.39,4889568
9/11/2009 16:00:00,112.52,113.9,112.2,112.76,5893678
9/14/2009 16:00:00,111.75,113.65,111.7,113.55,4760207
9/15/2009 16:00:00,113.45,114.09,112.86,114,6535919
9/16/2009 16:00:00,114.14,116.53,113.95,116.36,11239737
9/17/2009 16:00:00,115.71,117.28,115.62,116.42,8394048
9/18/2009 16:00:00,116.96,117.37,116.17,116.64,9936586
9/21/2009 16:00:00,115.6,116.61,115.46,116.12,4516477
9/22/2009 16:00:00,116.62,116.64,115.56,116.16,5564648
9/23/2009 16:00:00,115.82,117.24,115.3,115.4,5539926
9/24/2009 16:00:00,115.28,116.2,115,115.52,5427378
9/25/2009 16:00:00,114.88,116.2,114.72,115.65,5187894
9/28/2009 16:00:00,115.12,116.53,113.61,113.98,8250073
9/29/2009 16:00:00,114.01,114.56,113.28,113.48,6748992
9/30/2009 16:00:00,113.84,114.62,112.28,114.25,7733205
10/1/2009 16:00:00,114.04,114.25,112.29,112.61,7070015
10/2/2009 16:00:00,112.14,114.29,112,113.68,7585296
10/5/2009 16:00:00,113.57,114.79,112.83,114.38,5673472
10/6/2009 16:00:00,114.99,116.14,114.83,115.91,6659151
10/7/2009 16:00:00,115.69,117.34,115.52,117.28,5967677
10/8/2009 16:00:00,117.03,117.47,116.39,116.81,6501378
10/9/2009 16:00:00,116.94,120.35,116.82,120.28,13123483
10/12/2009 16:00:00,119.82,121.4,119.59,121.34,7730425
10/13/2009 16:00:00,120.56,121.68,120.54,121.32,7582436
10/14/2009 16:00:00,121.98,122.84,120.92,122.6,9558486
10/15/2009 16:00:00,121.84,122.26,120.66,122.24,11952990
10/16/2009 16:00:00,117.63,118.15,115.81,116.19,19218944
10/19/2009 16:00:00,116.3,117.83,116.16,117.54,7514034
10/20/2009 16:00:00,117.83,117.96,116.05,117.31,8780912
10/21/2009 16:00:00,116.7,118.55,115.44,115.45,7175154
10/22/2009 16:00:00,115.34,117.49,114.94,117.19,6029228
10/23/2009 16:00:00,117.44,117.54,114.62,114.96,6799823
10/26/2009 16:00:00,115.2,116.95,114.19,114.72,6539803
10/27/2009 16:00:00,114.79,116.66,113.81,115.24,9445982
10/28/2009 16:00:00,115.07,116.22,114.5,116.05,8782409
10/29/2009 16:00:00,116.67,117.51,116.15,117.36,6309369
10/30/2009 16:00:00,117.13,118.73,115.08,115.2,7716347
11/2/2009 16:00:00,115.36,116.46,114.14,115.15,7050252
11/3/2009 16:00:00,114.17,115.76,114.17,115.73,5720434
11/4/2009 16:00:00,116.01,117.01,115.73,115.85,6353648
11/5/2009 16:00:00,116.64,117.96,116.53,117.58,6703852
11/6/2009 16:00:00,117.02,117.95,116.75,117.95,4979517
11/9/2009 16:00:00,118.36,120.35,117.95,120.35,7767199
11/10/2009 16:00:00,119.68,121.35,119.56,121.22,6444507
11/11/2009 16:00:00,120.88,121.59,120.29,121.49,6531368
11/12/2009 16:00:00,120.93,121.93,120.46,120.6,5345379
11/13/2009 16:00:00,120.74,122.07,120.61,121.33,4986825
11/16/2009 16:00:00,121.47,122.49,121.33,122.46,7975416
11/17/2009 16:00:00,121.72,122.89,121.69,122.86,7910332
11/18/2009 16:00:00,122.31,122.6,121.83,122.4,3970158
11/19/2009 16:00:00,121.57,122.11,120.84,121.82,5309025
11/20/2009 16:00:00,121.47,121.96,120.79,121.27,5354701
11/23/2009 16:00:00,121.97,123.16,121.93,122.45,7003414
11/24/2009 16:00:00,122.17,122.57,121.44,122.19,4822106
11/25/2009 16:00:00,122.15,122.47,121.38,121.57,3970966
11/27/2009 16:00:00,119,120.94,118.69,120.06,3319189
11/30/2009 16:00:00,119.51,120.92,119.32,120.68,6302942
12/1/2009 16:00:00,121.58,122.63,121.16,122.2,6578504
12/2/2009 16:00:00,121.61,122.63,121.46,121.51,4599675
12/3/2009 16:00:00,121.88,122.71,121.54,121.83,5759913
12/4/2009 16:00:00,122.64,123.12,120.35,121.54,7068967
12/7/2009 16:00:00,121.19,121.81,120.91,121.34,4144680
12/8/2009 16:00:00,121.28,121.64,120.5,121.11,5351458
12/9/2009 16:00:00,121.02,122.63,120.46,122.63,6071919
12/10/2009 16:00:00,122.39,123.67,122.35,123.54,7077907
12/11/2009 16:00:00,123.23,123.95,122.94,123.87,6599285
12/14/2009 16:00:00,123.84,124.15,123.79,124.1,5202187
12/15/2009 16:00:00,123.66,124.04,122.2,122.73,8033372
12/16/2009 16:00:00,122.97,123.79,122.6,122.94,6372736
12/17/2009 16:00:00,122.26,122.8,121.42,121.69,5910454
12/18/2009 16:00:00,122.23,122.63,121.31,122.18,9106601
12/21/2009 16:00:00,122.07,123.16,121.96,122.88,4775164
12/22/2009 16:00:00,123.5,124.15,123.4,124.1,5535651
12/23/2009 16:00:00,123.88,124.17,123.5,124.17,4129112
12/24/2009 16:00:00,124.07,124.72,123.67,124.72,4265079
12/28/2009 16:00:00,125.12,126.38,124.86,126.38,5801087
12/29/2009 16:00:00,126.35,126.44,125.89,125.94,4184782
12/30/2009 16:00:00,125.35,126.73,124.82,126.63,3867291
12/31/2009 16:00:00,126.47,126.89,124.89,125.03,4225128
1/4/2010 16:00:00,125.3,127.01,124.98,126.51,6155846
1/5/2010 16:00:00,125.78,125.94,124.27,124.98,6842471
1/6/2010 16:00:00,124.82,125.59,123.99,124.17,5605290
1/7/2010 16:00:00,124.05,124.41,123.13,123.74,5840569
1/8/2010 16:00:00,123.28,125.05,123.26,124.98,4197105
1/11/2010 16:00:00,125.18,125.18,122.9,123.67,5731177
1/12/2010 16:00:00,123.24,125.44,123.22,124.66,8083354
1/13/2010 16:00:00,124.54,125.24,123.37,124.39,6458302
1/14/2010 16:00:00,124.7,126.76,124.09,126.38,7114544
1/15/2010 16:00:00,126.11,126.93,125.21,125.87,8502320
1/19/2010 16:00:00,125.73,128.23,125.66,128.13,13916168
1/20/2010 16:00:00,124.61,125.27,123.17,124.41,15201857
1/21/2010 16:00:00,124.62,124.83,122.32,123.22,9608696
1/22/2010 16:00:00,122.9,123.11,119.75,119.87,10089325
1/25/2010 16:00:00,120.67,121.21,120.07,120.47,5738920
1/26/2010 16:00:00,120.27,122.02,119.79,120.11,7136640
1/27/2010 16:00:00,120.18,121.27,119.43,120.67,8719447
1/28/2010 16:00:00,121.33,121.34,117.53,118.2,9622829
1/29/2010 16:00:00,118.75,119.4,116.43,116.9,11572387
2/1/2010 16:00:00,117.7,119.35,117.28,119.08,7249873
2/2/2010 16:00:00,119.19,120.17,118.39,119.9,5900187
2/3/2010 16:00:00,119.55,120.42,119.46,120.03,4177981
2/4/2010 16:00:00,119.58,119.82,117.39,117.49,9129991
2/5/2010 16:00:00,117.52,118.17,116.37,117.98,8618019
2/8/2010 16:00:00,117.63,117.7,116.28,116.42,5719389
2/9/2010 16:00:00,117.15,118.63,116.97,117.69,6044966
2/10/2010 16:00:00,117.43,118.11,116.73,117.3,5219260
2/11/2010 16:00:00,117.08,118.63,116.59,118.18,5091096
2/12/2010 16:00:00,117.49,118.49,116.16,118.44,8018236
2/16/2010 16:00:00,119.31,119.62,118.55,119.62,6777265
2/17/2010 16:00:00,119.87,120.86,119.6,120.67,5827357
2/18/2010 16:00:00,120.47,122.26,120.35,122.08,5527576
2/19/2010 16:00:00,121.64,122.32,121.18,121.49,6303678
2/22/2010 16:00:00,121.59,121.72,120.65,121.16,3808077
2/23/2010 16:00:00,120.81,121.94,120.35,120.79,4594376
2/24/2010 16:00:00,121.32,122.52,121.12,121.87,4782100
2/25/2010 16:00:00,120.4,121.54,119.94,121.37,5658776
2/26/2010 16:00:00,121.32,122.26,121.06,121.46,4784139
3/1/2010 16:00:00,121.78,123.05,121.75,122.81,4577715
3/2/2010 16:00:00,122.93,123.3,121.43,121.71,6013437
3/3/2010 16:00:00,122,122.28,121,121.19,6389967
3/4/2010 16:00:00,121.37,121.37,119.84,121.04,6032328
3/5/2010 16:00:00,121.47,121.83,121.34,121.54,6140472
3/8/2010 16:00:00,121.36,121.78,120.69,120.74,6199570
3/9/2010 16:00:00,120.61,120.63,119.59,119.92,7529306
3/10/2010 16:00:00,120.34,120.69,119.6,119.99,6917512
3/11/2010 16:00:00,120.07,122.08,120.07,121.88,7929401
3/12/2010 16:00:00,122.18,122.61,121.79,122.2,5170094
3/15/2010 16:00:00,121.69,122.59,121.57,122.1,4544089
3/16/2010 16:00:00,122.26,123.1,121.74,122.9,6135031
3/17/2010 16:00:00,123.12,123.15,121.65,122.03,6348995
3/18/2010 16:00:00,121.75,122.98,121.74,122.62,4954633
3/19/2010 16:00:00,123.06,123.15,121.1,121.98,10744286
3/22/2010 16:00:00,121.41,122.63,120.9,122.24,5651866
3/23/2010 16:00:00,122.2,123.63,121.92,123.57,5979298
3/24/2010 16:00:00,122.86,124.12,122.71,122.77,6669246
3/25/2010 16:00:00,123.56,124.87,123.34,123.45,7605394
3/26/2010 16:00:00,123.15,123.96,122.95,123.46,5550705
3/29/2010 16:00:00,123.5,124.12,122.51,122.82,4643265
3/30/2010 16:00:00,123.12,123.34,122.5,123,3426538
3/31/2010 16:00:00,122.48,122.98,121.93,122.5,4904711
4/1/2010 16:00:00,123.17,123.51,121.83,122.5,4980625
4/5/2010 16:00:00,122.62,123.98,122.39,123.55,4118884
4/6/2010 16:00:00,122.91,123.5,122.31,123.15,3926409
4/7/2010 16:00:00,122.77,123.47,122.27,122.72,5157358
4/8/2010 16:00:00,122.3,122.48,121.5,121.89,6006833
4/9/2010 16:00:00,122.15,123.09,121.42,122.99,5186516
4/12/2010 16:00:00,122.81,123.17,122.49,122.6,3994168
4/13/2010 16:00:00,122.51,123.63,122.11,123.24,6821802
4/14/2010 16:00:00,123.91,125.53,123.66,125.37,8545857
4/15/2010 16:00:00,124.68,125.26,124.35,125.02,6425399
4/16/2010 16:00:00,124.82,126.24,124.41,124.77,9549798
4/19/2010 16:00:00,124.53,126.35,124.53,126.3,11353679
4/20/2010 16:00:00,123.41,124.49,122.51,123.88,15218573
4/21/2010 16:00:00,124.05,124.43,122.74,123.21,7560015
4/22/2010 16:00:00,122.87,123.56,122.04,123.34,6018690
4/23/2010 16:00:00,123.29,124.27,122.94,124.16,6197382
4/26/2010 16:00:00,123.94,125.16,123.73,124.87,5285484
4/27/2010 16:00:00,124.08,126.08,122.94,123.04,10917510
4/28/2010 16:00:00,123.6,124.62,123.24,124.27,7123602
4/29/2010 16:00:00,124.7,125.33,124.31,124.61,5786888
4/30/2010 16:00:00,124.58,124.78,123.06,123.22,6266689
5/3/2010 16:00:00,123.59,124.31,123.03,123.79,4992019
5/4/2010 16:00:00,123.11,123.15,120.9,122.38,8285289
5/5/2010 16:00:00,121.42,122.48,121.18,121.75,6072834
5/6/2010 16:00:00,120.63,122.19,110.8,118.36,13169697
5/7/2010 16:00:00,117.83,118.81,114.62,116.63,10585340
5/10/2010 16:00:00,120.61,120.99,119.45,120.61,8464250
5/11/2010 16:00:00,119.6,122.66,119.54,121.2,6499773
5/12/2010 16:00:00,121.46,126.89,121.32,126.73,16629704
5/13/2010 16:00:00,125.06,127.13,124.98,125.58,10498358
5/14/2010 16:00:00,125.18,125.77,123.61,125.31,9920567
5/17/2010 16:00:00,124.82,125.85,122.93,124.59,8924745
5/18/2010 16:00:00,125.37,126.07,124.08,124.12,9332110
5/19/2010 16:00:00,123.57,124.65,122.09,123.08,8669840
5/20/2010 16:00:00,121.52,122.22,118.13,118.25,13178148
5/21/2010 16:00:00,116.68,119.98,115.96,119.8,12639577
5/24/2010 16:00:00,119.64,120.37,118.48,118.87,6876074
5/25/2010 16:00:00,116.02,119.35,116.02,118.94,9498873
5/26/2010 16:00:00,119.29,120.29,117.49,117.7,9085936
5/27/2010 16:00:00,119.44,120.72,119.18,120.72,7726560
5/28/2010 16:00:00,120.31,120.62,118.72,119.64,7422373
6/1/2010 16:00:00,119.1,121.19,118.63,118.77,7136082
6/2/2010 16:00:00,119.25,121.78,118.77,121.7,7705556
6/3/2010 16:00:00,122.02,122.47,120.79,122.22,6645219
6/4/2010 16:00:00,120.7,121.4,119.08,119.66,9669111
6/7/2010 16:00:00,119.94,120.22,118.56,118.56,6951325
6/8/2010 16:00:00,118.69,118.88,117.31,118.17,8399126
6/9/2010 16:00:00,119.23,120.2,118.04,118.34,7800309
6/10/2010 16:00:00,120.34,122.47,120.16,121.96,7479610
6/11/2010 16:00:00,121.05,123.03,120.77,122.69,5827093
6/14/2010 16:00:00,122.74,124.14,122.73,122.74,6753113
6/15/2010 16:00:00,123.15,124.12,122.61,123.97,6652612
6/16/2010 16:00:00,122.59,124.82,122.59,124.51,6400971
6/17/2010 16:00:00,124.24,125.16,124.04,125.11,5575129
6/18/2010 16:00:00,125.15,125.37,124.3,124.31,9581587
6/21/2010 16:00:00,125.53,126.02,124.38,124.79,6857800
6/22/2010 16:00:00,124.52,125.58,123.28,123.5,6030623
6/23/2010 16:00:00,123.45,125.58,123.3,124.28,6855741
6/24/2010 16:00:00,123.76,123.91,121.97,122.44,5565558
6/25/2010 16:00:00,122.59,123.31,121.42,121.42,10420671
6/28/2010 16:00:00,121.93,123.67,121.52,123.2,6335135
6/29/2010 16:00:00,121.64,122.64,118.55,119.48,9378799
6/30/2010 16:00:00,119.23,119.61,117.49,117.94,8017939
7/1/2010 16:00:00,118.01,118.64,116.16,117.07,9742208
7/2/2010 16:00:00,117.76,117.76,115.2,116.4,6454413
7/6/2010 16:00:00,118.04,119.04,116.69,117.92,6348708
7/7/2010 16:00:00,117.93,121.42,117.93,121.31,7090291
7/8/2010 16:00:00,121.66,122.4,121.06,122.23,5439963
7/9/2010 16:00:00,122.17,122.45,121.58,122.22,3898464
7/12/2010 16:00:00,121.66,123.05,121.46,122.9,4206871
7/13/2010 16:00:00,123.19,125.11,122.92,124.63,6687660
7/14/2010 16:00:00,123.52,125.7,123.35,124.86,6607133
7/15/2010 16:00:00,124.05,125.05,123.74,124.86,6187523
7/16/2010 16:00:00,124.13,124.31,122.12,122.29,7002854
7/19/2010 16:00:00,122.9,124.53,122.61,123.97,8388587
7/20/2010 16:00:00,117.46,120.89,117.42,120.88,16340314
7/21/2010 16:00:00,120.77,120.83,119.03,119.65,8615430
7/22/2010 16:00:00,120.66,122.05,120.4,121.75,6909088
7/23/2010 16:00:00,121.59,123.03,121.31,122.62,5077974
7/26/2010 16:00:00,122.43,122.67,121.44,122.65,4929183
7/27/2010 16:00:00,123.01,123.38,122.16,122.86,4648527
7/28/2010 16:00:00,122.9,123.55,122.15,122.67,4252631
7/29/2010 16:00:00,123.27,123.69,121.44,122.28,8997318
7/30/2010 16:00:00,121.72,123.2,121.34,122.64,6025837
8/2/2010 16:00:00,123.45,125.32,123.45,124.9,6437441
8/3/2010 16:00:00,124.2,125.16,123.53,124.52,5091953
8/4/2010 16:00:00,124.61,125.6,124.03,125.38,4573074
8/5/2010 16:00:00,124.87,126.06,124.68,125.92,4523103
8/6/2010 16:00:00,124.56,124.63,122.99,124.31,6137850
8/9/2010 16:00:00,124.93,126.41,124.55,126.08,6135341
8/10/2010 16:00:00,125.3,126.55,124.91,125.93,5471688
8/11/2010 16:00:00,124.83,124.83,123.66,124.01,6318083
8/12/2010 16:00:00,121.96,123.01,121.8,122.55,5132391
8/13/2010 16:00:00,122.22,122.7,121.62,122.14,4670519
8/16/2010 16:00:00,121.75,122.48,121.27,122.04,4009130
8/17/2010 16:00:00,123.05,124.03,122.17,122.69,4298556
8/18/2010 16:00:00,123.09,124.36,122.07,123.59,4883300
8/19/2010 16:00:00,122.9,123.78,122.28,123.12,5402547
8/20/2010 16:00:00,122.95,123.2,121.27,121.78,6246279
8/23/2010 16:00:00,121.85,122.29,120.77,120.8,4034693
8/24/2010 16:00:00,119.6,120.37,118.98,119.3,5624039
8/25/2010 16:00:00,118.98,119.97,118.44,119.65,5239579
8/26/2010 16:00:00,120.14,120.14,117.28,117.28,7748597
8/27/2010 16:00:00,118.28,119.2,116.93,119.14,6214197
8/30/2010 16:00:00,119.47,119.65,117.87,117.87,3603963
8/31/2010 16:00:00,117.78,118.43,116.8,117.61,5624125
9/1/2010 16:00:00,119.69,120.65,118.94,120.13,5624070
9/2/2010 16:00:00,120.38,120.57,119.06,119.43,5104538
9/3/2010 16:00:00,120.56,121.88,120.26,121.86,5144355
9/7/2010 16:00:00,121.3,121.65,120.24,120.3,4353927
9/8/2010 16:00:00,120.37,120.85,119.77,120.43,4486438
9/9/2010 16:00:00,121.56,121.85,120.49,120.69,3437612
9/10/2010 16:00:00,121.3,122.54,120.6,122.25,4419379
9/13/2010 16:00:00,122.86,124.17,122.76,123.8,5272370
9/14/2010 16:00:00,122.67,124.09,122.67,123.07,4851469
9/15/2010 16:00:00,122.88,124.13,122.78,123.63,4762454
9/16/2010 16:00:00,123.41,124.12,123.03,123.86,4685578
9/17/2010 16:00:00,124.09,124.74,123.88,124.35,10397659
9/20/2010 16:00:00,124.4,126.17,124.28,125.88,7214702
9/21/2010 16:00:00,125.56,126.85,124.92,126.06,5268605
9/22/2010 16:00:00,125.71,126.64,125.51,126.63,4922526
9/23/2010 16:00:00,125.53,126.83,125.34,125.77,3898904
9/24/2010 16:00:00,126.48,128.14,126.41,128.1,7122325
9/27/2010 16:00:00,127.52,128.95,127.52,128.61,6155512
9/28/2010 16:00:00,128.63,129.08,127.71,128.84,7484022
9/29/2010 16:00:00,128.37,129.72,128.32,129.41,5151624
9/30/2010 16:00:00,129.42,130.01,127.68,128.13,6432129
10/1/2010 16:00:00,129.43,130.17,129.03,129.56,5621197
10/4/2010 16:00:00,129.17,129.83,128.36,129.19,4063858
10/5/2010 16:00:00,130.07,131.72,130.02,131.49,6202496
10/6/2010 16:00:00,130.74,131.77,130.7,131.35,3804215
10/7/2010 16:00:00,131.74,132.65,131.35,132.5,6440718
10/8/2010 16:00:00,132.19,132.85,131.87,132.62,4543943
10/11/2010 16:00:00,132.57,133.67,132.42,133.4,4009658
10/12/2010 16:00:00,132.19,133.71,132.07,133.58,5639174
10/13/2010 16:00:00,133.64,135.14,133.51,134.08,8788326
10/14/2010 16:00:00,134.06,135.16,133.43,135.16,5658943
10/15/2010 16:00:00,135.73,135.73,134.24,134.74,7224057
10/18/2010 16:00:00,134.58,136.62,134.53,136.43,10341157
10/19/2010 16:00:00,131.14,133.09,130.57,131.84,14160546
10/20/2010 16:00:00,132.08,133.6,131.94,132.83,6954831
10/21/2010 16:00:00,133.54,134.19,132.19,133.56,6230393
10/22/2010 16:00:00,133.87,134.44,133.21,133.41,4105312
10/25/2010 16:00:00,134.12,135.06,133.54,133.57,4870212
10/26/2010 16:00:00,133.04,135.63,132.32,134.36,7328198
10/27/2010 16:00:00,133.26,135.22,132.77,135.09,6467113
10/28/2010 16:00:00,135.48,135.59,134.12,134.58,5482601
10/29/2010 16:00:00,134.58,137.54,134.44,137.16,8444096
11/1/2010 16:00:00,137.2,137.79,135.94,136.89,5676036
11/2/2010 16:00:00,137.4,138.22,137.27,137.39,4626496
11/3/2010 16:00:00,137.77,137.98,136.24,137.71,5182447
11/4/2010 16:00:00,138.33,140.26,138.22,140.21,6626305
11/5/2010 16:00:00,139.4,140.34,139.14,140.33,4996376
11/8/2010 16:00:00,138.83,140.01,138.74,139.89,4459904
11/9/2010 16:00:00,140.12,140.92,139.1,139.59,5701284
11/10/2010 16:00:00,139.54,140.21,139.1,139.98,5175737
11/11/2010 16:00:00,138.21,138.98,136.92,138.91,4752261
11/12/2010 16:00:00,138.11,139.23,137.11,137.3,4732937
11/15/2010 16:00:00,137.44,138.26,136.85,137.2,3828151
11/16/2010 16:00:00,136.52,136.95,134.85,135.86,6350519
11/17/2010 16:00:00,136.1,136.1,135.05,135.59,4787048
11/18/2010 16:00:00,136.63,138.49,136.35,137.89,4238874
11/19/2010 16:00:00,137.91,138.83,137.53,138.55,5015957
11/22/2010 16:00:00,137.54,138.91,137.12,138.87,3730686
11/23/2010 16:00:00,137.77,138.05,135.95,136.76,4573145
11/24/2010 16:00:00,137.5,139.87,137.37,139.27,4877219
11/26/2010 16:00:00,138.79,138.79,137.13,137.45,2081260
11/29/2010 16:00:00,137.09,137.23,135.16,136.48,5040206
11/30/2010 16:00:00,135.86,136.36,134.95,135.12,7676320
12/1/2010 16:00:00,137.17,138.62,137.08,137.94,6826974
12/2/2010 16:00:00,137.86,139.31,137.83,138.67,5375523
12/3/2010 16:00:00,137.78,139.15,137.78,138.86,3710884
12/6/2010 16:00:00,138.06,139.33,138.04,138.49,3321951
12/7/2010 16:00:00,139.47,139.74,137.42,137.56,4830430
12/8/2010 16:00:00,137.88,139.12,137.39,138.48,4962115
12/9/2010 16:00:00,139.4,139.4,137.09,137.83,4406114
12/10/2010 16:00:00,138.38,138.45,137.29,138.33,3503880
12/13/2010 16:00:00,138.63,138.88,137.74,137.81,4741876
12/14/2010 16:00:00,137.79,139.46,137.79,139.28,4804172
12/15/2010 16:00:00,138.62,139.19,137.84,138.23,4447397
12/16/2010 16:00:00,138.35,138.8,137.69,138.07,4178664
12/17/2010 16:00:00,138.2,138.98,137.93,138.5,10026946
12/20/2010 16:00:00,138.87,139.01,137.92,138.03,3994963
12/21/2010 16:00:00,138.49,139.44,137.86,139.21,3779240
12/22/2010 16:00:00,139.13,139.84,139.05,139.41,3388801
12/23/2010 16:00:00,139.35,139.77,138.81,139.35,2425301
12/27/2010 16:00:00,138.61,139.17,138.5,138.82,2314687
12/28/2010 16:00:00,138.79,139.6,138.56,139.18,2700968
12/29/2010 16:00:00,139.45,140.89,139.18,139.95,3662739
12/30/2010 16:00:00,139.8,140.51,139.69,140.09,3039004
12/31/2010 16:00:00,140.15,140.48,139.42,140.18,2969933
1/3/2011 16:00:00,140.61,141.56,140.54,140.87,4604911
1/4/2011 16:00:00,140.94,141.57,140.07,141.02,5060088
1/5/2011 16:00:00,140.73,140.87,140.15,140.46,4659195
1/6/2011 16:00:00,140.53,142.12,140.24,141.99,5032270
1/7/2011 16:00:00,142.12,142.19,140.35,141.3,4136379
1/10/2011 16:00:00,140.96,141.42,140.63,141.02,3633350
1/11/2011 16:00:00,141.56,141.7,140.17,140.68,4164771
1/12/2011 16:00:00,141.35,142.6,141.05,142.41,4091442
1/13/2011 16:00:00,142.55,142.6,141.6,142.15,3445785
1/14/2011 16:00:00,142.21,143.27,141.81,143.27,4546899
1/18/2011 16:00:00,143.1,144.67,142.68,143.9,9176829
1/19/2011 16:00:00,146.39,149.13,145.98,148.71,12143645
1/20/2011 16:00:00,147.6,148.97,147.53,148.81,7441447
1/21/2011 16:00:00,149.39,149.75,148.01,148.53,7009010
1/24/2011 16:00:00,148.45,152.63,148.37,152.47,7288661
1/25/2011 16:00:00,152.07,156.98,151.87,154.2,8262242
1/26/2011 16:00:00,154.42,154.64,153.23,153.82,5353895
1/27/2011 16:00:00,154.19,154.91,153.65,153.85,4879977
1/28/2011 16:00:00,153.83,154.66,151.56,152.07,6725708
1/31/2011 16:00:00,152.04,154.74,151.57,154.74,7197200
2/1/2011 16:00:00,154.84,156.59,154.74,156.23,5834162
2/2/2011 16:00:00,156.07,156.26,155.32,155.98,3904892
2/3/2011 16:00:00,155.84,156.84,155.51,156.2,4685095
2/4/2011 16:00:00,156.15,156.78,155.9,156.65,3755814
2/7/2011 16:00:00,156.72,157.59,156.67,157.43,4932599
2/8/2011 16:00:00,157.43,158.8,156.95,158.6,5615348
2/9/2011 16:00:00,158.19,158.53,156.74,157.27,4635303
2/10/2011 16:00:00,156.55,157.6,155.86,156.73,5737806
2/11/2011 16:00:00,156.63,157.61,155.99,156.5,5185697
2/14/2011 16:00:00,156.82,157.01,155.55,155.9,4131438
2/15/2011 16:00:00,155.59,156.24,155.23,155.54,3768703
2/16/2011 16:00:00,156.01,156.26,155.45,156.07,3221301
2/17/2011 16:00:00,155.98,157.29,155.55,156.88,3231171
2/18/2011 16:00:00,157.09,157.45,156.74,157.45,4245059
2/22/2011 16:00:00,156.24,156.9,154.53,154.69,5210857
2/23/2011 16:00:00,154.56,155.39,152.96,153,6001475
2/24/2011 16:00:00,152.47,154.04,151.9,153.56,5709476
2/25/2011 16:00:00,153.84,155.06,153.65,155,4522003
2/28/2011 16:00:00,155.08,155.68,154.01,154.62,4773936
3/1/2011 16:00:00,155.84,155.84,152.71,152.8,4383043
3/2/2011 16:00:00,152.28,153.89,152.26,152.98,3413127
3/3/2011 16:00:00,154.18,156.65,154.04,156.15,4065346
3/4/2011 16:00:00,156.07,156.94,153.45,154.57,4913666
3/7/2011 16:00:00,154.35,155.67,151.73,152.76,5318064
3/8/2011 16:00:00,152.54,156.1,152.07,155,5392122
3/9/2011 16:00:00,156.14,160.2,155.96,158.42,9084892
3/10/2011 16:00:00,157.26,157.29,154.14,154.76,7052811
3/11/2011 16:00:00,155.12,155.92,153.63,155.15,4271968
3/14/2011 16:00:00,153.93,154.72,152.91,154.15,4304870
3/15/2011 16:00:00,150.3,152.48,149.85,151.89,6485554
3/16/2011 16:00:00,149.5,149.94,144.91,146.14,12204867
3/17/2011 16:00:00,147.1,147.57,145.85,147.27,7378767
3/18/2011 16:00:00,149.48,149.91,147.4,148.9,11454323
3/21/2011 16:00:00,150.57,152.47,150.03,150.61,5784527
3/22/2011 16:00:00,151.45,151.5,150.46,150.92,4312353
3/23/2011 16:00:00,150.92,152.9,150.47,152.38,4783305
3/24/2011 16:00:00,153.05,153.5,151.72,152.86,5150081
3/25/2011 16:00:00,153.76,155.44,153.55,154.91,5351526
3/28/2011 16:00:00,154.3,155.29,153.9,154.13,3973680
3/29/2011 16:00:00,154.11,155.78,153.92,155.58,3460830
3/30/2011 16:00:00,156.22,156.64,155.71,156.26,3396852
3/31/2011 16:00:00,156.07,156.7,155.76,155.76,3862368
4/1/2011 16:00:00,156.36,157.05,155.73,156.9,4388206
4/4/2011 16:00:00,157.05,157.34,156.25,156.89,3226474
4/5/2011 16:00:00,156.47,157.32,156.28,156.64,3616188
4/6/2011 16:00:00,156.97,157.36,156.47,156.69,3776524
4/7/2011 16:00:00,156.74,157.17,155.96,157.01,3670064
4/8/2011 16:00:00,156.98,157.01,155.84,156.69,3326158
4/11/2011 16:00:00,156.11,156.65,155.8,156.6,4141248
4/12/2011 16:00:00,156.04,156.43,155.02,155.93,3863367
4/13/2011 16:00:00,156.62,157.54,156.32,156.6,4185429
4/14/2011 16:00:00,156.49,157.95,155.84,157.57,4702262
4/15/2011 16:00:00,157.6,158.88,157.48,158.76,5291077
4/18/2011 16:00:00,157.26,158.71,155.56,158.5,6164069
4/19/2011 16:00:00,158.28,158.92,157.07,157.98,6597435
4/20/2011 16:00:00,155.79,158.45,154.92,157.36,10901117
4/21/2011 16:00:00,158.2,160.9,157.47,160.73,6171786
4/25/2011 16:00:00,160.13,161.2,159.73,160.15,3584142
4/26/2011 16:00:00,160.46,161.61,159.89,160.94,7267376
4/27/2011 16:00:00,161.05,162.94,160.91,162.73,5299720
4/28/2011 16:00:00,162.37,163.7,162.09,163.12,5090377
4/29/2011 16:00:00,163.43,165.24,162.84,162.93,5588010
5/2/2011 16:00:00,164.39,165.76,163.8,164.43,5397951
5/3/2011 16:00:00,164.29,165.7,163.55,165.12,5009923
5/4/2011 16:00:00,164.63,164.88,161.99,162.97,6894585
5/5/2011 16:00:00,162.83,163.21,159.99,160.91,7338670
5/6/2011 16:00:00,161.45,162.52,160.7,161.32,4839438
5/9/2011 16:00:00,160.84,162.23,160.76,161.52,3591728
5/10/2011 16:00:00,161.66,163.24,161.63,162.74,4936698
5/11/2011 16:00:00,162.66,162.87,160.3,161.9,4665303
5/12/2011 16:00:00,162.04,165.02,161.09,164.52,5142809
5/13/2011 16:00:00,164,164.43,161.84,162.3,5168995
5/16/2011 16:00:00,162.2,162.99,160.76,161.29,4662973
5/17/2011 16:00:00,160.32,163.72,159.06,162.86,8793885
5/18/2011 16:00:00,162.47,163.51,161.86,162.8,4157195
5/19/2011 16:00:00,163.2,163.72,161.73,162.94,3540005
5/20/2011 16:00:00,162.76,163.48,161.79,162.53,4873602
5/23/2011 16:00:00,161.02,161.13,159.58,160.72,5150032
5/24/2011 16:00:00,160.95,161.11,160,160.46,4643753
5/25/2011 16:00:00,160.11,160.85,160,160.23,3884049
5/26/2011 16:00:00,159.95,159.99,158.46,159.68,5775929
5/27/2011 16:00:00,160.38,160.92,159.51,159.99,3277507
5/31/2011 16:00:00,160.89,162.27,160.3,161.36,9130673
6/1/2011 16:00:00,161.33,161.98,159.03,159.09,5134779
6/2/2011 16:00:00,158.98,159.61,158.28,158.64,3854020
6/3/2011 16:00:00,156.93,158.45,156.77,157.65,5230500
6/6/2011 16:00:00,157.37,158.16,156.9,157.36,3619681
6/7/2011 16:00:00,157.71,157.83,156.27,156.35,4189497
6/8/2011 16:00:00,155.95,157.46,155.94,156.97,3850732
6/9/2011 16:00:00,157.61,158.52,157.37,157.45,4299799
6/10/2011 16:00:00,157.19,157.45,155.57,155.86,4686370
6/13/2011 16:00:00,157.07,157.09,155.43,155.85,5099508
6/14/2011 16:00:00,156.52,157.19,156.31,156.76,7050074
6/15/2011 16:00:00,155.45,156.08,154.28,155.05,5225995
6/16/2011 16:00:00,154.79,156.29,154.53,155.38,4861065
6/17/2011 16:00:00,156.88,157.7,156.25,157.07,7153383
6/20/2011 16:00:00,156.36,158.18,156.26,157.62,3956099
6/21/2011 16:00:00,157.79,159.27,156.65,158.77,5388285
6/22/2011 16:00:00,158.17,159.33,157.7,158.25,3963254
6/23/2011 16:00:00,156.7,159.25,156.46,158.67,5271671
6/24/2011 16:00:00,158.41,158.5,157.19,157.67,4405237
6/27/2011 16:00:00,158.31,160.7,157.8,160.1,4446954
6/28/2011 16:00:00,160.78,163.05,160.48,162.39,4850127
6/29/2011 16:00:00,162.96,163.2,162.21,162.89,3817296
6/30/2011 16:00:00,163.44,164.71,163.09,163.86,5105362
7/1/2011 16:00:00,163.92,166.82,163.8,166.71,5181660
7/5/2011 16:00:00,165.74,167.57,165.74,167.56,4586423
7/6/2011 16:00:00,167.34,169.8,167.24,169.74,5887048
7/7/2011 16:00:00,168.85,169.32,168.22,168.57,5907150
7/8/2011 16:00:00,167.62,168.58,167.16,168.58,4400429
7/11/2011 16:00:00,167.06,168.25,166.78,167.14,4766847
7/12/2011 16:00:00,167.09,167.51,166.09,166.25,5036955
7/13/2011 16:00:00,167.06,168.41,166.2,166.5,4074888
7/14/2011 16:00:00,166.58,168.2,166.05,166.42,4613459
7/15/2011 16:00:00,167.23,168.05,166.27,167.67,5350142
7/18/2011 16:00:00,166.9,168.55,165.8,167.42,8879640
7/19/2011 16:00:00,170.73,176.91,170.64,176.91,13248767
7/20/2011 16:00:00,175.6,176.15,174.8,175.42,5902862
7/21/2011 16:00:00,175.36,177.18,174.7,176.61,4959316
7/22/2011 16:00:00,176.36,177.31,176,176.88,4517396
7/25/2011 16:00:00,175.65,176.67,175.06,175.46,4988243
7/26/2011 16:00:00,174.74,175.8,174.46,174.73,4356291
7/27/2011 16:00:00,173.85,174.71,172.82,173.22,5806806
7/28/2011 16:00:00,172.94,175.05,172.77,173.65,4478779
7/29/2011 16:00:00,172.18,175.21,171.67,173.7,6667438
8/1/2011 16:00:00,174.41,175.45,170.5,172.65,5845944
8/2/2011 16:00:00,171.88,174.12,169.89,170.07,5770372
8/3/2011 16:00:00,169.7,171.19,167.55,170.81,6724029
8/4/2011 16:00:00,168.59,169.94,163.5,163.79,11023189
8/5/2011 16:00:00,164.38,166.41,159.05,165.22,11872201
8/8/2011 16:00:00,161.26,164.87,158.56,158.77,15805887
8/9/2011 16:00:00,159.95,163.38,154.74,162.96,12517923
8/10/2011 16:00:00,160.64,161.64,154.59,155.25,13994800
8/11/2011 16:00:00,156.74,161.2,155.63,159.25,9176528
8/12/2011 16:00:00,160.95,161.79,158.39,160.66,5063730
8/15/2011 16:00:00,163.64,166.2,162.75,165.23,7645358
8/16/2011 16:00:00,164.47,164.47,161.42,163.56,5585496
8/17/2011 16:00:00,163.88,165.23,162.27,163.79,5071177
8/18/2011 16:00:00,158.86,159,152.98,156.48,15083690
8/19/2011 16:00:00,154.9,156.59,150.08,150.48,14072336
8/22/2011 16:00:00,154.12,154.43,150.55,151.85,7253910
8/23/2011 16:00:00,153.45,157.21,152.38,156.95,6924129
8/24/2011 16:00:00,156.77,159.35,156.03,159.28,6427240
8/25/2011 16:00:00,160.01,160.97,157.46,158.16,6759181
8/26/2011 16:00:00,157.46,161.74,155.96,161.56,6438785
8/29/2011 16:00:00,162.93,164.98,162.72,164.88,5294197
8/30/2011 16:00:00,164.35,165.73,163.22,164.78,4478665
8/31/2011 16:00:00,165.52,165.93,163.06,164.2,6074660
9/1/2011 16:00:00,164.97,165.89,162.49,162.69,5463880
9/2/2011 16:00:00,160.17,161.36,158.56,159.49,4979011
9/6/2011 16:00:00,155.75,158.13,154.93,157.71,5761373
9/7/2011 16:00:00,159.78,160.37,158.71,159.81,6798585
9/8/2011 16:00:00,159.51,161.98,157.7,157.84,6028321
9/9/2011 16:00:00,157.19,157.78,153.6,154.13,6743810
9/12/2011 16:00:00,152.86,155.16,151.64,155.14,5247581
9/13/2011 16:00:00,156.3,156.57,154.3,156.1,4723740
9/14/2011 16:00:00,156.66,162.05,154.73,159.74,6981043
9/15/2011 16:00:00,161.08,162.53,159.73,162.46,5464433
9/16/2011 16:00:00,163.65,165.23,162.13,165.23,11049058
9/19/2011 16:00:00,161.9,166.07,161.83,165.37,4757407
9/20/2011 16:00:00,165.79,169.47,164.96,166.89,6209893
9/21/2011 16:00:00,167.15,169.7,164.88,165.26,7043250
9/22/2011 16:00:00,160.78,162.35,159.03,161.06,8195806
9/23/2011 16:00:00,159.5,161.94,158.33,161.75,5586589
9/26/2011 16:00:00,163.29,166.87,162.24,166.69,6745650
9/27/2011 16:00:00,168.89,171.57,168.52,169.74,7640243
9/28/2011 16:00:00,169.99,172.65,169.14,169.59,7732274
9/29/2011 16:00:00,171.63,172.8,167.66,171.14,6944293
9/30/2011 16:00:00,168.12,170.28,166.91,167.03,7851584
10/3/2011 16:00:00,166.54,169.94,165.28,165.52,9043214
10/4/2011 16:00:00,163.85,167.22,161.31,166.91,9175346
10/5/2011 16:00:00,166.74,169.35,164.94,168.92,5851856
10/6/2011 16:00:00,168.88,173.83,167.78,173.54,7181124
10/7/2011 16:00:00,174.15,175.48,173.5,174.21,6842567
10/10/2011 16:00:00,174.8,178.26,174.7,178.25,5786341
10/11/2011 16:00:00,176.31,177.66,175.86,176.71,5330581
10/12/2011 16:00:00,177.74,179.57,177.33,177.78,5338149
10/13/2011 16:00:00,176.68,179.09,176.23,178.44,4399267
10/14/2011 16:00:00,179.75,181.99,179.31,181.99,5368616
10/17/2011 16:00:00,181.2,181.63,177.56,178.22,8790278
10/18/2011 16:00:00,170.02,171.34,168.35,170.88,15729689
10/19/2011 16:00:00,171.62,171.75,169.07,169.44,6708371
10/20/2011 16:00:00,170.14,171.2,168.27,169.3,7514283
10/21/2011 16:00:00,171.08,173.52,170.74,173.49,8055801
10/24/2011 16:00:00,173.37,175.17,172.52,174.08,5891258
10/25/2011 16:00:00,173.52,174.77,171.94,172.27,5374054
10/26/2011 16:00:00,173.59,174.11,171,173.81,5387883
10/27/2011 16:00:00,176.7,178.62,174.97,177.99,7057876
10/28/2011 16:00:00,177.25,179.64,176.97,179.05,5009820
10/31/2011 16:00:00,177.27,178.53,176.35,176.35,4709968
11/1/2011 16:00:00,173.41,175.04,172.64,173.22,5883336
11/2/2011 16:00:00,175.75,176.94,174.82,175.67,4136703
11/3/2011 16:00:00,176.83,179.36,175.77,178.9,4953637
11/4/2011 16:00:00,177.92,178.75,176.46,178.02,3237874
11/7/2011 16:00:00,177.87,179.31,176.47,178.92,3531095
11/8/2011 16:00:00,179.07,179.46,177.19,178.85,4331568
11/9/2011 16:00:00,175.94,176.93,173.04,174.07,5495014
11/10/2011 16:00:00,175.35,176.49,173.72,175.13,3881958
11/11/2011 16:00:00,176.96,179.41,176.84,178.98,3665309
11/14/2011 16:00:00,180.69,181.33,178.47,178.95,6047079
11/15/2011 16:00:00,179.08,181.45,177.32,180.29,4585232
11/16/2011 16:00:00,179.4,181.39,177.95,178.25,4619536
11/17/2011 16:00:00,178.43,180.36,175.17,177.4,5840520
11/18/2011 16:00:00,178.34,178.59,176.38,176.93,4441334
11/21/2011 16:00:00,175.15,175.71,171.93,173.34,5145072
11/22/2011 16:00:00,174.05,174.78,172.21,173.18,4179063
11/23/2011 16:00:00,172.57,173.35,169.56,169.97,4802040
11/25/2011 16:00:00,170.03,171.51,169.12,169.12,2232713
11/28/2011 16:00:00,174.52,174.73,172.57,174.04,4524289
11/29/2011 16:00:00,173.86,175.09,172.73,172.83,3662066
11/30/2011 16:00:00,176.29,179.91,175.95,179.57,7836882
12/1/2011 16:00:00,178.63,181.47,178.4,180.96,4862618
12/2/2011 16:00:00,181.4,182.75,180.96,181.16,4962414
12/5/2011 16:00:00,182.61,184.93,181.84,182.28,5699392
12/6/2011 16:00:00,182.1,184.85,181.79,184.29,4145053
12/7/2011 16:00:00,183.38,186.16,182.7,185.35,5083228
12/8/2011 16:00:00,183.85,185.11,182.5,182.99,4369089
12/9/2011 16:00:00,184.26,186.13,183.77,185.84,4848770
12/12/2011 16:00:00,184.96,185.21,182.65,183.56,3797497
12/13/2011 16:00:00,184.79,185.59,182.09,182.58,5009540
12/14/2011 16:00:00,181.33,181.75,179.57,180.26,5058143
12/15/2011 16:00:00,181.94,182.63,178.51,179.07,4475149
12/16/2011 16:00:00,179.58,179.58,173.75,175.34,11849737
12/19/2011 16:00:00,176.24,176.41,174.08,174.69,5039846
12/20/2011 16:00:00,177.18,178.93,176.47,178.84,4742825
12/21/2011 16:00:00,175.01,175.27,171.01,173.33,9284370
12/22/2011 16:00:00,174.52,174.6,172.88,173.88,5052410
12/23/2011 16:00:00,174.9,176.56,173.73,176.47,3052791
12/27/2011 16:00:00,176.68,177.52,176.12,176.66,2775314
12/28/2011 16:00:00,176.89,177.09,175.12,175.74,2873438
12/29/2011 16:00:00,175.82,177.88,175.76,177.83,2941990
12/30/2011 16:00:00,177.98,178.12,175.61,175.64,3531804
1/3/2012 16:00:00,178.36,180.25,177.66,177.95,5645999
1/4/2012 16:00:00,177.25,177.98,176.65,177.22,4346651
1/5/2012 16:00:00,176.52,176.73,174.89,176.38,4463267
1/6/2012 16:00:00,176.12,176.21,174.14,174.36,4897057
1/9/2012 16:00:00,174.03,174.1,172.19,173.45,5201266
1/10/2012 16:00:00,175.01,175.48,173.08,173.18,5161696
1/11/2012 16:00:00,172.63,174.61,172.41,174.15,4110952
1/12/2012 16:00:00,173.71,173.75,170.38,172.45,6880962
1/13/2012 16:00:00,171.43,171.56,169.4,171.13,5279348
1/17/2012 16:00:00,172.27,173.84,171.28,171.93,6003399
1/18/2012 16:00:00,171.77,173.46,171.45,172.95,4601271
1/19/2012 16:00:00,173.64,174.18,172.26,172.43,8575901
1/20/2012 16:00:00,177.44,180.5,176.47,180.07,12850227
1/23/2012 16:00:00,179.48,181.98,179.26,181.46,5751748
1/24/2012 16:00:00,180.17,183.68,180.07,183.32,5349750
1/25/2012 16:00:00,182.75,183.62,181.11,183.13,4360603
1/26/2012 16:00:00,183.19,184.15,181.93,182.42,4004615
1/27/2012 16:00:00,181.49,183.17,181.3,181.92,3360521
1/30/2012 16:00:00,180.9,184.09,179.78,183.87,4359045
1/31/2012 16:00:00,184.43,184.44,182.44,183.96,4827924
2/1/2012 16:00:00,184.55,186.08,183.78,183.98,5089251
2/2/2012 16:00:00,184.08,184.66,182.75,182.94,3907360
2/3/2012 16:00:00,184.28,185.43,183.91,184.96,4521636
2/6/2012 16:00:00,183.85,185.07,183.39,184.17,3639807
2/7/2012 16:00:00,183.82,185.44,183.36,184.68,3432953
2/8/2012 16:00:00,184.14,184.9,183.13,184.3,3804288
2/9/2012 16:00:00,184.38,185.74,183.92,184.47,3876530
2/10/2012 16:00:00,183.16,183.8,182.7,183.79,3391177
2/13/2012 16:00:00,184.64,185.01,183.14,183.98,2458889
2/14/2012 16:00:00,183.16,183.96,182.27,183.6,3398364
2/15/2012 16:00:00,183.69,184.77,182.68,183.63,4021139
2/16/2012 16:00:00,183.97,184.59,183.39,184.37,3525728
2/17/2012 16:00:00,185.02,185.17,183.68,184.75,3746679
2/21/2012 16:00:00,185.04,185.53,183.83,184.72,3294073
2/22/2012 16:00:00,184.38,186.01,184.11,185.18,3276029
2/23/2012 16:00:00,185.18,190.3,184.61,188.75,8034535
2/24/2012 16:00:00,189.49,189.66,187.79,188.89,3353242
2/27/2012 16:00:00,187.96,189.8,187.31,188.67,3758585
2/28/2012 16:00:00,188.88,190.04,188.58,189.1,3167481
2/29/2012 16:00:00,188.99,190.24,187.64,187.91,5120543
3/1/2012 16:00:00,188.39,189.57,188.1,188.67,3560706
3/2/2012 16:00:00,188.26,189.97,188.22,189.9,3727970
3/5/2012 16:00:00,189.47,192.17,189.41,191.66,6938659
3/6/2012 16:00:00,190.21,190.69,187.99,188.42,5215871
3/7/2012 16:00:00,189.21,189.67,188.46,188.9,3346878
3/8/2012 16:00:00,190.31,191.02,189.74,190.85,3145893
3/9/2012 16:00:00,191.01,192.08,190.77,191.63,3178143
3/12/2012 16:00:00,191.92,192.53,191.25,191.99,3119666
3/13/2012 16:00:00,192.68,194.76,192.57,194.64,4864835
3/14/2012 16:00:00,194.64,195.95,194.51,195.54,4602609
3/15/2012 16:00:00,195.75,196.94,195.56,196.76,3621170
3/16/2012 16:00:00,197.75,198.22,196.77,196.77,9638129
3/19/2012 16:00:00,196.49,197.27,195.33,196.5,3763177
3/20/2012 16:00:00,195.56,195.81,194.57,195.09,3695026
3/21/2012 16:00:00,195.16,196.54,195.14,195.51,3330241
3/22/2012 16:00:00,194.85,196.75,194.82,196.28,3308534
3/23/2012 16:00:00,196.66,196.73,195.39,196.27,3036189
3/26/2012 16:00:00,197.19,198.6,197.07,198.45,3418255
3/27/2012 16:00:00,199.11,199.3,197.72,197.89,2705065
3/28/2012 16:00:00,198.14,199.33,197.02,198,3265696
3/29/2012 16:00:00,196.85,199.15,196.78,198.93,3403665
3/30/2012 16:00:00,199.38,199.74,198.69,199.29,3217344
4/2/2012 16:00:00,199.59,200.29,198.76,200.08,3388035
4/3/2012 16:00:00,199.93,201.24,199.19,200.11,4091491
4/4/2012 16:00:00,196.97,197.7,195.99,196.81,4404078
4/5/2012 16:00:00,195.95,196.46,195.29,196.26,3809119
4/9/2012 16:00:00,195.24,196.93,194.25,195.75,3326810
4/10/2012 16:00:00,195.75,196.52,193.11,193.26,4132997
4/11/2012 16:00:00,194.84,195.16,193.38,193.5,3367363
4/12/2012 16:00:00,193.71,196.34,193.55,196.11,2929585
4/13/2012 16:00:00,195.16,195.47,193.71,193.71,3768117
4/16/2012 16:00:00,195.56,196.74,193.63,193.63,3827191
4/17/2012 16:00:00,195.4,198.33,195,198.15,6073651
4/18/2012 16:00:00,193.35,194.92,191.03,191.16,10155310
4/19/2012 16:00:00,191.06,192.24,188.66,190.56,5763201
4/20/2012 16:00:00,190.87,191.15,190.16,190.65,4758663
4/23/2012 16:00:00,189.02,190.17,187.97,189.71,3618928
4/24/2012 16:00:00,190.13,193.4,189.95,191.03,5631646
4/25/2012 16:00:00,192.96,194.56,192.75,194.44,4003311
4/26/2012 16:00:00,194.28,196.96,194.28,196.36,3304328
4/27/2012 16:00:00,197.21,198.84,196.68,197.54,3311119
4/30/2012 16:00:00,197.44,198.64,197.07,197.8,2773199
5/1/2012 16:00:00,197.89,199.56,197.44,198.67,2715870
5/2/2012 16:00:00,197.69,198.93,197.63,198.73,2360257
5/3/2012 16:00:00,198.93,199.55,197.29,197.95,2826568
5/4/2012 16:00:00,197.21,197.82,195.24,195.8,4024251
5/7/2012 16:00:00,194.82,195.59,193.8,194.61,3375923
5/8/2012 16:00:00,193.36,193.96,190.76,192.45,3881592
5/9/2012 16:00:00,191.02,193.9,190.13,192.21,3743290
5/10/2012 16:00:00,191.99,194.14,191.05,191.61,3831076
5/11/2012 16:00:00,190.99,193.06,190.99,192.15,2391580
5/14/2012 16:00:00,190.96,191.71,189.66,190.5,3029639
5/15/2012 16:00:00,190.5,192.43,189.85,190.12,2987339
5/16/2012 16:00:00,190.48,192.32,189.29,190.77,5001087
5/17/2012 16:00:00,190.72,191.79,188.78,189.02,5627456
5/18/2012 16:00:00,189.87,189.87,186.41,187.1,5737095
5/21/2012 16:00:00,187.19,189.06,185.9,188.89,3831863
5/22/2012 16:00:00,189.16,189.37,187.27,188,3567786
5/23/2012 16:00:00,186.76,187.68,184.54,187.33,4066664
5/24/2012 16:00:00,187.2,187.48,185.3,187.3,3569476
5/25/2012 16:00:00,186.36,187.21,185.3,185.59,2903063
5/29/2012 16:00:00,186.47,189.2,186.47,187.65,3618533
5/30/2012 16:00:00,186.07,186.71,185.08,185.81,3602417
5/31/2012 16:00:00,185.4,186.19,183.39,184.25,9290067
6/1/2012 16:00:00,181.6,183.12,180.14,180.6,5206323
6/4/2012 16:00:00,179.9,180.89,178.62,180.09,4625073
6/5/2012 16:00:00,179.49,181.34,179.15,180.72,3556762
6/6/2012 16:00:00,182.23,185.3,181.5,185.29,3645267
6/7/2012 16:00:00,186.52,187.05,185.24,185.72,3701066
6/8/2012 16:00:00,185.02,186.39,184.06,186.39,2476647
6/11/2012 16:00:00,187.79,187.88,183.74,183.88,3273511
6/12/2012 16:00:00,183.53,185.94,183.53,185.83,3023630
6/13/2012 16:00:00,185.65,186.44,183.72,184.44,3247653
6/14/2012 16:00:00,184.35,187.05,184.1,186.35,3584945
6/15/2012 16:00:00,187.29,190.34,186.64,190.17,6390633
6/18/2012 16:00:00,188.71,190.69,188.33,189.4,3378912
6/19/2012 16:00:00,189.92,191.02,189.89,190.01,3297517
6/20/2012 16:00:00,189.79,190.78,188.64,189.87,3378824
6/21/2012 16:00:00,190.14,190.51,184.53,184.72,4316544
6/22/2012 16:00:00,185.18,186.14,184.56,185.02,8833353
6/25/2012 16:00:00,183.85,184.72,183.09,184.21,3211529
6/26/2012 16:00:00,184.86,185,182.2,183.34,3436150
6/27/2012 16:00:00,183.53,185.02,182.34,184.35,2762612
6/28/2012 16:00:00,182.66,183.47,180.43,182.82,3967265
6/29/2012 16:00:00,185.83,187.03,183.78,186.81,5262273
7/2/2012 16:00:00,187.56,188.36,186.11,187.05,2831680
7/3/2012 16:00:00,186.7,187.54,186.17,187.15,1451425
7/5/2012 16:00:00,186.14,188.02,184.95,186.53,2690781
7/6/2012 16:00:00,185.23,185.24,181.23,182.83,4952950
7/9/2012 16:00:00,182.21,182.44,179.62,181.17,3988256
7/10/2012 16:00:00,181.77,182.57,177.28,177.91,4690312
7/11/2012 16:00:00,177.87,178.96,175.28,176.94,5456169
7/12/2012 16:00:00,175.99,176.12,173.7,174.88,4931203
7/13/2012 16:00:00,175.23,177.98,174.82,177.67,3933365
7/16/2012 16:00:00,177.26,177.76,176.3,176.5,3144328
7/17/2012 16:00:00,177.4,177.94,174.99,175.42,5159538
7/18/2012 16:00:00,175.89,180.13,175.32,179.81,8019423
7/19/2012 16:00:00,184.73,188.02,184.32,186.58,10396143
7/20/2012 16:00:00,185.39,186.16,183.55,183.82,4789672
7/23/2012 16:00:00,181.27,182.72,179.76,182.27,3905145
7/24/2012 16:00:00,182.36,182.74,180.11,181.81,3597193
7/25/2012 16:00:00,181.78,184.13,180.83,182.51,3833753
7/26/2012 16:00:00,184.81,186.21,183.94,185.25,3284332
7/27/2012 16:00:00,186.35,188.56,185.25,187.58,4177285
7/30/2012 16:00:00,187.52,188.97,187.14,187.86,2787953
7/31/2012 16:00:00,187.69,188.72,187.1,187.19,3507163
8/1/2012 16:00:00,188.13,188.98,185.99,186.43,2559365
8/2/2012 16:00:00,185.45,187.79,184.37,185.73,2812511
8/3/2012 16:00:00,187.67,190.03,187.36,189.62,3278231
8/6/2012 16:00:00,189.85,190.98,189.62,189.85,2337738
8/7/2012 16:00:00,190.49,191.87,189.89,190.97,3209644
8/8/2012 16:00:00,189.38,190.74,189.28,190.11,2068250
8/9/2012 16:00:00,189.71,190.52,189.02,189.52,2160095
8/10/2012 16:00:00,189,190.43,188.4,190.35,2600724
8/13/2012 16:00:00,189.96,191.01,188.92,190.09,2418289
8/14/2012 16:00:00,189.96,190.39,188.86,189.4,2562255
8/15/2012 16:00:00,189.98,190.39,189.05,189.5,2111828
8/16/2012 16:00:00,189.86,192.3,189.24,191.84,2729453
8/17/2012 16:00:00,192.06,192.94,191.66,192.2,2551732
8/20/2012 16:00:00,191.69,192.11,191.06,191.51,2335987
8/21/2012 16:00:00,191.98,191.99,189.48,189.74,3111357
8/22/2012 16:00:00,189.73,189.74,188.08,188.41,3296070
8/23/2012 16:00:00,188.21,188.52,186.68,186.93,2758497
8/24/2012 16:00:00,186.22,189.23,185.49,188.9,2639463
8/27/2012 16:00:00,189.08,189.41,186.84,186.92,2498722
8/28/2012 16:00:00,186.79,187.32,185.78,186.13,2539110
8/29/2012 16:00:00,186.38,187.25,186.16,186.33,2141398
8/30/2012 16:00:00,186.04,186.71,184.52,184.7,2740995
8/31/2012 16:00:00,185.6,187.16,184.79,186.11,3193352
9/4/2012 16:00:00,187.79,188.33,184.59,185.82,4514860
9/5/2012 16:00:00,185.69,187.07,185.2,186.3,3312634
9/6/2012 16:00:00,187.46,190.52,187.32,190.17,3931624
9/7/2012 16:00:00,190.19,190.56,189.2,190.56,3414148
9/10/2012 16:00:00,190.45,192.77,189.82,191.94,4208243
9/11/2012 16:00:00,191.56,194.34,191.52,194.16,3910647
9/12/2012 16:00:00,194.39,195.47,193.86,194.63,3283950
9/13/2012 16:00:00,195.22,197.54,194.34,197.11,3880489
9/14/2012 16:00:00,196.99,198.34,196.81,197.54,4057758
9/17/2012 16:00:00,196.33,198.66,196.33,197.86,3276074
9/18/2012 16:00:00,197.6,198.56,197.22,197.79,2476249
9/19/2012 16:00:00,198.24,198.26,196.77,197.17,2605577
9/20/2012 16:00:00,196.62,197.71,196.1,196.94,3740487
9/21/2012 16:00:00,198.06,198.62,196.69,196.74,12772715
9/24/2012 16:00:00,195.83,196.82,195.71,196.09,3511197
9/25/2012 16:00:00,196.38,198.02,195.76,195.79,3346760
9/26/2012 16:00:00,195.86,196.74,194.76,194.85,3423397
9/27/2012 16:00:00,195.21,197.62,194.99,196.68,2771977
9/28/2012 16:00:00,196.44,198.98,196.1,198.15,4910277
10/1/2012 16:00:00,198.68,202.26,198.62,201.03,5457453
10/2/2012 16:00:00,201.5,201.99,199.15,200.43,3320927
10/3/2012 16:00:00,200.53,201.83,199.92,201.07,3192215
10/4/2012 16:00:00,200.85,201.51,199.18,200.96,2957540
10/5/2012 16:00:00,201.68,202.29,200.64,201.15,2858352
10/8/2012 16:00:00,200.6,201.2,199.83,200.41,1982625
10/9/2012 16:00:00,200.54,201.29,198.39,198.66,3580564
10/10/2012 16:00:00,198.5,198.89,195.86,196.59,4025281
10/11/2012 16:00:00,197.31,197.98,196.41,196.53,2910149
10/12/2012 16:00:00,196.42,198.64,196.34,198.48,2711979
10/15/2012 16:00:00,199.51,200.01,198.5,199.56,3062956
10/16/2012 16:00:00,200.53,201.54,200.08,201.54,5632183
10/17/2012 16:00:00,192.19,194.29,189.65,191.63,12675634
10/18/2012 16:00:00,190.95,191.17,185.37,186.22,9296561
10/19/2012 16:00:00,186.53,187.29,184.52,184.69,6621563
10/22/2012 16:00:00,185.02,185.95,183.81,185.68,4404728
10/23/2012 16:00:00,184.85,185.3,182.38,182.68,4427470
10/24/2012 16:00:00,183.81,184.62,182.02,182.17,3738227
10/25/2012 16:00:00,182.83,183.81,182.16,183.01,3250670
10/26/2012 16:00:00,182.9,185.18,182.89,184.6,4006523
10/31/2012 16:00:00,186.07,187.6,184.95,185.81,6052235
11/1/2012 16:00:00,185.95,189.02,185.83,188.31,3758833
11/2/2012 16:00:00,188.67,189.12,184.62,184.76,4260781
11/5/2012 16:00:00,183.74,186.23,183.4,185.44,2736431
11/6/2012 16:00:00,186.51,187.93,185.95,186.32,3281085
11/7/2012 16:00:00,184.69,185,182.59,182.59,4746744
11/8/2012 16:00:00,182.82,183.21,181.57,181.58,3542464
11/9/2012 16:00:00,181.34,183.05,180.41,181.14,3671517
11/12/2012 16:00:00,181.51,182.22,179,180.76,3067509
11/13/2012 16:00:00,179.94,182.32,179.81,179.88,3407573
11/14/2012 16:00:00,180.66,180.78,176.97,177.19,4404535
11/15/2012 16:00:00,177.5,178.81,176.5,177.52,3412016
11/16/2012 16:00:00,177.98,179.15,176.8,178.56,4660780
11/19/2012 16:00:00,180.16,181.85,179.86,181.82,3588996
11/20/2012 16:00:00,181.37,181.59,179.81,180.72,3170318
11/21/2012 16:00:00,180.81,182.33,180.48,181.76,5189519
11/23/2012 16:00:00,182.44,184.81,182.25,184.81,3877583
11/26/2012 16:00:00,183.82,184.7,183.17,184.23,5211360
11/27/2012 16:00:00,183.47,184.39,182.44,182.66,3291094
11/28/2012 16:00:00,182.42,183.43,180.78,183.37,3603596
11/29/2012 16:00:00,184.11,184.25,181.67,182.94,4077834
11/30/2012 16:00:00,183.15,183.39,181,181.55,4936587
12/3/2012 16:00:00,182.21,182.72,179.91,180.98,3349685
12/4/2012 16:00:00,181.2,182.2,180.55,180.87,3990733
12/5/2012 16:00:00,180.54,180.97,178.56,180.19,4202974
12/6/2012 16:00:00,180.69,181.65,179.96,181.19,3216900
12/7/2012 16:00:00,181.61,183.58,181.59,183.34,4091940
12/10/2012 16:00:00,183.55,184.86,183.06,183.98,3438406
12/11/2012 16:00:00,184.52,186.07,184.49,185.49,4143997
12/12/2012 16:00:00,185.87,186.02,183.83,184.3,4241964
12/13/2012 16:00:00,183.56,184.39,182.79,183.38,3623185
12/14/2012 16:00:00,183.1,184.73,182.68,183.16,3826833
12/17/2012 16:00:00,183.16,185.22,183.16,184.94,3792450
12/18/2012 16:00:00,185.16,187.14,185.15,186.92,4125879
12/19/2012 16:00:00,186.7,187.64,186.26,186.33,4270591
12/20/2012 16:00:00,185.75,186.21,184.5,186.04,4184552
12/21/2012 16:00:00,184.44,185.78,182.98,184.75,8226623
12/24/2012 16:00:00,184.39,185.14,183.41,183.77,1631202
12/26/2012 16:00:00,183.59,184.85,182.39,183.34,2776550
12/27/2012 16:00:00,182.94,184.61,182.15,184.07,3967531
12/28/2012 16:00:00,182.54,183.6,181.32,181.32,3539396
12/31/2012 16:00:00,180.75,183.09,180.37,182.96,4685773
1/2/2013 16:00:00,185.39,187.55,185.11,187.55,4234226
1/3/2013 16:00:00,186.9,187.49,185.72,186.51,3645161
1/4/2013 16:00:00,185.48,185.74,184.14,185.29,3380159
1/7/2013 16:00:00,184.73,185.09,183.72,184.48,2862276
1/8/2013 16:00:00,184.27,184.63,183.01,184.22,3028071
1/9/2013 16:00:00,184.81,184.81,183.06,183.7,3212230
1/10/2013 16:00:00,184.01,184.31,182.7,184.23,3608049
1/11/2013 16:00:00,185.45,186.26,184.25,185.73,3880667
1/14/2013 16:00:00,184.17,184.61,183.15,183.98,4174712
1/15/2013 16:00:00,182.73,184.09,181.85,183.87,4172034
1/16/2013 16:00:00,183.39,184.52,182.77,183.96,2963020
1/17/2013 16:00:00,185.16,185.74,184.58,184.97,3893754
1/18/2013 16:00:00,185.33,186.26,185.11,185.75,4560073
1/22/2013 16:00:00,185.65,187.29,185.31,187.29,7172283
1/23/2013 16:00:00,194.38,199.23,194.24,195.54,12531796
1/24/2013 16:00:00,194.77,195.87,193.97,195.25,4447452
1/25/2013 16:00:00,195.28,195.98,194.98,195.78,3359187
1/28/2013 16:00:00,195.67,196.97,195.13,195.74,2823715
1/29/2013 16:00:00,195.18,196.51,194.51,194.76,3617743
1/30/2013 16:00:00,194.56,195.69,194.08,194.39,2998524
1/31/2013 16:00:00,194.2,195.3,193.86,193.97,3091506
2/1/2013 16:00:00,195.47,196.14,194.7,195.98,3371154
2/4/2013 16:00:00,195.03,195.83,194.44,194.65,3188819
2/5/2013 16:00:00,195.15,195.57,193.43,193.7,3636837
2/6/2013 16:00:00,191.41,192.26,190.61,192.01,3624203
2/7/2013 16:00:00,191.63,191.9,189.77,190.78,3076793
2/8/2013 16:00:00,191,193.03,190.73,192.64,2893254
2/11/2013 16:00:00,191.97,192.9,190.79,191.19,2944651
2/12/2013 16:00:00,191.04,191.73,190.1,191.07,2461779
2/13/2013 16:00:00,191.65,191.94,190.62,191.12,2169757
2/14/2013 16:00:00,190.77,191.34,190.33,190.7,3294126
2/15/2013 16:00:00,191.01,192.23,190.86,191.97,3627887
2/19/2013 16:00:00,191.61,192.84,191.24,191.34,2998317
2/20/2013 16:00:00,191.63,192.68,189.94,190.37,3715411
2/21/2013 16:00:00,189.72,190.14,189.23,189.44,3923051
2/22/2013 16:00:00,190.3,192.07,189.92,192.07,3107976
2/25/2013 16:00:00,192.63,193.41,188.65,188.65,3847976
2/26/2013 16:00:00,189.72,190.94,188.97,190.21,3391562
2/27/2013 16:00:00,189.97,193.66,189.7,193.26,4185545
2/28/2013 16:00:00,193.12,194.02,191.79,191.83,4689998
3/1/2013 16:00:00,191.65,193.84,190.42,193.81,3309434
3/4/2013 16:00:00,193.51,195.99,193.47,195.99,3693365
3/5/2013 16:00:00,196.63,198.39,196.47,197.27,3807706
3/6/2013 16:00:00,197.75,199.14,197.39,199.04,3594899
3/7/2013 16:00:00,198.95,200.2,198.9,200.03,3884317
3/8/2013 16:00:00,200.44,201.29,200.04,200.95,3700986
3/11/2013 16:00:00,200.62,200.78,199.67,200.66,3049701
3/12/2013 16:00:00,200.01,201.28,199.72,201.11,3592096
3/13/2013 16:00:00,200.78,202.84,200.36,202.55,3357146
3/14/2013 16:00:00,202.64,206.18,202.64,206.12,5506969
3/15/2013 16:00:00,205.72,206.22,203.84,205.28,7937244
3/18/2013 16:00:00,203.35,204.88,203.11,203.65,3006125
3/19/2013 16:00:00,204.53,205.47,202.33,203.87,3198877
3/20/2013 16:00:00,205.13,206.14,204.69,205.42,3020648
3/21/2013 16:00:00,203.41,203.45,200.69,202.74,5830566
3/22/2013 16:00:00,202.7,203.61,202.13,202.57,3031457
3/25/2013 16:00:00,203.01,203.27,200.63,201.29,3242463
3/26/2013 16:00:00,202.28,202.98,202.02,202.84,2300240
3/27/2013 16:00:00,201.5,202.65,200.68,201.43,3223381
3/28/2013 16:00:00,200.42,203.87,200.33,203.74,3752999
4/1/2013 16:00:00,203.26,203.93,201.78,202.86,2144926
4/2/2013 16:00:00,203.37,205.08,202.08,204.75,3117150
4/3/2013 16:00:00,204.71,205.26,203.09,203.13,3128818
4/4/2013 16:00:00,203.23,203.38,200.62,201.84,3709490
4/5/2013 16:00:00,199.72,200.43,197.09,200.02,4148177
4/8/2013 16:00:00,199.7,199.93,198.03,199.93,2351166
4/9/2013 16:00:00,200.16,200.58,199.26,199.84,2577249
4/10/2013 16:00:00,202.36,202.98,201.03,202.49,3524112
4/11/2013 16:00:00,202.02,203.54,201.4,203.37,3655566
4/12/2013 16:00:00,201.34,202.01,200.37,201.9,3165897
4/15/2013 16:00:00,201,202.2,199.88,199.88,4218575
4/16/2013 16:00:00,201.39,202.49,199.82,202.49,2860054
4/17/2013 16:00:00,201.09,201.63,200.11,200.27,3269874
4/18/2013 16:00:00,200.69,200.82,196.91,197.86,6501970
4/19/2013 16:00:00,186.96,187.69,181.25,181.48,18848884
4/22/2013 16:00:00,182.58,182.8,179.27,179.41,9847065
4/23/2013 16:00:00,180.78,183.92,180.15,183.02,6301279
4/24/2013 16:00:00,183.54,183.87,182.52,183.11,3694008
4/25/2013 16:00:00,184.05,186.42,183.7,185.25,4651956
4/26/2013 16:00:00,185.45,185.98,184.59,185.6,3490234
4/29/2013 16:00:00,186.05,190.73,185.92,190.22,5937395
4/30/2013 16:00:00,190.2,193.51,188.5,193.46,7540835
5/1/2013 16:00:00,192.82,193.11,190.27,190.68,4899267
5/2/2013 16:00:00,191.15,193.35,190.79,193.32,3946539
5/3/2013 16:00:00,194.8,196.11,194.61,195.34,4494744
5/6/2013 16:00:00,194.65,194.84,192.48,193.69,4827188
5/7/2013 16:00:00,193.72,194.6,192.61,194.5,3450976
5/8/2013 16:00:00,193.84,195.67,193.43,195.64,3602292
5/9/2013 16:00:00,195.51,195.81,193.63,194.13,3542923
5/10/2013 16:00:00,194.25,195.36,193.73,195.3,3279558
5/13/2013 16:00:00,195.03,195.3,193.15,193.39,3651831
5/14/2013 16:00:00,193.03,194.54,193.02,194.1,3701203
5/15/2013 16:00:00,193.18,194.55,192.98,194.2,4030080
5/16/2013 16:00:00,194.85,197.33,194.85,195.51,4506972
5/17/2013 16:00:00,196.05,200.11,195.8,199.09,5704295
5/20/2013 16:00:00,198.69,199.77,198.12,198.29,3614453
5/21/2013 16:00:00,197.95,200.09,197.72,199.29,2982927
5/22/2013 16:00:00,199.15,200.73,196.88,197.71,5187131
5/23/2013 16:00:00,196.27,199.26,195.93,196.92,5180440
5/24/2013 16:00:00,195.51,197.17,195.25,196.5,3295737
5/28/2013 16:00:00,198.14,199.24,197.87,198.46,4011700
5/29/2013 16:00:00,196.97,199.08,196.8,198.6,3439413
5/30/2013 16:00:00,197.69,201.53,197.69,199.97,4400197
5/31/2013 16:00:00,199.24,202.48,198.69,198.69,4950406
6/3/2013 16:00:00,198.91,200.63,198.03,199.58,3323648
6/4/2013 16:00:00,199.25,199.63,195.89,196.95,3598659
6/5/2013 16:00:00,195.96,197.04,193.33,193.65,4215365
6/6/2013 16:00:00,193.9,195.04,192.44,194.66,3679532
6/7/2013 16:00:00,195.67,197.1,194.96,197.1,2953540
6/10/2013 16:00:00,197.69,197.7,195.71,195.83,2652420
6/11/2013 16:00:00,194.06,196.72,193.43,194.83,2814520
6/12/2013 16:00:00,195.42,196.03,191.52,192.18,3409855
6/13/2013 16:00:00,192,195.24,191.36,194.63,2899698
6/14/2013 16:00:00,194.82,195.57,192.76,193.13,2804859
6/17/2013 16:00:00,194.32,195.97,193.47,193.94,3220009
6/18/2013 16:00:00,193.92,196.85,193.77,195.68,3278151
6/19/2013 16:00:00,195.27,195.84,192.88,192.89,2846204
6/20/2013 16:00:00,191.67,192.66,188.43,188.5,4516329
6/21/2013 16:00:00,189.6,189.62,184.86,186.7,8919218
6/24/2013 16:00:00,185.29,186.17,182.76,184.86,4356153
6/25/2013 16:00:00,186.55,186.82,184.49,186.24,3848021
6/26/2013 16:00:00,187.18,187.43,185.78,186.12,3320202
6/27/2013 16:00:00,187.26,188.07,186.53,186.88,3519332
6/28/2013 16:00:00,183.13,184.02,179.96,182.54,10056856
7/1/2013 16:00:00,183.53,185.11,182.55,182.7,4442422
7/2/2013 16:00:00,182.23,184.57,181.73,182.91,3657855
7/3/2013 16:00:00,182.42,185.51,181.97,184.59,1878313
7/5/2013 16:00:00,185.77,186.41,183.73,186.19,2407971
7/8/2013 16:00:00,186.83,187,185.88,186.24,2948458
7/9/2013 16:00:00,183.28,184.16,182.23,182.72,5204685
7/10/2013 16:00:00,182.92,184.76,182.7,183.63,3891960
7/11/2013 16:00:00,185.09,185.41,183.97,184.16,4179123
7/12/2013 16:00:00,184.41,185.02,183,183.46,4495892
7/15/2013 16:00:00,183.79,186.15,183.09,185.3,5678238
7/16/2013 16:00:00,185.34,185.86,184.05,185.16,3747394
7/17/2013 16:00:00,185.99,186.15,184.38,185.83,6868411
7/18/2013 16:00:00,189.38,191.93,187.2,189.11,8394310
7/19/2013 16:00:00,189.04,189.11,184.58,184.86,6998591
7/22/2013 16:00:00,184.73,187.01,184.61,185.39,3399461
7/23/2013 16:00:00,185.5,187.62,185.4,186.24,2864114
7/24/2013 16:00:00,187.16,188.45,187.08,187.79,2958239
7/25/2013 16:00:00,187.5,188.96,186.89,188.38,3014255
7/26/2013 16:00:00,187.78,188.52,186.26,188.5,2485006
7/29/2013 16:00:00,188,188.35,186.76,187.41,2113754
7/30/2013 16:00:00,188.16,188.96,187.03,187.22,2663216
7/31/2013 16:00:00,185.77,188.08,185.77,186.3,3809982
8/1/2013 16:00:00,187.83,188.33,186.65,187.03,2877770
8/2/2013 16:00:00,186.73,186.73,184.56,186.41,3873908
8/5/2013 16:00:00,186.41,187.1,185.64,186.73,2492663
8/6/2013 16:00:00,183.64,183.88,181.74,182.43,5939557
8/7/2013 16:00:00,181.1,181.41,179.62,180.11,3901716
8/8/2013 16:00:00,180.96,181.36,178.42,179.5,4547756
8/9/2013 16:00:00,179.57,180.68,178.62,179.4,3250000
8/12/2013 16:00:00,178.59,181.06,178.51,180.61,3026839
8/13/2013 16:00:00,181.04,181.47,179.15,179.97,3542932
8/14/2013 16:00:00,180.12,180.46,178.9,179.12,2899115
8/15/2013 16:00:00,177.88,178.62,177.14,177.46,3692360
8/16/2013 16:00:00,177.22,178.1,177.03,177.03,3427964
8/19/2013 16:00:00,176.99,178.14,175.73,175.97,3251127
8/20/2013 16:00:00,176.1,177.31,174.96,176.29,3122098
8/21/2013 16:00:00,176.39,178.2,176.02,176.57,3551207
8/22/2013 16:00:00,177.33,177.9,175.99,176.89,2354836
8/23/2013 16:00:00,177.03,177.41,176.29,177.11,2295092
8/26/2013 16:00:00,176.96,178.62,176.4,176.46,2174908
8/27/2013 16:00:00,175.4,176.23,174.38,174.55,3190642
8/28/2013 16:00:00,174.49,175.24,172.98,173.99,3979196
8/29/2013 16:00:00,173.8,175.46,173.3,174.45,2981180
8/30/2013 16:00:00,174.56,174.79,173.37,174.1,2731141
9/3/2013 16:00:00,175.4,176.06,174.33,175.71,3487469
9/4/2013 16:00:00,175.35,175.93,174.14,174.92,2601909
9/5/2013 16:00:00,175.13,176.71,174.86,175.89,2869883
9/6/2013 16:00:00,176.37,176.7,174.46,174.82,2903717
9/9/2013 16:00:00,175.44,177.17,175.09,176.69,3017439
9/10/2013 16:00:00,178.81,179.24,178.01,178.23,3149830
9/11/2013 16:00:00,178.45,182.31,178.44,182.15,4963022
9/12/2013 16:00:00,182.4,182.74,181.34,182.18,3354845
9/13/2013 16:00:00,182.64,184.44,182.44,183.55,3710354
9/16/2013 16:00:00,185.02,186.08,183.97,184.49,3907186
9/17/2013 16:00:00,184.75,185.45,183.23,183.54,2931728
9/18/2013 16:00:00,183.96,186.15,183.39,185.7,3841926
9/19/2013 16:00:00,185.47,186.15,184.56,184.72,3178067
9/20/2013 16:00:00,185.26,185.71,181.5,181.5,8531193
9/23/2013 16:00:00,181.54,183.78,180.84,182.43,3340891
9/24/2013 16:00:00,182.37,182.97,181.16,181.45,3085242
9/25/2013 16:00:00,181.61,182.07,180.05,180.97,2654833
9/26/2013 16:00:00,181.58,183.16,180.96,181.69,2093584
9/27/2013 16:00:00,180.4,180.47,178.09,178.54,3907904
9/30/2013 16:00:00,177.24,178.37,176.07,176.88,3978234
10/1/2013 16:00:00,177.03,178.28,176.37,178.02,2682184
10/2/2013 16:00:00,177.22,177.96,176.14,176.67,3618459
10/3/2013 16:00:00,176.42,176.67,174.8,175.62,3212240
10/4/2013 16:00:00,175.91,176.83,175.35,175.85,2864163
10/7/2013 16:00:00,173.7,175.09,173.7,173.85,3968362
10/8/2013 16:00:00,173.73,173.83,170.7,170.71,5579833
10/9/2013 16:00:00,171.33,173.52,171.07,173.19,4424359
10/10/2013 16:00:00,174.96,176.49,174.18,176.49,3659606
10/11/2013 16:00:00,176.94,177.88,175.86,177.81,3232828
10/14/2013 16:00:00,177.1,178.61,176.15,178.59,2663207
10/15/2013 16:00:00,177.41,177.6,175.96,176.38,3367275
10/16/2013 16:00:00,177.11,178.36,176.7,178.36,6717979
10/17/2013 16:00:00,166.05,169.06,164.83,166.99,22368940
10/18/2013 16:00:00,166.96,167.15,165.48,165.99,10552466
10/21/2013 16:00:00,166.6,166.91,164.89,165.11,7098685
10/22/2013 16:00:00,165.58,167.7,165.2,167.13,6980623
10/23/2013 16:00:00,167.24,168.1,166.58,167.89,5416339
10/24/2013 16:00:00,168.52,169.91,168.35,169.83,5534885
10/25/2013 16:00:00,170.43,171.07,168.36,168.92,4844399
10/28/2013 16:00:00,169.1,169.91,168.3,169.4,3712733
10/29/2013 16:00:00,169.66,174.15,169.54,173.95,8909330
10/30/2013 16:00:00,173.54,174.01,171.8,172.07,5275922
10/31/2013 16:00:00,171.6,173.52,171.01,171.17,4318185
11/1/2013 16:00:00,171.75,172.25,170.86,171.19,3644628
11/4/2013 16:00:00,171.83,172.69,171.3,172.19,3484345
11/5/2013 16:00:00,171.49,171.74,169.74,169.88,6103386
11/6/2013 16:00:00,169.93,171.69,169.81,171.16,4560659
11/7/2013 16:00:00,171.55,173.26,171.55,171.93,5221281
11/8/2013 16:00:00,170.81,172.01,169.4,171.92,6275035
11/11/2013 16:00:00,172.11,175.17,171.97,174.68,5222299
11/12/2013 16:00:00,174.35,175.8,174.09,174.86,4258623
11/13/2013 16:00:00,174.1,175.32,173.45,175.32,4711276
11/14/2013 16:00:00,172.39,174.99,171.6,174.04,6322676
11/15/2013 16:00:00,174.2,175.06,173.04,174.98,5179511
11/18/2013 16:00:00,175.29,176.7,175.05,176.2,5344864
11/19/2013 16:00:00,176.35,177.85,175.89,176.94,4577037
11/20/2013 16:00:00,176.92,177.89,176.37,176.89,3646117
11/21/2013 16:00:00,177.22,177.42,175.19,175.87,4459451
11/22/2013 16:00:00,175.27,176.7,171.85,173.17,7610518
11/25/2013 16:00:00,172.17,172.65,169.85,170.92,7162374
11/26/2013 16:00:00,170.66,170.92,169.36,169.36,5756174
11/27/2013 16:00:00,169.86,172.1,169.85,170.95,4596474
11/29/2013 16:00:00,171.17,172.66,170.97,171.62,2870500
12/2/2013 16:00:00,171.41,171.54,169.18,169.52,4561577
12/3/2013 16:00:00,169.06,170.24,167.77,168.19,5864045
12/4/2013 16:00:00,167.51,169.54,167.31,167.86,5267364
12/5/2013 16:00:00,168.25,168.93,167.42,168.19,4385041
12/6/2013 16:00:00,168.78,170.02,168.12,169.7,4741119
12/9/2013 16:00:00,170.01,170.16,168.9,169.5,3796620
12/10/2013 16:00:00,168.97,169.7,168.17,169.18,4128386
12/11/2013 16:00:00,169.06,169.79,167.25,167.34,4090438
12/12/2013 16:00:00,167.21,167.92,165.53,165.6,5671649
12/13/2013 16:00:00,165.74,166.56,164.99,165.05,4184836
12/16/2013 16:00:00,165.45,170.35,164.99,169.88,7521001
12/17/2013 16:00:00,169.41,169.53,167.27,167.88,5476405
12/18/2013 16:00:00,168.54,170.73,167.01,170.69,5698437
12/19/2013 16:00:00,169.9,172.45,169.9,172.14,5929584
12/20/2013 16:00:00,172.04,173.84,171.95,171.95,7655998
12/23/2013 16:00:00,172.93,174.73,172.51,174.06,4082821
12/24/2013 16:00:00,173.8,175.27,173.75,175.01,1613614
12/26/2013 16:00:00,175.33,177.24,175.28,177.04,3325841
12/27/2013 16:00:00,177.51,178.14,176.29,176.78,3382117
12/30/2013 16:00:00,177.01,178.33,176.39,178.05,3018594
12/31/2013 16:00:00,178.13,179.37,177.95,179.16,3620413
1/2/2014 16:00:00,178.82,179,176.9,177.21,4546809
1/3/2014 16:00:00,177.5,178.95,176.99,178.27,4064095
1/6/2014 16:00:00,178.76,178.95,176.99,177.66,4068105
1/7/2014 16:00:00,178.03,181.82,178.02,181.2,5934322
1/8/2014 16:00:00,180.84,180.92,178.86,179.54,4604105
1/9/2014 16:00:00,180.55,181,178.19,178.98,4322284
1/10/2014 16:00:00,179.87,180.12,177.93,178.86,4023089
1/13/2014 16:00:00,177.91,178.57,175.62,175.9,5789107
1/14/2014 16:00:00,176.76,178.07,175.64,177.58,4619509
1/15/2014 16:00:00,177.49,180.19,177.17,179.32,4829291
1/16/2014 16:00:00,179.12,180.52,178.42,180.3,4775167
1/17/2014 16:00:00,179.61,182.25,179.44,181.57,7671146
1/21/2014 16:00:00,181.7,181.85,178.42,179.98,11121410
1/22/2014 16:00:00,173.15,175.27,171.61,174.08,13800586
1/23/2014 16:00:00,173.3,175.48,172.61,174.54,6974334
1/24/2014 16:00:00,173.12,174.62,171.59,171.59,6938768
1/27/2014 16:00:00,171.55,171.6,169.69,169.92,5209244
1/28/2014 16:00:00,170.07,170.45,168.26,168.92,5336989
1/29/2014 16:00:00,168.09,170.53,168,168.49,4971142
1/30/2014 16:00:00,169.23,169.89,168.45,169.41,4854397
1/31/2014 16:00:00,168.21,169.86,167.48,168.76,5195381
2/3/2014 16:00:00,168.13,168.13,164.98,165.15,7187767
2/4/2014 16:00:00,165.75,165.96,164.63,165.09,4351180
2/5/2014 16:00:00,164.47,167.13,164.47,166.43,4714375
2/6/2014 16:00:00,166.17,167.01,166,166.84,4292478
2/7/2014 16:00:00,167.77,169.6,167.22,169.3,4725647
2/10/2014 16:00:00,169.04,169.68,168.35,169.2,3544486
2/11/2014 16:00:00,168.88,172.3,168.87,171.64,4654207
2/12/2014 16:00:00,171.47,173.12,171.22,172.16,3984148
2/13/2014 16:00:00,170.23,174.18,169.89,173.69,4482761
2/14/2014 16:00:00,173.13,176.16,172.88,175.45,4665873
2/18/2014 16:00:00,174.97,175.75,174.15,174.98,4435484
2/19/2014 16:00:00,174.55,177.33,174.23,174.75,4671705
2/20/2014 16:00:00,174.76,176.57,174.59,176,4968267
2/21/2014 16:00:00,175.99,177.38,174.43,174.59,5699331
2/24/2014 16:00:00,174.62,176.86,174.62,175.22,4595312
2/25/2014 16:00:00,175.29,176.32,174.68,175.01,3902332
2/26/2014 16:00:00,175.69,176.97,175.33,175.81,3740884
2/27/2014 16:00:00,175.59,177.61,175.57,176.96,3827965
2/28/2014 16:00:00,177.07,177.78,175.42,176.87,4668452
3/3/2014 16:00:00,175.11,176.36,174.62,176,3952704
3/4/2014 16:00:00,177.48,178.77,177.35,178.08,4734235
3/5/2014 16:00:00,178.2,179.52,178.04,178.75,3487359
3/6/2014 16:00:00,178.97,179.94,178.52,179.23,3817529
3/7/2014 16:00:00,179.91,180.45,178.79,179.27,4117826
3/10/2014 16:00:00,179.14,179.92,177.52,178.03,4594054
3/11/2014 16:00:00,179.01,180,177.7,178.39,4229679
3/12/2014 16:00:00,177.67,179.05,177.56,177.87,4833158
3/13/2014 16:00:00,178.05,178.62,175.47,175.65,4913208
3/14/2014 16:00:00,175.65,176.03,174.04,174.04,5490326
3/17/2014 16:00:00,174.47,177.99,174.47,177.48,4938754
3/18/2014 16:00:00,177.65,179.48,177.22,178.43,3961319
3/19/2014 16:00:00,177.28,178.33,175.27,176.43,4323930
3/20/2014 16:00:00,176.2,179.82,175.91,179.48,5062629
3/21/2014 16:00:00,180.05,180.24,178.04,178.3,12535281
3/24/2014 16:00:00,179.03,180.95,178.97,179.81,5738492
3/25/2014 16:00:00,180.3,186.63,180.24,186.3,10912699
3/26/2014 16:00:00,186.24,186.86,183.35,183.98,6851772
3/27/2014 16:00:00,183.31,184.03,180.83,181.32,6767653
3/28/2014 16:00:00,181.42,183.98,180.63,181.91,5194443
3/31/2014 16:00:00,183.05,185.08,182.82,183.86,8537746
4/1/2014 16:00:00,184.46,186.38,184.14,185.78,5395346
4/2/2014 16:00:00,185.53,185.78,183.86,184.87,4924133
4/3/2014 16:00:00,184.54,184.71,183.73,184.05,4091060
4/4/2014 16:00:00,184.46,185.27,182.7,183.17,6090863
4/7/2014 16:00:00,183.12,186.55,182.98,185.8,6747080
4/8/2014 16:00:00,185.2,185.46,184.05,184.62,5125001
4/9/2014 16:00:00,185.19,188.17,184.92,187.82,5485124
4/10/2014 16:00:00,187.27,190.28,186.89,186.91,8425601
4/11/2014 16:00:00,186.3,188.17,185.56,186.44,4835214
4/14/2014 16:00:00,187.44,189.35,187.1,188.9,5433621
4/15/2014 16:00:00,187.19,188.56,186.66,188.19,5353177
4/16/2014 16:00:00,189.17,189.8,186.26,187.59,8527295
4/17/2014 16:00:00,178.85,182.15,178.63,181.49,11255493
4/21/2014 16:00:00,181.29,184.16,181.23,183.65,5425283
4/22/2014 16:00:00,183.4,184.35,182.63,183.53,3878619
4/23/2014 16:00:00,183.19,183.78,181.59,183.13,4736919
4/24/2014 16:00:00,183.6,183.6,181.51,181.69,4407352
4/25/2014 16:00:00,182,182.12,180.63,181.13,3871407
4/28/2014 16:00:00,182.57,185.29,182.04,184.48,5638334
4/29/2014 16:00:00,184.91,187.15,184.74,186.36,4626352
4/30/2014 16:00:00,185.66,188.03,185.64,187.66,4211284
5/1/2014 16:00:00,187.51,187.92,184.49,184.85,3675823
5/2/2014 16:00:00,185.06,185.15,182.68,182.86,3052953
5/5/2014 16:00:00,182.48,182.9,181.29,182.68,2222168
5/6/2014 16:00:00,182.37,182.39,180.76,181.51,3188706
5/7/2014 16:00:00,180.85,181.77,178.55,180.81,3821023
5/8/2014 16:00:00,180.68,182.03,179.79,180.44,2431945
5/9/2014 16:00:00,180.51,182.04,179.92,181.56,2261739
5/12/2014 16:00:00,182.55,184.37,182.38,183.94,3778611
5/13/2014 16:00:00,184.15,184.38,183.16,183.57,2226997
5/14/2014 16:00:00,183.31,183.38,179.73,180.26,5255970
5/15/2014 16:00:00,180.59,180.6,177.83,178.1,4202556
5/16/2014 16:00:00,177.92,179.01,177.59,178.67,3949644
5/19/2014 16:00:00,178.24,178.74,177.7,178.62,3270670
5/20/2014 16:00:00,177.9,178.33,176.42,176.6,3032896
5/21/2014 16:00:00,177.52,178.77,176.66,178.03,2988348
5/22/2014 16:00:00,178.09,178.09,176.73,177.35,2218149
5/23/2014 16:00:00,177.51,177.79,177,177.6,2563424
5/27/2014 16:00:00,176.51,177.33,175.68,176.5,4794501
5/28/2014 16:00:00,176.21,176.59,174.74,174.87,3724124
5/29/2014 16:00:00,175.41,175.54,174.16,175.52,2759978
5/30/2014 16:00:00,175.16,176.29,174.31,176.09,4620207
6/2/2014 16:00:00,176.48,177.93,176.39,177.36,3204034
6/3/2014 16:00:00,177.23,177.43,175.86,176.1,2517123
6/4/2014 16:00:00,176.43,177.14,175.94,176.24,2376981
6/5/2014 16:00:00,176.38,177.75,175.67,177.64,2861974
6/6/2014 16:00:00,178.11,179.24,177.56,178.01,3296900
6/9/2014 16:00:00,177.87,179.23,177.62,177.87,2728403
6/10/2014 16:00:00,177.85,177.87,175.58,176.03,4157062
6/11/2014 16:00:00,175.38,175.94,173.85,174.08,4065310
6/12/2014 16:00:00,174.3,174.37,172.8,173.09,4425491
6/13/2014 16:00:00,173.84,174.8,173.38,174.37,2778984
6/16/2014 16:00:00,174.22,174.52,173.11,174.17,3556218
6/17/2014 16:00:00,173.74,174.61,173.42,174.09,2460857
6/18/2014 16:00:00,173.88,175.38,173.64,175.37,3935653
6/19/2014 16:00:00,175.86,176.2,174.18,174.62,3551276
6/20/2014 16:00:00,174.4,174.48,173.27,173.41,10686834
6/23/2014 16:00:00,173.76,174.08,172.88,173.97,3231699
6/24/2014 16:00:00,173.36,174.8,172.55,172.77,3875453
6/25/2014 16:00:00,172.17,172.86,171.99,172.62,2763020
6/26/2014 16:00:00,172.76,173.24,171.23,172.28,3258470
6/27/2014 16:00:00,171.71,174.28,171.6,173.56,4575680
6/30/2014 16:00:00,173.2,173.77,172.18,173.14,4228836
7/1/2014 16:00:00,173.55,178.87,173.55,177.99,6644363
7/2/2014 16:00:00,177.99,180.52,177.82,179.94,5097199
7/3/2014 16:00:00,179.94,180.34,178.95,180.08,2422363
7/7/2014 16:00:00,179.2,179.83,179.04,179.61,2958947
7/8/2014 16:00:00,179.24,179.65,178.01,178.83,3135115
7/9/2014 16:00:00,179.27,180.43,178.51,179.97,3309559
7/10/2014 16:00:00,178.08,179.62,177.86,179.28,3177816
7/11/2014 16:00:00,179.31,179.91,178.33,179.57,2403840
7/14/2014 16:00:00,180.1,181.9,180.08,181.35,4502202
7/15/2014 16:00:00,181.04,181.56,179.77,180.04,4873452
7/16/2014 16:00:00,183.62,184.69,182.21,183.74,7815648
7/17/2014 16:00:00,183.74,187.16,183.39,183.86,8872269
7/18/2014 16:00:00,183.35,184.77,181.48,183.87,8169325
7/21/2014 16:00:00,182.72,183.1,180.76,182.29,4154740
7/22/2014 16:00:00,183,185.99,182.97,185.39,4853041
7/23/2014 16:00:00,185.41,186.16,184.89,184.95,3584465
7/24/2014 16:00:00,185.25,186.85,185.06,186.49,3612656
7/25/2014 16:00:00,186.54,187.12,185.1,185.68,3376455
7/28/2014 16:00:00,185.59,187.59,184.97,187,3242443
7/29/2014 16:00:00,186.54,187.11,185.82,185.85,3264409
7/30/2014 16:00:00,186.45,187.2,184.25,185.3,3945601
7/31/2014 16:00:00,184.19,185.58,182.95,183.08,4208005
8/1/2014 16:00:00,181.96,182.91,180.39,180.67,5181080
8/4/2014 16:00:00,180.86,181.43,180.14,181.14,2125935
8/5/2014 16:00:00,180.29,180.71,178.08,178.71,3307945
8/6/2014 16:00:00,177.05,178.5,176.17,177.63,3847046
8/7/2014 16:00:00,178.27,178.31,175.35,176.04,2708935
8/8/2014 16:00:00,176.13,178.3,175.35,178.26,2781936
8/11/2014 16:00:00,179.39,179.91,177.93,179.06,2527208
8/12/2014 16:00:00,179.05,180.23,178.43,178.94,1858635
8/13/2014 16:00:00,179.57,180.03,178.97,179.52,1797016
8/14/2014 16:00:00,179.16,179.73,178.55,179.46,1929581
8/15/2014 16:00:00,179.43,180.41,178.42,178.98,2815822
8/18/2014 16:00:00,179.67,181.3,179.34,180.87,2420398
8/19/2014 16:00:00,181.52,181.72,180.87,181.55,2040117
8/20/2014 16:00:00,181.35,181.85,180.76,181.58,2177702
8/21/2014 16:00:00,182.34,183.46,181.96,182.66,2497985
8/22/2014 16:00:00,182.22,183.28,181.76,181.87,1940434
8/25/2014 16:00:00,182.81,183.21,182.16,182.59,1726100
8/26/2014 16:00:00,182.46,184.85,182.46,184.34,3175399
8/27/2014 16:00:00,184.38,185.43,182.97,183.63,2190285
8/28/2014 16:00:00,182.89,183.68,182.11,183.39,1503582
8/29/2014 16:00:00,183.66,184.11,182.57,183.68,2911097
9/2/2014 16:00:00,184.04,184.32,182.37,182.97,2679659
9/3/2014 16:00:00,183.76,184.3,183.26,183.34,1824378
9/4/2014 16:00:00,183.1,184.05,181.54,182.13,2868754
9/5/2014 16:00:00,181.99,183.15,181.57,182.63,2261215
9/8/2014 16:00:00,182.2,182.63,181.01,181.61,2525626
9/9/2014 16:00:00,181.81,182.19,181.27,181.47,2403631
9/10/2014 16:00:00,181.6,183.53,181.58,182.95,2765324
9/11/2014 16:00:00,182.51,184.14,181.6,183.12,2299390
9/12/2014 16:00:00,182.89,183.01,182.03,182.7,2900967
9/15/2014 16:00:00,182.84,183.86,182.04,183.21,2457803
9/16/2014 16:00:00,182.68,184.89,182.26,184.31,2561528
9/17/2014 16:00:00,184.56,184.96,183.68,184.16,3214117
9/18/2014 16:00:00,184.15,185.43,184.07,185.06,2963446
9/19/2014 16:00:00,185.82,186.26,184.53,185.3,8854514
9/22/2014 16:00:00,185.03,185.44,183.99,184.45,3317962
9/23/2014 16:00:00,184.11,184.41,182.93,183.03,3301797
9/24/2014 16:00:00,182.44,183.82,181.37,183.69,3082594
9/25/2014 16:00:00,183.44,183.87,180.5,180.54,4158816
9/26/2014 16:00:00,180.46,181.8,180.15,181.54,2494024
9/29/2014 16:00:00,180.06,181.44,179.69,181.14,2344723
9/30/2014 16:00:00,181.14,182.29,180.67,181.32,2932556
10/1/2014 16:00:00,181.4,181.86,178.42,178.78,3723192
10/2/2014 16:00:00,179.25,179.36,177.89,178.53,2283619
10/3/2014 16:00:00,179.68,180.88,179.15,180.21,3071521
10/6/2014 16:00:00,181.19,182.33,180.25,180.56,2100191
10/7/2014 16:00:00,179.35,179.69,177.22,177.38,2994065
10/8/2014 16:00:00,177.63,181.1,177.29,180.87,2985329
10/9/2014 16:00:00,180.64,181,177.75,178.06,2625609
10/10/2014 16:00:00,177.53,179.32,176.8,177.59,5090345
10/13/2014 16:00:00,177.17,178.28,175.2,175.29,3599924
10/14/2014 16:00:00,176.6,177.39,175.36,175.56,3924974
10/15/2014 16:00:00,174.28,175.55,170.73,173.6,6897656
10/16/2014 16:00:00,171.74,173.34,170.68,171.78,5578683
10/17/2014 16:00:00,173.11,174.64,172.14,173.89,4354442
10/20/2014 16:00:00,159.36,162.69,159.22,161.52,23416511
10/21/2014 16:00:00,158.94,159.21,154.43,155.91,20953605
10/22/2014 16:00:00,155.13,157.99,153.88,154.54,11091424
10/23/2014 16:00:00,154.85,155.53,154.3,154.91,7600270
10/24/2014 16:00:00,154.81,155.16,154.21,154.81,6652379
10/27/2014 16:00:00,154.74,155.61,154.56,154.61,4989437
10/28/2014 16:00:00,154.74,156.26,154.55,156.26,7896863
10/29/2014 16:00:00,156.96,157.23,155.46,156.13,4741689
10/30/2014 16:00:00,156.17,157.24,155.71,156.98,3895979
10/31/2014 16:00:00,158.06,158.17,156.28,157.03,5818375
11/3/2014 16:00:00,156.89,157.16,156.05,156.99,4691074
11/4/2014 16:00:00,156.97,156.99,154.97,155.36,4247079
11/5/2014 16:00:00,155.82,156.21,154.32,154.56,4104747
11/6/2014 16:00:00,154.05,154.29,152.87,154.22,4067641
11/7/2014 16:00:00,154.18,154.93,153.64,154.8,3494803
11/10/2014 16:00:00,154.64,157.1,154.36,156.16,4958236
11/11/2014 16:00:00,156.36,156.55,155.31,155.98,3535694
11/12/2014 16:00:00,155,155.69,154.51,154.66,3378229
11/13/2014 16:00:00,154.74,155.5,154.55,155.49,3239726
11/14/2014 16:00:00,154.83,157.11,154.44,156.8,4978415
11/17/2014 16:00:00,156.8,157.57,156.38,156.8,4798933
11/18/2014 16:00:00,157.34,157.36,154.63,154.63,5412495
11/19/2014 16:00:00,154.78,154.83,153.74,154.19,3802631
11/20/2014 16:00:00,153.73,154.26,152.64,153.44,4183102
11/21/2014 16:00:00,154.57,154.69,153.54,153.7,4076875
11/24/2014 16:00:00,154.3,156.51,153.84,154.88,6619032
11/25/2014 16:00:00,155.36,156.17,154.32,154.51,4062378
11/26/2014 16:00:00,154.67,154.83,153.79,154.69,3967223
11/28/2014 16:00:00,155.45,156.05,154.2,154.9,2405512
12/1/2014 16:00:00,154.39,155.99,154.12,154.3,4168384
12/2/2014 16:00:00,155.19,155.43,154.39,155.38,3465747
12/3/2014 16:00:00,155.19,157.14,154.74,157.14,6434994
12/4/2014 16:00:00,156.66,157.12,155.7,156.69,3862916
12/5/2014 16:00:00,156.27,157.12,155.61,155.95,3013500
12/8/2014 16:00:00,155.97,155.97,154.3,154.6,2851383
12/9/2014 16:00:00,153.63,155.71,153.59,155.68,3865905
12/10/2014 16:00:00,155.7,156.01,152.85,153.31,4082384
12/11/2014 16:00:00,153.61,155.62,153.32,153.85,3989571
12/12/2014 16:00:00,153.07,153.3,148.37,148.41,8611748
12/15/2014 16:00:00,148.94,149.71,145.99,146.2,6500311
12/16/2014 16:00:00,145.21,147.95,143.75,144.62,6782593
12/17/2014 16:00:00,144.73,146.43,144.33,145.12,5139465
12/18/2014 16:00:00,146.69,150.61,146.43,150.61,7302356
12/19/2014 16:00:00,150.43,153.22,150.43,151.4,8864850
12/22/2014 16:00:00,151.23,154.65,151.23,154.2,4682509
12/23/2014 16:00:00,154.96,155.6,154.36,154.97,4044220
12/24/2014 16:00:00,155.58,155.68,154.36,154.56,1869977
12/26/2014 16:00:00,154.99,155.78,154.75,155.06,1912310
12/29/2014 16:00:00,154.74,155.06,152.3,153.31,3331833
12/30/2014 16:00:00,152.85,153.61,152.63,152.87,2829904
12/31/2014 16:00:00,153.22,154.26,153.19,153.25,4011909
1/2/2015 16:00:00,154.08,155.99,153.78,154.79,5525466
1/5/2015 16:00:00,154.04,154.04,152.05,152.36,4880389
1/6/2015 16:00:00,152.51,152.79,148.21,149.07,6146712
1/7/2015 16:00:00,150.15,150.15,147.12,148.1,4701839
1/8/2015 16:00:00,149.23,151.91,148.58,151.32,4241113
1/9/2015 16:00:00,151.32,153.15,150.2,151.98,4488347
1/12/2015 16:00:00,151.87,152.11,148.78,149.43,4187638
1/13/2015 16:00:00,150.21,152.8,148.7,149.78,4377510
1/14/2015 16:00:00,147.92,149.47,146.85,148.81,4690294
1/15/2015 16:00:00,149.66,149.93,147.25,147.64,4251723
1/16/2015 16:00:00,146.92,150.56,146.92,150.09,5756041
1/20/2015 16:00:00,149.67,150.28,147.12,149.91,8392773
1/21/2015 16:00:00,146.17,147.57,144.3,145.27,11897123
1/22/2015 16:00:00,145.13,148.74,144.96,148.42,6120113
1/23/2015 16:00:00,148.08,150.53,147.95,148.88,4834847
1/26/2015 16:00:00,151.16,152.31,148.79,149.35,7888143
1/27/2015 16:00:00,147.99,148.14,145.75,146.78,5659568
1/28/2015 16:00:00,147.1,147.6,144.76,144.76,4495933
1/29/2015 16:00:00,144.59,148.6,142.82,148.51,8320847
1/30/2015 16:00:00,147.01,148.28,146.18,146.44,6563570
2/2/2015 16:00:00,147.1,147.73,144.72,147.73,4712247
2/3/2015 16:00:00,147.81,151.49,147.81,151.36,5539406
2/4/2015 16:00:00,150.16,151.59,149.67,149.92,3678459
2/5/2015 16:00:00,150.24,151.48,150.1,150.83,5253637
2/6/2015 16:00:00,150.29,150.99,149.23,149.69,3256452
2/9/2015 16:00:00,149.01,150.44,148.43,148.77,3057726
2/10/2015 16:00:00,149.71,151.45,148.13,151.45,4440614
2/11/2015 16:00:00,150.69,151.96,150.12,151.11,3626658
2/12/2015 16:00:00,151.6,152.35,151,151.41,3333063
2/13/2015 16:00:00,151.66,153.59,151.53,153.21,3706919
2/17/2015 16:00:00,152.59,154.17,152.57,153.74,2894508
2/18/2015 16:00:00,154.6,155.19,153.44,154.92,4358385
2/19/2015 16:00:00,154.78,157.11,154.2,156.54,3504380
2/20/2015 16:00:00,156.3,156.97,154.82,156.31,3352982
2/23/2015 16:00:00,156.87,157.03,155.21,155.61,2714434
2/24/2015 16:00:00,155.2,157.59,154.27,157.44,4701626
2/25/2015 16:00:00,157.54,157.56,155.29,155.51,4004559
2/26/2015 16:00:00,156.4,156.78,152.61,153.66,7110772
2/27/2015 16:00:00,153.83,155.01,152.98,154.68,4410037
3/2/2015 16:00:00,154.43,154.63,152.64,153.28,5917862
3/3/2015 16:00:00,153.08,154.5,152.83,153.81,3234401
3/4/2015 16:00:00,153.34,153.36,151.6,152.27,3633635
3/5/2015 16:00:00,152.69,154.26,152.54,153.95,3791660
3/6/2015 16:00:00,153.01,154.2,150.97,151.39,4540174
3/9/2015 16:00:00,151.11,153.92,151.11,153.56,5193874
3/10/2015 16:00:00,152.44,153.05,150.73,150.73,4600803
3/11/2015 16:00:00,151.46,152,148.94,149.77,5709290
3/12/2015 16:00:00,149.26,151.6,149.26,150.9,4566611
3/13/2015 16:00:00,150.4,150.46,146.52,147.36,6063970
3/16/2015 16:00:00,148.1,150.05,147.86,150.04,3749638
3/17/2015 16:00:00,149.2,150.24,148.4,149.92,3311864
3/18/2015 16:00:00,149.82,153.49,148.81,152.64,5738517
3/19/2015 16:00:00,152.54,153.7,151.69,152.64,3878559
3/20/2015 16:00:00,153.73,155.69,153.16,155.58,9005029
3/23/2015 16:00:00,155.47,157.94,155.43,157.25,5929927
3/24/2015 16:00:00,157.4,157.5,155.6,155.69,4346145
3/25/2015 16:00:00,155.77,155.77,152.06,152.06,5428730
3/26/2015 16:00:00,152.13,154.02,151.79,153.39,4396024
3/27/2015 16:00:00,153.58,153.69,152.09,153.21,3477921
3/30/2015 16:00:00,154.74,156.26,154.02,155.38,4138018
3/31/2015 16:00:00,153.86,155.05,153.21,153.3,4255158
4/1/2015 16:00:00,153.05,153.42,151.29,152.04,3700541
4/2/2015 16:00:00,152.37,155.25,151.77,153.26,4671478
4/6/2015 16:00:00,152.53,155.5,151.59,154.77,3465681
4/7/2015 16:00:00,154.42,156.49,154.37,154.8,3147966
4/8/2015 16:00:00,154.47,156.22,153.79,154.59,2524323
4/9/2015 16:00:00,154.45,155.19,153.51,155.06,2263490
4/10/2015 16:00:00,155.06,156.01,154.02,155.56,2515603
4/13/2015 16:00:00,155.09,156.65,155.08,155.1,3868091
4/14/2015 16:00:00,155.14,155.44,153.58,155.02,2719287
4/15/2015 16:00:00,155.34,157.56,155.21,156.77,3498456
4/16/2015 16:00:00,155.99,156.63,155.25,155.82,3136945
4/17/2015 16:00:00,154.5,154.6,152.85,153.47,4313182
4/20/2015 16:00:00,154.83,159.17,154.64,158.71,9597308
4/21/2015 16:00:00,158.62,159.88,156.69,156.9,9682207
4/22/2015 16:00:00,157.02,158.56,155.59,157.95,4024674
4/23/2015 16:00:00,157.82,164.2,157.74,162.61,8235417
4/24/2015 16:00:00,162.6,163.19,161.17,162.17,3888009
4/27/2015 16:00:00,163.23,163.8,162.66,163.08,3168435
4/28/2015 16:00:00,163.17,166.86,162.4,166.12,5816408
4/29/2015 16:00:00,165.63,167.28,165.05,166.58,4517195
4/30/2015 16:00:00,165.98,166.47,162.66,163.61,5062913
5/1/2015 16:00:00,165.43,166.2,164.69,165.88,3311952
5/4/2015 16:00:00,166.65,168.4,165.91,166.17,4023850
5/5/2015 16:00:00,165.73,166.42,164.25,165.32,3593465
5/6/2015 16:00:00,165.15,166.25,161.29,162.43,3610931
5/7/2015 16:00:00,162.02,164.27,161.46,163.32,2472627
5/8/2015 16:00:00,165.19,165.56,164.52,164.94,3092599
5/11/2015 16:00:00,164.91,165.23,163.2,163.45,2661030
5/12/2015 16:00:00,162.9,163.8,161.27,162.9,2962107
5/13/2015 16:00:00,163.56,165,163.09,164.56,2457451
5/14/2015 16:00:00,165.72,166.58,165.45,166.25,2439070
5/15/2015 16:00:00,166.11,166.59,164.86,165.49,2916115
5/18/2015 16:00:00,165.66,165.71,164.57,165.3,1970630
5/19/2015 16:00:00,165.21,165.96,164.22,165.7,2523002
5/20/2015 16:00:00,165.56,166.62,164.73,165.97,2300693
5/21/2015 16:00:00,165.55,166.33,165.28,165.57,2295596
5/22/2015 16:00:00,165.28,165.62,164.47,164.5,2849192
5/26/2015 16:00:00,164.39,164.4,161.55,162.5,3854065
5/27/2015 16:00:00,163.49,164.75,162.85,164.29,2764378
5/28/2015 16:00:00,163.76,164.14,163.01,164.01,1731347
5/29/2015 16:00:00,163.67,163.67,162.04,162.04,4091581
6/1/2015 16:00:00,162.58,163.37,161.45,162.55,2985479
6/2/2015 16:00:00,162.05,162.81,160.88,162.04,2571762
6/3/2015 16:00:00,162.86,163.87,162.02,162.3,2131031
6/4/2015 16:00:00,161.93,162.95,160.4,160.83,3079334
6/5/2015 16:00:00,160.71,161.34,159.7,159.89,3100501
6/8/2015 16:00:00,159.67,159.78,157.62,157.93,3758676
6/9/2015 16:00:00,157.93,158.58,156.05,158.25,3395901
6/10/2015 16:00:00,159.03,161.8,158.61,161.35,4680100
6/11/2015 16:00:00,161.67,162.8,160.98,161.21,3464013
6/12/2015 16:00:00,160.69,160.75,159.22,159.5,3065085
6/15/2015 16:00:00,157.92,158.98,156.89,158.81,4245557
6/16/2015 16:00:00,158.87,159.89,158.47,159.36,3249842
6/17/2015 16:00:00,159.51,160.32,158.65,159.67,2862993
6/18/2015 16:00:00,159.56,161.16,159.56,160.71,3330864
6/19/2015 16:00:00,160.1,160.87,159.29,159.5,7072220
6/22/2015 16:00:00,160.13,160.79,159.7,160.21,2335796
6/23/2015 16:00:00,160.83,162.35,160.06,161.06,3701109
6/24/2015 16:00:00,161.15,161.27,159.35,159.48,3548079
6/25/2015 16:00:00,160.28,160.59,158.63,158.63,2408885
6/26/2015 16:00:00,158.78,159.33,157.82,158.04,8945485
6/29/2015 16:00:00,156.57,157.94,155.59,155.66,3314679
6/30/2015 16:00:00,156.64,156.65,154.85,155.37,3597288
7/1/2015 16:00:00,156.62,158.18,156.26,157.11,3214547
7/2/2015 16:00:00,157.65,157.91,157.05,157.69,2851566
7/6/2015 16:00:00,156.48,157.82,156.19,157.34,3079833
7/7/2015 16:00:00,157.54,157.94,154.96,157.6,3549861
7/8/2015 16:00:00,156.65,157.54,155.39,155.84,2776276
7/9/2015 16:00:00,157.93,158.09,156.36,156.5,4199688
7/10/2015 16:00:00,158.23,159.89,158.09,159.46,4538349
7/13/2015 16:00:00,160.4,162.27,160.01,161.79,4228963
7/14/2015 16:00:00,161.83,161.94,160.7,161.05,3025263
7/15/2015 16:00:00,160.93,161.68,160.47,160.97,1997829
7/16/2015 16:00:00,161.87,163.42,161.58,163.33,3529851
7/17/2015 16:00:00,162.69,164.78,162.47,164.78,4356399
7/20/2015 16:00:00,165.04,165.99,164.42,165.45,7340702
7/21/2015 16:00:00,156.97,158.89,154.76,155.76,13749901
7/22/2015 16:00:00,155.43,155.76,152.54,153.16,7180390
7/23/2015 16:00:00,153.08,155.45,152.66,154.48,5032440
7/24/2015 16:00:00,154.06,154.67,152.26,152.59,3777831
7/27/2015 16:00:00,151.87,153,151.49,151.94,3705576
7/28/2015 16:00:00,152.74,153.01,151.39,152.87,2720890
7/29/2015 16:00:00,152.83,154.26,152.24,153.87,3378396
7/30/2015 16:00:00,153.3,154.16,152.59,153.74,1994660
7/31/2015 16:00:00,154.16,154.79,153.43,154.73,3580225
8/3/2015 16:00:00,154.45,154.59,150.82,151.59,4615511
8/4/2015 16:00:00,151.3,151.7,149.84,150.53,5260241
8/5/2015 16:00:00,151.97,152.39,150.42,150.82,3472210
8/6/2015 16:00:00,150.08,150.48,149.18,149.31,3004487
8/7/2015 16:00:00,148.9,149.24,147.42,148.17,3794652
8/10/2015 16:00:00,149.74,150.41,149.12,149.72,4613371
8/11/2015 16:00:00,148.97,149,147.92,148.54,3167051
8/12/2015 16:00:00,147.34,149.5,147.05,149.16,3624842
8/13/2015 16:00:00,149.06,149.09,147.4,148.12,2533318
8/14/2015 16:00:00,148.05,149.21,147.65,148.77,3223734
8/17/2015 16:00:00,148.24,149.66,147.76,149.3,2249424
8/18/2015 16:00:00,148.54,149.5,148.29,149.02,2018337
8/19/2015 16:00:00,148.19,148.69,146.53,147.04,4206005
8/20/2015 16:00:00,145.89,147.01,145.66,145.82,3988485
8/21/2015 16:00:00,144.71,146.32,142.03,142.18,7360972
8/24/2015 16:00:00,137.04,141.14,135.94,137.04,10187493
8/25/2015 16:00:00,140.35,140.51,134.32,134.64,7072279
8/26/2015 16:00:00,137.63,140.39,135.77,140.12,6221097
8/27/2015 16:00:00,141.84,142.29,139.13,141.88,4975966
8/28/2015 16:00:00,141.13,141.56,140.58,141.35,4076211
8/31/2015 16:00:00,140.77,141.75,139.7,141.26,4093078
9/1/2015 16:00:00,138.41,138.48,135.49,136.28,5271786
9/2/2015 16:00:00,138.25,138.58,136.76,138.55,4251878
9/3/2015 16:00:00,139.5,141.39,139.23,140.2,3603468
9/4/2015 16:00:00,138.09,138.88,136.89,137.26,4200698
9/8/2015 16:00:00,139.32,140.73,139.13,140.63,3933010
9/9/2015 16:00:00,142.07,142.36,138.36,138.55,3407733
9/10/2015 16:00:00,139.31,140.56,138.03,139.64,3461658
9/11/2015 16:00:00,139.37,140.89,139.14,140.76,3113953
9/14/2015 16:00:00,140.76,140.76,138.89,139.12,3226737
9/15/2015 16:00:00,140.03,141.3,139.22,140.92,2717035
9/16/2015 16:00:00,141.21,142.21,140.92,141.76,2799233
9/17/2015 16:00:00,141.46,142.97,140.7,141.5,4002844
9/18/2015 16:00:00,139.5,139.82,137.52,138.03,7961845
9/21/2015 16:00:00,138.87,140.39,138.42,139.91,3824861
9/22/2015 16:00:00,138.14,138.56,137.32,137.95,3564015
9/23/2015 16:00:00,137.74,138.09,136.35,137.22,2674225
9/24/2015 16:00:00,136.21,138.57,135.59,137.94,3279338
9/25/2015 16:00:00,139.02,139.71,138.05,138.9,3474279
9/28/2015 16:00:00,137.94,138.86,136.08,136.13,4317014
9/29/2015 16:00:00,135.62,136.26,134.82,136.08,4763509
9/30/2015 16:00:00,137.25,139.18,137.22,138.47,3946153
10/1/2015 16:00:00,138.79,139.14,135.24,137.15,3880747
10/2/2015 16:00:00,134.73,138.11,134.26,138.1,3054028
10/5/2015 16:00:00,139.28,143.17,139.28,142.36,5131669
10/6/2015 16:00:00,142.38,143.42,141.83,142.11,3018074
10/7/2015 16:00:00,143.31,143.97,142.18,143.36,2989915
10/8/2015 16:00:00,142.98,146.16,142.6,145.45,4794300
10/9/2015 16:00:00,145.62,146.28,144.49,145.56,3531007
10/12/2015 16:00:00,145.57,145.74,144.09,144.36,3227636
10/13/2015 16:00:00,144.02,144.02,142.49,142.91,3915707
10/14/2015 16:00:00,142.89,143.9,142.34,143.28,3352507
10/15/2015 16:00:00,144.14,144.46,141.92,143.36,3476219
10/16/2015 16:00:00,143.7,144.42,142.57,143.65,3483599
10/19/2015 16:00:00,143.13,143.25,141.73,142.53,7928606
10/20/2015 16:00:00,136.1,136.47,133.98,134.33,16000818
10/21/2015 16:00:00,133.96,136.26,133.05,134.6,7134626
10/22/2015 16:00:00,135.38,138.57,135.27,137.63,5583085
10/23/2015 16:00:00,138.13,138.97,137.26,138.19,5369804
10/26/2015 16:00:00,138.26,138.5,136.79,137.22,3489428
10/27/2015 16:00:00,137.08,137.38,131.17,131.68,15006351
10/28/2015 16:00:00,131.74,134.9,131.34,134.52,8510027
10/29/2015 16:00:00,134.07,134.51,132.79,134.25,3710345
10/30/2015 16:00:00,134.14,134.99,133.63,133.8,3983980
11/2/2015 16:00:00,134.2,134.22,133.31,134.08,3822212
11/3/2015 16:00:00,133.74,136.4,133.63,135.52,4349317
11/4/2015 16:00:00,136.16,136.25,134.96,135.28,3516890
11/5/2015 16:00:00,135.26,136,133.37,133.62,5096447
11/6/2015 16:00:00,132.39,133.29,131.69,132.05,4744648
11/9/2015 16:00:00,130.97,131.89,128.83,129.24,8074676
11/10/2015 16:00:00,129.29,129.65,128.11,129.4,4520387
11/11/2015 16:00:00,129.99,130.09,128.47,128.97,3164206
11/12/2015 16:00:00,128.66,128.66,127.05,127.08,4700965
11/13/2015 16:00:00,126.99,127.04,125.75,125.84,4609721
11/16/2015 16:00:00,125.88,128.08,125.88,127.71,4190777
11/17/2015 16:00:00,128.2,128.78,127.33,127.82,2814687
11/18/2015 16:00:00,128.75,129.82,128.24,129.73,4148781
11/19/2015 16:00:00,130.1,131.56,129.91,130.61,4753503
11/20/2015 16:00:00,131.21,132.69,131.1,132.29,5176355
11/23/2015 16:00:00,132.32,132.64,130.97,132.25,5137922
11/24/2015 16:00:00,131.48,133.09,131.15,132.39,3407623
11/25/2015 16:00:00,132.17,132.22,131.22,131.81,3238166
11/27/2015 16:00:00,131.81,132.59,131.06,132.25,1415840
11/30/2015 16:00:00,132.4,133.63,132.31,133.17,4545587
12/1/2015 16:00:00,133.32,135.06,133.32,134.95,4195119
12/2/2015 16:00:00,134.61,134.88,133.25,133.44,3725343
12/3/2015 16:00:00,133.82,134.42,131.99,132.69,5906763
12/4/2015 16:00:00,131.9,134.7,131.8,134.13,4567820
12/7/2015 16:00:00,133.88,134.11,132.59,133.29,3279300
12/8/2015 16:00:00,132.08,132.83,131.36,131.86,3904755
12/9/2015 16:00:00,131.22,133.57,130.12,130.48,4614973
12/10/2015 16:00:00,130.89,131.67,129.63,130.65,4221948
12/11/2015 16:00:00,129.17,129.37,127.91,128.54,5333667
12/14/2015 16:00:00,129.24,130.04,128.01,129.84,5141549
12/15/2015 16:00:00,131.24,132.74,131.12,131.61,4238516
12/16/2015 16:00:00,132.88,133.39,131.61,133.04,4345474
12/17/2015 16:00:00,133.1,133.25,130.2,130.62,4088923
12/18/2015 16:00:00,130.29,130.82,128.25,128.85,10008290
12/21/2015 16:00:00,129.74,129.74,128.01,129.42,5616745
12/22/2015 16:00:00,129.79,131.99,129.57,131.75,4263688
12/23/2015 16:00:00,132.1,133.06,131.92,132.33,5164909
12/24/2015 16:00:00,132.22,132.65,131.92,132.05,1495226
12/28/2015 16:00:00,131.56,131.86,130.42,131.44,3143412
12/29/2015 16:00:00,132.05,133.78,132,133.51,3943691
12/30/2015 16:00:00,133.32,134.14,132.98,133.09,2989367
12/31/2015 16:00:00,132.83,132.86,131.4,131.45,3462037
1/4/2016 16:00:00,129.52,129.87,128.22,129.85,5229331
1/5/2016 16:00:00,130.63,130.75,128.8,129.76,3924793
1/6/2016 16:00:00,128.35,129.5,127.63,129.11,4310774
1/7/2016 16:00:00,127.71,128.97,126.49,126.9,7025500
1/8/2016 16:00:00,127.21,127.82,125.43,125.73,4762583
1/11/2016 16:00:00,125.9,127.82,125.85,127.26,4974236
1/12/2016 16:00:00,127.66,127.78,125.25,126.94,5078360
1/13/2016 16:00:00,127.51,128.26,125.22,125.29,4699338
1/14/2016 16:00:00,126.01,127.79,125.34,126.95,5709466
1/15/2016 16:00:00,124.18,125.01,123.09,124.2,9008047
1/19/2016 16:00:00,124.28,126.18,122.32,122.37,9960287
1/20/2016 16:00:00,113.15,118.43,112.71,116.4,16157794
1/21/2016 16:00:00,115.86,119.49,115.17,117.4,8851531
1/22/2016 16:00:00,119.08,119.15,116.31,117.01,9238339
1/25/2016 16:00:00,116.63,118.66,116.19,116.61,5445660
1/26/2016 16:00:00,116.77,118.07,116.76,117.09,4617414
1/27/2016 16:00:00,117.23,117.84,115.24,115.54,5025561
1/28/2016 16:00:00,115.82,117.32,115.58,116.74,3942537
1/29/2016 16:00:00,117.75,119.19,117.45,119.19,8248087
2/1/2016 16:00:00,118.82,119.67,118.16,119.23,3574884
2/2/2016 16:00:00,118.13,118.57,117.14,117.43,3287218
2/3/2016 16:00:00,118.43,119.83,116.81,119.13,6223424
2/4/2016 16:00:00,119.47,122.74,119.4,121.93,5265957
2/5/2016 16:00:00,121.52,122.87,120.21,122.81,7176995
2/8/2016 16:00:00,120.35,121.79,118.56,121.29,7363893
2/9/2016 16:00:00,120.47,121.24,118.22,118.51,5956738
2/10/2016 16:00:00,119.4,119.67,114.47,114.8,6462513
2/11/2016 16:00:00,113.45,114.29,111.66,112.57,7307503
2/12/2016 16:00:00,113.91,115.62,113.04,115.61,4935770
2/16/2016 16:00:00,116.37,117.57,115.9,117.24,4061066
2/17/2016 16:00:00,118.16,120.9,117.72,120.45,4820982
2/18/2016 16:00:00,124.17,127.99,123.93,126.51,9951438
2/19/2016 16:00:00,126.43,127.66,124.97,127.11,5125276
2/22/2016 16:00:00,127.84,128.29,126.47,127.77,4457444
2/23/2016 16:00:00,127.17,127.43,126.09,126.46,3439631
2/24/2016 16:00:00,125.65,127.5,123.87,126.85,4122421
2/25/2016 16:00:00,127.31,128.48,125.01,128.47,4358305
2/26/2016 16:00:00,128.48,128.87,126.03,126.11,4385699
2/29/2016 16:00:00,126.08,127.38,125.03,125.16,4427472
3/1/2016 16:00:00,126.31,128.6,126.11,128.35,3788094
3/2/2016 16:00:00,127.71,131.28,127.25,130.19,5217230
3/3/2016 16:00:00,131.07,131.77,129.97,131.62,5156228
3/4/2016 16:00:00,131.37,133.17,130.88,131.62,3968423
3/7/2016 16:00:00,131.12,134.21,130.74,133.87,5170233
3/8/2016 16:00:00,133.45,134.06,131.26,132.83,5579031
3/9/2016 16:00:00,133.06,135.8,132.99,134.11,4406304
3/10/2016 16:00:00,134.91,135.13,131.9,133.9,4020554
3/11/2016 16:00:00,135.38,136.52,134.21,135.98,4421748
3/14/2016 16:00:00,135.64,136.77,134.72,136.38,4048637
3/15/2016 16:00:00,135.38,136.9,135.19,136.55,3707538
3/16/2016 16:00:00,136.23,138.38,135.74,138.3,4221604
3/17/2016 16:00:00,138.29,140.71,137.97,140.45,1987596
3/18/2016 16:00:00,140.79,140.9,138.99,140.5,12089526
3/21/2016 16:00:00,140.7,142.04,140.14,141.97,3721463
3/22/2016 16:00:00,141.42,142.59,141.21,141.46,4081924
3/23/2016 16:00:00,141.36,141.39,138.62,138.88,4763992
3/24/2016 16:00:00,138.48,141.57,138.01,141.32,5044535
3/28/2016 16:00:00,141.13,141.99,140.63,141.75,3265084
3/29/2016 16:00:00,140.97,143.05,140.89,142.63,3138438
3/30/2016 16:00:00,143.23,143.67,141.67,141.76,3330891
3/31/2016 16:00:00,143.07,146.24,142.66,144.66,6780132
4/1/2016 16:00:00,143.76,146.1,143.51,145.68,3925181
4/4/2016 16:00:00,145.51,146.64,145.1,145.25,3930319
4/5/2016 16:00:00,144.64,144.8,142.94,143.27,3336952
4/6/2016 16:00:00,143.18,143.42,141.18,143.29,4194379
4/7/2016 16:00:00,142.39,142.89,141.36,141.6,3662668
4/8/2016 16:00:00,142.38,143.27,141.48,142.65,3293512
4/11/2016 16:00:00,143.52,145.14,142.53,142.56,3845918
4/12/2016 16:00:00,142.9,143.38,141.92,142.92,3595549
4/13/2016 16:00:00,143.99,144.45,142.92,144.45,3168030
4/14/2016 16:00:00,144.71,145.91,143.64,144.38,3176300
4/15/2016 16:00:00,144.27,145.28,144.19,144.92,3657466
4/18/2016 16:00:00,144.95,146.27,144.7,145.69,6550389
4/19/2016 16:00:00,139.9,140.36,136.22,137.54,13188353
4/20/2016 16:00:00,137.77,140.6,137.54,139.56,6754189
4/21/2016 16:00:00,140.01,143.39,139.89,142.61,6015826
4/22/2016 16:00:00,142.74,144.23,140.89,141.84,5191802
4/25/2016 16:00:00,141.52,142.22,140.51,142.14,2848835
4/26/2016 16:00:00,141.99,143.07,141.27,142.4,2979800
4/27/2016 16:00:00,142.65,144.02,142.29,143.72,3110889
4/28/2016 16:00:00,143.04,143.45,140.15,140.48,3791337
4/29/2016 16:00:00,139.92,140.73,137.73,139.4,4225790
5/2/2016 16:00:00,139.99,140.41,137.95,138.76,3502438
5/3/2016 16:00:00,138.16,138.4,136.49,137.67,3584261
5/4/2016 16:00:00,136.93,138.5,136.88,137.78,2576786
5/5/2016 16:00:00,139.41,140.7,138.93,139.9,6500898
5/6/2016 16:00:00,138.37,141.34,137.99,140.69,4895684
5/9/2016 16:00:00,141.08,141.56,140.42,140.73,4302425
5/10/2016 16:00:00,141.59,143.31,141.12,143.25,3992636
5/11/2016 16:00:00,143,144.32,142.07,142.27,3092908
5/12/2016 16:00:00,142.52,142.69,140.51,142.17,3249032
5/13/2016 16:00:00,142.12,143.14,140.81,141.1,2397902
5/16/2016 16:00:00,141.03,143.27,140.83,142.76,3069051
5/17/2016 16:00:00,142.52,142.8,140.69,141.36,3490574
5/18/2016 16:00:00,141.35,141.86,139.8,140.73,2490991
5/19/2016 16:00:00,139.91,140.34,137.5,138.43,3684875
5/20/2016 16:00:00,139.18,140.9,139.02,140.65,3670262
5/23/2016 16:00:00,140.99,141.32,140.08,140.19,2103733
5/24/2016 16:00:00,140.29,142.08,140.29,141.66,2929132
5/25/2016 16:00:00,142.25,145.27,141.84,144.89,4358029
5/26/2016 16:00:00,144.76,145.67,144.28,145.61,3062934
5/27/2016 16:00:00,145.52,146.07,145.33,145.99,2457112
5/31/2016 16:00:00,145.72,146.91,145.44,146.85,5836645
6/1/2016 16:00:00,146.14,146.4,144.75,145.67,2663337
6/2/2016 16:00:00,145.75,146.62,145.3,146.62,2642401
6/3/2016 16:00:00,145.57,146.18,144.9,146.04,2328056
6/6/2016 16:00:00,146.23,147.05,145.51,145.88,2378662
6/7/2016 16:00:00,146.44,147.03,145.82,146.46,4464985
6/8/2016 16:00:00,146.65,147.18,146.18,147.1,2935026
6/9/2016 16:00:00,146.06,146.87,145.88,146.54,2021796
6/10/2016 16:00:00,145.94,146.46,145.05,145.54,3120295
6/13/2016 16:00:00,144.83,145.66,143.54,144.5,3610407
6/14/2016 16:00:00,144.5,144.98,143.66,144.29,2865833
6/15/2016 16:00:00,144.67,144.99,143.85,143.92,2260406
6/16/2016 16:00:00,143.46,144.51,142.32,144.29,2449064
6/17/2016 16:00:00,144.19,145.87,143.85,145.18,4663870
6/20/2016 16:00:00,145.76,147.74,145.68,146.72,3572048
6/21/2016 16:00:00,147.25,147.64,146.8,147.14,2760344
6/22/2016 16:00:00,146.86,147.77,145.44,146.06,2833364
6/23/2016 16:00:00,146.57,148.51,145.76,148.38,3967419
6/24/2016 16:00:00,143.25,143.86,139.63,140.02,9081442
6/27/2016 16:00:00,139.63,140.03,136.11,137.07,5165300
6/28/2016 16:00:00,138.29,139.2,137.75,139.17,3996007
6/29/2016 16:00:00,139.93,141.82,139.88,141.8,3367719
6/30/2016 16:00:00,142.19,145.1,142,144.97,3966975
7/1/2016 16:00:00,145.37,146.11,144.61,145.52,2658280
7/5/2016 16:00:00,144.41,145.18,144,144.88,2464820
7/6/2016 16:00:00,145.04,145.58,143.2,145.54,2569393
7/7/2016 16:00:00,145.9,146.8,145.08,145.76,2138421
7/8/2016 16:00:00,147.1,147.67,146.22,147.53,3040505
7/11/2016 16:00:00,147.67,149.04,147.57,148.37,2833712
7/12/2016 16:00:00,149.01,150.08,148.55,150,3843773
7/13/2016 16:00:00,150.68,151.24,150.02,150.94,2746239
7/14/2016 16:00:00,151.69,154.16,151.47,153.09,4637624
7/15/2016 16:00:00,152.73,152.81,151.39,152.62,4475458
7/18/2016 16:00:00,152.16,153.54,151.61,152.69,6718567
7/19/2016 16:00:00,154.53,154.87,150.81,152.43,7119917
7/20/2016 16:00:00,152.8,154.46,152.44,154.13,4376186
7/21/2016 16:00:00,153.54,154.59,152.72,153.26,4048867
7/22/2016 16:00:00,153.57,154.9,153.28,154.8,2519777
7/25/2016 16:00:00,154.74,155.58,154.5,155.36,2804578
7/26/2016 16:00:00,155.36,156.26,154.13,154.85,2892969
7/27/2016 16:00:00,154.85,155.28,153.95,154.57,2162680
7/28/2016 16:00:00,154.14,154.56,153.5,154.13,2340369
7/29/2016 16:00:00,154.13,154.42,152.85,153.42,3547395
8/1/2016 16:00:00,153.45,154.4,152.67,154.21,2823578
8/2/2016 16:00:00,154.04,154.21,153.17,153.38,3080699
8/3/2016 16:00:00,152.95,153.65,152.64,153.47,2861565
8/4/2016 16:00:00,153.65,154.45,152.94,154.31,2489003
8/5/2016 16:00:00,154.74,156.18,154.33,156.17,3812345
8/8/2016 16:00:00,155.43,155.95,154.34,154.77,3039109
8/9/2016 16:00:00,154.95,155.47,154.4,154.52,2737530
8/10/2016 16:00:00,154.92,155.37,154.69,154.81,2466525
8/11/2016 16:00:00,154.98,157.55,154.91,156.2,8768582
8/12/2016 16:00:00,155.87,156.13,154.28,154.69,2543079
8/15/2016 16:00:00,155.12,155.66,154.53,154.62,2970215
8/16/2016 16:00:00,153.89,154.67,153.49,153.49,2210229
8/17/2016 16:00:00,153.75,153.93,152.67,153.25,3225919
8/18/2016 16:00:00,153.68,154.74,153.25,154.13,3652013
8/19/2016 16:00:00,153.63,153.7,152.37,152.86,2815163
8/22/2016 16:00:00,152.83,153.37,152,152.83,2039326
8/23/2016 16:00:00,153.14,154.11,153.05,153.07,2838137
8/24/2016 16:00:00,152.72,153,151.22,151.92,3645826
8/25/2016 16:00:00,151.87,152.39,151.32,151.52,2575023
8/26/2016 16:00:00,151.76,153.25,150.77,151.22,2498908
8/29/2016 16:00:00,151.71,153.03,151.39,152.56,2475853
8/30/2016 16:00:00,152.6,152.97,151.69,152.25,1813343
8/31/2016 16:00:00,152.5,152.5,151.16,151.76,2323649
9/1/2016 16:00:00,151.22,152.46,151.01,152.39,2358185
9/2/2016 16:00:00,152.71,153.37,152.01,152.4,2315366
9/6/2016 16:00:00,152.71,153.65,151.98,153.16,2994056
9/7/2016 16:00:00,153.01,154.51,152.83,154.39,2866237
9/8/2016 16:00:00,153.35,153.98,151.64,151.87,3963164
9/9/2016 16:00:00,150.94,151.3,148.67,148.71,5185772
9/12/2016 16:00:00,148.3,151.42,147.9,151.19,4367064
9/13/2016 16:00:00,150.56,150.85,148.53,148.82,3636708
9/14/2016 16:00:00,148.72,148.88,146.51,147.14,3860553
9/15/2016 16:00:00,147.38,149.32,146.34,148.68,3662573
9/16/2016 16:00:00,148.09,148.43,146.59,146.94,6463413
9/19/2016 16:00:00,147.93,149.19,147.62,147.93,2450117
9/20/2016 16:00:00,148.88,149.55,147.53,147.53,2159092
9/21/2016 16:00:00,147.96,148.7,146.97,148.56,2473895
9/22/2016 16:00:00,149.15,150.17,148.71,149.11,2690915
9/23/2016 16:00:00,148.64,149.04,147.77,148.03,2702143
9/26/2016 16:00:00,147.53,147.53,146.58,147.08,2533325
9/27/2016 16:00:00,147.4,149.74,146.91,149.74,2987116
9/28/2016 16:00:00,149.95,151.51,149.23,151.19,3309808
9/29/2016 16:00:00,151.52,157.6,150.4,151.02,3374838
9/30/2016 16:00:00,151.78,152.67,150.97,151.73,3596878
10/3/2016 16:00:00,150.97,151.27,149.98,150.54,2227800
10/4/2016 16:00:00,150.6,151.42,148.83,149.44,2884146
10/5/2016 16:00:00,150.03,150.75,149.69,150.04,1684448
10/6/2016 16:00:00,149.81,150.37,148.9,149.85,1950106
10/7/2016 16:00:00,150.09,150.63,147.92,148.69,2671256
10/10/2016 16:00:00,149.68,151.38,149.63,149.98,2481288
10/11/2016 16:00:00,149.7,149.91,146.99,147.85,2901226
10/12/2016 16:00:00,148.02,148.02,146.22,147.37,2963843
10/13/2016 16:00:00,146.81,147.31,145.44,146.83,2909948
10/14/2016 16:00:00,147.54,148.56,147.18,147.53,4358147
10/17/2016 16:00:00,147.53,148.9,147.42,147.83,5876647
10/18/2016 16:00:00,143.29,144.23,141.16,143.96,12770550
10/19/2016 16:00:00,144.49,145.61,144.07,144.48,4632854
10/20/2016 16:00:00,144.5,146.04,144.25,144.73,4023103
10/21/2016 16:00:00,143.83,144.37,142.85,142.92,4414181
10/24/2016 16:00:00,143.66,144.73,143.66,143.82,2666740
10/25/2016 16:00:00,143.93,144.38,143.11,144.12,2647416
10/26/2016 16:00:00,143.95,146.08,143.52,145,2811728
10/27/2016 16:00:00,145.97,147.15,145.2,146.47,4229226
10/28/2016 16:00:00,147.14,147.52,145.36,145.77,3654446
10/31/2016 16:00:00,145.91,147.41,145.91,146.8,3553172
11/1/2016 16:00:00,146.62,147.01,144.94,145.94,3191924
11/2/2016 16:00:00,145.64,146.47,144.87,145.14,3074438
11/3/2016 16:00:00,145.67,146.85,144.99,145.54,2878728
11/4/2016 16:00:00,145.57,146.75,145.06,145.6,2470353
11/7/2016 16:00:00,147.09,149.11,146.94,148.74,3804529
11/8/2016 16:00:00,147.63,148.94,146.2,148.21,3921044
11/9/2016 16:00:00,146.1,148.59,144.23,147.87,5403688
11/10/2016 16:00:00,150.59,153.93,150.52,153.04,7715807
11/11/2016 16:00:00,152.8,154.11,152.19,154.04,4446530
11/14/2016 16:00:00,154.02,154.6,150.51,151.12,5196498
11/15/2016 16:00:00,151.32,152.01,150.49,151.56,3476996
11/16/2016 16:00:00,151.36,152.4,150.94,152.15,2252806
11/17/2016 16:00:00,152.08,152.76,151.73,152.64,2260997
11/18/2016 16:00:00,152.64,153.51,152.07,153.2,2981633
11/21/2016 16:00:00,153.49,155.69,153.18,155.47,4637027
11/22/2016 16:00:00,155.69,155.69,154.69,155.38,2770789
11/23/2016 16:00:00,154.68,155.1,154.12,154.72,2256135
11/25/2016 16:00:00,154.57,155.87,154.57,155.83,1605344
11/28/2016 16:00:00,155.88,157.28,155.41,157.14,4449345
11/29/2016 16:00:00,156.65,157.04,155.72,156.2,3148196
11/30/2016 16:00:00,156.03,156.46,154.94,154.95,4397777
12/1/2016 16:00:00,154.69,154.92,151.2,152.65,4635215
12/2/2016 16:00:00,151.87,153.1,151.31,152.85,2740857
12/5/2016 16:00:00,153.64,153.92,152.43,152.67,3447052
12/6/2016 16:00:00,152.95,153.58,151.8,153.16,2858766
12/7/2016 16:00:00,153.4,157.77,153.2,157.4,4434863
12/8/2016 16:00:00,157.48,158.56,156.86,157.95,3266336
12/9/2016 16:00:00,157.77,159.24,157.22,159.05,3146830
12/12/2016 16:00:00,159.24,159.31,157.67,158.08,3392330
12/13/2016 16:00:00,158.25,162.33,158.25,160.74,5930857
12/14/2016 16:00:00,160.82,162.27,159.94,160.95,4123821
12/15/2016 16:00:00,160.48,162.23,160.26,160.49,3387535
12/16/2016 16:00:00,161.39,161.53,158.61,159.25,7117050
12/19/2016 16:00:00,159.35,159.76,158.56,159.21,2955864
12/20/2016 16:00:00,159.98,160.71,158.99,160.09,2174509
12/21/2016 16:00:00,158.8,160.41,157.84,159.83,3575310
12/22/2016 16:00:00,159.86,160.69,159.11,159.57,2802631
12/23/2016 16:00:00,159.51,159.98,158.99,159.24,1701228
12/27/2016 16:00:00,159.49,160.45,159.37,159.65,1397455
12/28/2016 16:00:00,159.79,160.22,158.56,158.74,1757500
12/29/2016 16:00:00,158.58,159.5,158.56,159.13,1663142
12/30/2016 16:00:00,158.98,159.23,158.08,158.55,2952750
1/3/2017 16:00:00,159.51,160.34,158.57,159.69,2934119
1/4/2017 16:00:00,160.25,162.25,159.86,161.67,3381432
1/5/2017 16:00:00,161.66,161.8,159.76,161.14,2682181
1/6/2017 16:00:00,161.13,162.3,160.01,161.93,2945536
1/9/2017 16:00:00,161.87,162.19,160.1,160.13,3189413
1/10/2017 16:00:00,160.45,160.55,157.93,158.1,4118194
1/11/2017 16:00:00,158.6,160.24,158.18,160.23,3599464
1/12/2017 16:00:00,160.25,160.48,158.14,160.42,2927953
1/13/2017 16:00:00,160.44,160.93,159.39,159.84,2875319
1/17/2017 16:00:00,159.22,160.64,158.67,160.36,3315305
1/18/2017 16:00:00,159.94,161.03,159.22,159.32,4005776
1/19/2017 16:00:00,159.47,159.94,158.37,159.33,6947882
1/20/2017 16:00:00,160.29,162.99,158.56,162.9,12607197
1/23/2017 16:00:00,162.45,163.57,162.39,163.36,5477519
1/24/2017 16:00:00,163.68,168.11,163.49,168.01,6951386
1/25/2017 16:00:00,168.36,171.21,168.23,170.3,5922462
1/26/2017 16:00:00,170.08,170.86,169.55,170.65,3063924
1/27/2017 16:00:00,170.47,171.17,169.35,169.35,3482110
1/30/2017 16:00:00,169.04,169.13,166.75,167.92,4093755
1/31/2017 16:00:00,167.2,167.71,165.83,166.7,4134574
2/1/2017 16:00:00,167.15,167.82,165.14,166.48,2795445
2/2/2017 16:00:00,166.42,167.13,165.77,166.75,2620386
2/3/2017 16:00:00,167.15,168.43,167.05,167.94,3309258
2/6/2017 16:00:00,167.45,168.09,166.56,167.98,2650535
2/7/2017 16:00:00,168.11,170.61,168.01,170.46,3873250
2/8/2017 16:00:00,169.54,169.54,167.99,168.27,2913126
2/9/2017 16:00:00,168.27,169.83,168.02,169.26,3090710
2/10/2017 16:00:00,169.42,170.85,168.83,170.67,2930510
2/13/2017 16:00:00,171.2,171.83,170.82,171.32,3093261
2/14/2017 16:00:00,170.56,172.05,170.35,172.05,2775858
2/15/2017 16:00:00,172.12,173.76,171.75,173.53,2914240
2/16/2017 16:00:00,173.31,174.59,172.76,173.3,3251547
2/17/2017 16:00:00,173.12,173.43,171.93,172.57,3552305
2/21/2017 16:00:00,172.5,172.68,171.09,172.18,4480199
2/22/2017 16:00:00,172.02,173.21,172.02,173.03,3020540
2/23/2017 16:00:00,173.84,174.32,172.81,173.51,2282526
2/24/2017 16:00:00,172.13,173.35,171.82,173.22,3299093
2/27/2017 16:00:00,173.07,173.12,171.24,171.36,3691317
2/28/2017 16:00:00,171.34,172.53,171.31,171.76,3273420
3/1/2017 16:00:00,172.39,174.37,171.96,173.79,3005248
3/2/2017 16:00:00,173.73,173.73,172.34,172.44,2918153
3/3/2017 16:00:00,171.97,173.19,171.7,171.98,1825013
3/6/2017 16:00:00,171.66,172.88,171.52,172.38,3203804
3/7/2017 16:00:00,172.61,173.16,172.12,172.29,2977626
3/8/2017 16:00:00,172.65,172.84,171.26,171.4,3557396
3/9/2017 16:00:00,171.12,171.21,167.99,169.24,5443882
3/10/2017 16:00:00,170.22,171.44,169.47,169.86,3100316
3/13/2017 16:00:00,169.88,170.08,168.51,168.55,3482189
3/14/2017 16:00:00,168.28,168.89,167.36,167.84,3147497
3/15/2017 16:00:00,167.83,168.38,166.91,167.93,3813810
3/16/2017 16:00:00,170.46,170.97,168.89,169.29,4311838
3/17/2017 16:00:00,168.39,168.86,167.77,167.77,5920267
3/20/2017 16:00:00,167.77,168.28,167.29,167.82,2475875
3/21/2017 16:00:00,168.12,168.33,166.05,166.08,3927541
3/22/2017 16:00:00,166.24,167.21,165.05,166.94,3450362
3/23/2017 16:00:00,166.61,167.79,165.78,166.98,3739976
3/24/2017 16:00:00,167.27,167.63,165.62,166.04,3221672
3/27/2017 16:00:00,164.95,166.35,164.38,165.98,3259023
3/28/2017 16:00:00,166.14,167.15,165.24,166.69,3523370
3/29/2017 16:00:00,166.49,166.67,165.68,166.14,3084865
3/30/2017 16:00:00,166.06,166.76,165.9,166.06,3168254
3/31/2017 16:00:00,166.18,167.11,165.9,166.33,2913509
4/3/2017 16:00:00,166.03,167.03,165.61,166.68,4286498
4/4/2017 16:00:00,165.74,167.12,165.49,166.7,3108870
4/5/2017 16:00:00,166.87,168.42,165.06,165.13,6238854
4/6/2017 16:00:00,165.69,165.69,164.53,164.72,3435363
4/7/2017 16:00:00,164.36,165.18,163.6,164.42,3588302
4/10/2017 16:00:00,164.79,164.82,163.33,163.52,3789786
4/11/2017 16:00:00,163,163.55,161.4,162.93,4891871
4/12/2017 16:00:00,163.37,163.52,162.4,163.01,3276921
4/13/2017 16:00:00,162.3,163.68,161.93,161.93,3205462
4/17/2017 16:00:00,162.14,163.62,162.01,163.43,3719605
4/18/2017 16:00:00,163.13,163.99,162.22,162.43,6305863
4/19/2017 16:00:00,154.51,155.35,152.44,154.44,19283389
4/20/2017 16:00:00,154.09,155.12,153.3,155.02,6486809
4/21/2017 16:00:00,154.78,154.84,153.19,153.19,5606940
4/24/2017 16:00:00,154.06,154.33,153.23,153.54,5320608
4/25/2017 16:00:00,154.53,154.77,153.19,153.2,4858329
4/26/2017 16:00:00,153.33,153.88,152.72,152.88,4327991
4/27/2017 16:00:00,153.1,153.28,152.47,153.13,4122908
4/28/2017 16:00:00,153.3,153.39,152.54,153.1,4154109
5/1/2017 16:00:00,152.87,153.23,151.58,151.72,4934859
5/2/2017 16:00:00,152.29,152.34,151.53,151.97,3208234
5/3/2017 16:00:00,151.62,152.3,151.41,151.52,3993292
5/4/2017 16:00:00,151.77,152,151.26,151.92,4280613
5/5/2017 16:00:00,146.64,148.8,146.14,148.1,12517190
5/8/2017 16:00:00,145.95,146.59,145.38,146.17,7491055
5/9/2017 16:00:00,145.76,146.24,144.76,145.29,6851963
5/10/2017 16:00:00,144.85,145.54,144.35,144.47,4999811
5/11/2017 16:00:00,144.28,144.37,143.07,143.9,5627962
5/12/2017 16:00:00,143.56,144.48,143.27,143.63,3715302
5/15/2017 16:00:00,143.87,145.02,143.7,144.72,4233971
5/16/2017 16:00:00,144.86,147.09,144.86,146.79,5513690
5/17/2017 16:00:00,146.43,147.23,144.12,144.16,5189344
5/18/2017 16:00:00,144.1,144.54,143.38,144.02,3274371
5/19/2017 16:00:00,144.24,145.62,144.12,145.17,5643263
5/22/2017 16:00:00,145.28,145.99,144.8,145.8,3302139
5/23/2017 16:00:00,145.73,146.79,145.11,145.21,2564503
5/24/2017 16:00:00,145.39,145.91,144.45,145.67,3732399
5/25/2017 16:00:00,146.38,146.84,146.09,146.33,2582814
5/26/2017 16:00:00,146,146.14,145.24,145.65,2443363
5/30/2017 16:00:00,145.14,145.82,144.79,144.93,3666032
5/31/2017 16:00:00,145.21,145.95,144.85,145.79,3543404
6/1/2017 16:00:00,145.95,146.02,144.83,145.82,2918122
6/2/2017 16:00:00,146.21,146.33,144.99,145.23,3585701
6/5/2017 16:00:00,145.01,146.07,144.88,145.58,3975068
6/6/2017 16:00:00,145.18,146.04,145.18,145.54,3797173
6/7/2017 16:00:00,146.19,147.29,144.04,144.21,4862960
6/8/2017 16:00:00,144.23,145.97,144.15,145.28,3708962
6/9/2017 16:00:00,145.18,147.35,145.07,147.19,4361174
6/12/2017 16:00:00,147.28,150.15,147.11,148.22,6470545
6/13/2017 16:00:00,148.47,148.51,147.24,147.33,3523529
6/14/2017 16:00:00,147.07,147.99,146.08,146.91,3049724
6/15/2017 16:00:00,146.42,147.75,146.42,147.31,4654197
6/16/2017 16:00:00,147.31,148.45,146.11,148.41,6741763
6/19/2017 16:00:00,148.54,148.87,147.61,147.9,4629492
6/20/2017 16:00:00,147.55,148.42,147.33,148,4481805
6/21/2017 16:00:00,148.81,148.81,146.51,146.89,3959414
6/22/2017 16:00:00,147.62,148.04,146.8,147.48,2376481
6/23/2017 16:00:00,147.42,147.74,146.9,147.2,3282201
6/26/2017 16:00:00,147.77,148.77,147.7,148.27,2153343
6/27/2017 16:00:00,148.05,148.38,147.57,147.81,2386491
6/28/2017 16:00:00,148.19,148.58,147.84,148.36,2217329
6/29/2017 16:00:00,148.38,148.76,146.73,147.22,3262159
6/30/2017 16:00:00,147.36,147.57,146.27,146.93,3571536
7/3/2017 16:00:00,146.69,149.03,146.64,148.6,2822651
7/5/2017 16:00:00,148.79,148.9,146.74,146.78,3564354
7/6/2017 16:00:00,146.48,146.93,145.4,145.53,2757522
7/7/2017 16:00:00,145.78,146.61,145.32,146.08,2460060
7/10/2017 16:00:00,146.05,146.99,145.79,146.54,3206209
7/11/2017 16:00:00,146.39,146.76,145.23,146.32,3447509
7/12/2017 16:00:00,146.6,147.32,146.19,146.81,3097850
7/13/2017 16:00:00,146.81,147.28,146.32,146.74,2476112
7/14/2017 16:00:00,147.1,147.68,146.52,147.32,3256218
7/17/2017 16:00:00,146.7,146.98,145.41,146.15,4761245
7/18/2017 16:00:00,145.53,147.37,145.18,147.1,7524443
7/19/2017 16:00:00,143.29,143.51,140.13,140.92,14292355
7/20/2017 16:00:00,140.92,142.16,140.44,141.04,7211974
7/21/2017 16:00:00,140.97,141.24,139.94,140.49,6509459
7/24/2017 16:00:00,140.41,140.45,139.26,139.44,3877310
7/25/2017 16:00:00,140,140.88,139.48,139.64,4208850
7/26/2017 16:00:00,139.71,139.89,137.99,138.84,3932331
7/27/2017 16:00:00,138.5,138.88,137.2,138.57,6430508
7/28/2017 16:00:00,138.32,138.54,137.39,137.82,3054710
7/31/2017 16:00:00,137.91,138.43,137.71,138.18,4355507
8/1/2017 16:00:00,138.5,139.14,138.23,138.79,3219325
8/2/2017 16:00:00,138.61,138.78,137.75,137.97,3539739
8/3/2017 16:00:00,137.95,138.82,137.95,138.44,3035213
8/4/2017 16:00:00,138.5,138.87,137.93,138.65,2549397
8/7/2017 16:00:00,138.5,138.58,136.35,137.04,4617942
8/8/2017 16:00:00,135.63,136.36,135.63,135.74,3297788
8/9/2017 16:00:00,135.39,135.66,134.86,135.41,2925706
8/10/2017 16:00:00,135.29,136.03,134.9,135.48,4525159
8/11/2017 16:00:00,136.06,136.2,135.17,135.48,3004210
8/14/2017 16:00:00,135.63,136.36,135.58,135.94,2248107
8/15/2017 16:00:00,136.16,136.91,134.28,135.7,4681545
8/16/2017 16:00:00,135.43,136.5,135.26,136.11,3287556
8/17/2017 16:00:00,136.13,136.48,134.39,134.39,4421762
8/18/2017 16:00:00,134.55,134.82,133.32,133.44,4152549
8/21/2017 16:00:00,133.33,134.12,132.89,134.04,3190691
8/22/2017 16:00:00,134.33,134.82,134.09,134.69,2544346
8/23/2017 16:00:00,134.39,136.64,134.37,135.77,4048017
8/24/2017 16:00:00,136.11,137.24,135.87,136.53,3591673
8/25/2017 16:00:00,136.88,137.73,136.83,137.3,2872893
8/28/2017 16:00:00,137.65,138.08,136.01,136.12,5133981
8/29/2017 16:00:00,135.73,136.99,135.54,136.72,3008020
8/30/2017 16:00:00,136.84,136.86,136.02,136.17,2735966
8/31/2017 16:00:00,136.61,137.22,136.24,136.62,3656428
9/1/2017 16:00:00,136.57,138.02,136.57,137.62,3351705
9/5/2017 16:00:00,137.07,137.89,136.3,136.63,3098700
9/6/2017 16:00:00,137.43,137.99,137.07,137.37,3271344
9/7/2017 16:00:00,137.64,138.15,136.02,136.49,4188154
9/8/2017 16:00:00,136.73,136.73,135.29,136.06,3366144
9/11/2017 16:00:00,137.1,138.62,136.6,138.37,4613381
9/12/2017 16:00:00,138.6,139.81,138.03,139.22,5237848
9/13/2017 16:00:00,138.83,139.73,138.82,139.44,4100980
9/14/2017 16:00:00,139.32,139.82,138.99,139.01,3756699
9/15/2017 16:00:00,138.33,138.66,137.62,138.33,7397233
9/18/2017 16:00:00,138.32,138.96,137.8,138.07,3019514
9/19/2017 16:00:00,138.3,138.48,137.75,137.92,3464383
9/20/2017 16:00:00,138.43,139.34,137.94,139.34,5447519
9/21/2017 16:00:00,139.12,139.35,138.59,138.75,2554596
9/22/2017 16:00:00,139.06,139.06,138.11,138.62,2792200
9/25/2017 16:00:00,138.61,139.48,138.41,139.33,5213144
9/26/2017 16:00:00,139.8,140.81,139.4,139.99,4487620
9/27/2017 16:00:00,140.1,140.31,138.53,139.13,3501906
9/28/2017 16:00:00,138.81,139.32,137.74,139.13,2774775
9/29/2017 16:00:00,138.93,139.16,138.42,138.58,2654321
10/2/2017 16:00:00,138.83,140.28,138.7,140.08,2973073
10/3/2017 16:00:00,140.11,140.6,139.78,140.2,2302699
10/4/2017 16:00:00,140.41,140.43,139.56,139.91,2244033
10/5/2017 16:00:00,140.1,140.92,139.91,140.14,2686539
10/6/2017 16:00:00,140.07,140.27,139.76,139.91,2623174
10/9/2017 16:00:00,139.93,141.16,139.79,140.78,2682556
10/10/2017 16:00:00,141.09,142.27,141.03,141.84,4032601
10/11/2017 16:00:00,141.75,141.81,140.68,141,3702238
10/12/2017 16:00:00,140.94,141.26,140.19,140.44,3264344
10/13/2017 16:00:00,140.87,141.22,140.35,140.5,2506584
10/16/2017 16:00:00,140.62,141.05,139.94,140.25,3052091
10/17/2017 16:00:00,140.06,140.52,139.63,139.97,6372393
10/18/2017 16:00:00,150.08,154,149.91,152.38,30490192
10/19/2017 16:00:00,152.64,153.74,151.95,153.69,9914169
10/20/2017 16:00:00,153.85,155.2,152.61,154.8,7868803
10/23/2017 16:00:00,154.78,155.22,152.39,152.4,5779378
10/24/2017 16:00:00,152.49,152.54,148.21,148.89,8194690
10/25/2017 16:00:00,149.02,149.36,146.2,146.62,6921137
10/26/2017 16:00:00,147.39,148.17,146.66,146.71,4300543
10/27/2017 16:00:00,147.61,147.7,146.06,146.79,4895186
10/30/2017 16:00:00,146.87,147.66,145.86,147.44,4210402
10/31/2017 16:00:00,147.41,147.98,146.07,147.15,4328258
11/1/2017 16:00:00,147.19,147.95,146.93,147.12,3240246
11/2/2017 16:00:00,147.27,147.56,146.05,146.47,3397628
11/3/2017 16:00:00,146.54,146.59,144.7,144.78,4431825
11/6/2017 16:00:00,144.97,145.01,143.54,144.08,4498871
11/7/2017 16:00:00,144.58,144.72,143.75,144.56,3701052
11/8/2017 16:00:00,144.8,144.99,143.54,144.77,4634439
11/9/2017 16:00:00,143.21,144.99,143.14,143.56,4776532
11/10/2017 16:00:00,143.9,144.12,142.45,142.47,4307276
11/13/2017 16:00:00,142.2,142.32,141.29,141.75,5107546
11/14/2017 16:00:00,141.32,142.29,140.88,142.21,3757951
11/15/2017 16:00:00,141.36,142.04,139.66,140.5,4773328
11/16/2017 16:00:00,141.11,142.94,140.89,142.43,5446453
11/17/2017 16:00:00,142.64,143.42,142.16,142.29,4916500
11/20/2017 16:00:00,143.89,145.14,143.18,143.76,5676495
11/21/2017 16:00:00,144.52,145.61,144.42,145.14,3756184
11/22/2017 16:00:00,145.18,145.56,144.54,144.97,3213596
11/24/2017 13:00:00,145.14,145.38,144.54,145.03,1193025
11/27/2017 16:00:00,145.24,145.65,144.82,145.17,3374042
11/28/2017 16:00:00,145.52,146.07,144.9,145.63,3973670
11/29/2017 16:00:00,145.96,146.72,145.35,146.67,5098702
11/30/2017 16:00:00,146.76,147.49,146.22,147.07,6500769
12/1/2017 16:00:00,147.48,148.07,146.06,147.82,5567852
12/4/2017 16:00:00,148.69,149.77,148.12,149.44,4664316
12/5/2017 16:00:00,149.44,149.71,147.74,148.38,5068043
12/6/2017 16:00:00,148.71,149.22,147.18,147.19,3410728
12/7/2017 16:00:00,147.12,147.53,146.39,146.68,3771429
12/8/2017 16:00:00,147.04,148.08,146.67,147.87,3520281
12/11/2017 16:00:00,148.02,148.9,147.64,148.44,4102719
12/12/2017 16:00:00,148.24,150.77,148.2,149.71,6321801
12/13/2017 16:00:00,149.58,149.7,146.99,147.01,5661618
12/14/2017 16:00:00,147.67,148.16,146.81,147.1,4637440
12/15/2017 16:00:00,146.72,146.9,145.21,145.66,11279854
12/18/2017 16:00:00,146.7,147.27,146.34,146.46,5092838
12/19/2017 16:00:00,147.14,147.26,146.23,146.36,4116449
12/20/2017 16:00:00,146.76,146.99,145.93,146.09,3785667
12/21/2017 16:00:00,146.3,146.58,144.7,144.71,4153935
12/22/2017 16:00:00,145.01,146.14,144.71,145.66,2990583
12/26/2017 16:00:00,145.67,146.96,145.66,145.98,2479017
12/27/2017 16:00:00,146.09,146.31,145.77,146.26,2149257
12/28/2017 16:00:00,146.33,147.21,146.33,147.13,2687624
12/29/2017 16:00:00,147.26,147.78,146.54,146.54,3327087
1/2/2018 16:00:00,147.57,147.87,146.66,147.33,4202503
1/3/2018 16:00:00,150.29,152.64,149.32,151.38,9441567
1/4/2018 16:00:00,152.49,155.05,152.22,154.45,7556249
1/5/2018 16:00:00,155.16,155.6,153.88,155.2,5195764
1/8/2018 16:00:00,155.37,156.56,154.45,156.14,5237523
1/9/2018 16:00:00,156.55,157.15,155.75,156.48,4341810
1/10/2018 16:00:00,155.61,156.96,155.21,156.82,4174105
1/11/2018 16:00:00,157.41,157.54,155.98,156.84,3794453
1/12/2018 16:00:00,156.67,157.35,155.72,155.83,5031886
1/16/2018 16:00:00,157.7,157.88,156.03,156.5,7794195
1/17/2018 16:00:00,160.48,161.54,159.76,161.09,11710033
1/18/2018 16:00:00,162.38,163.46,160.61,161.54,14259345
1/19/2018 16:00:00,157.09,157.98,154.07,155.09,21172488
1/22/2018 16:00:00,154.27,156.63,153.89,155.31,8480795
1/23/2018 16:00:00,155.52,158.81,155.22,158.8,7466232
1/24/2018 16:00:00,159.27,161.16,157.43,157.96,5645003
1/25/2018 16:00:00,158.47,159.3,157.78,158.05,3302520
1/26/2018 16:00:00,158.67,159.91,158.36,159.84,3787913
1/29/2018 16:00:00,159.94,160.84,158.57,159.32,3516995
1/30/2018 16:00:00,158.76,159.29,155.84,156.28,4902341
1/31/2018 16:00:00,156.41,157.59,155.46,156.36,4072830
2/1/2018 16:00:00,155.87,156.77,154.64,155.12,4434242
2/2/2018 16:00:00,154.45,154.74,151.74,151.9,5251938
2/5/2018 16:00:00,150.81,151.39,143.27,145.69,8746599
2/6/2018 16:00:00,143.55,148.52,142.42,148.38,9867678
2/7/2018 16:00:00,147.26,148.38,146.41,146.95,6149207
2/8/2018 16:00:00,145.64,146.29,140.89,140.97,6779095
2/9/2018 16:00:00,141.94,143.79,137.92,142.81,7828290
2/12/2018 16:00:00,144.13,145.57,143.56,144.61,5881377
2/13/2018 16:00:00,144.13,144.4,142.93,143.99,4891010
2/14/2018 16:00:00,143.46,148.05,143.27,147.82,5479033
2/15/2018 16:00:00,148.53,149.83,146.81,149.02,5623581
2/16/2018 16:00:00,148.73,150.72,148.71,149.18,4282908
2/20/2018 16:00:00,148.81,148.97,146.97,148.2,4489604
2/21/2018 16:00:00,148.46,149.76,147,147.06,3728571
2/22/2018 16:00:00,147.57,148.09,145.94,146.31,4024627
2/23/2018 16:00:00,147.38,148.87,147.16,148.55,3256074
2/26/2018 16:00:00,148.82,151.76,148.54,151.47,3610292
2/27/2018 16:00:00,151.36,152.62,149.51,149.53,4237283
2/28/2018 16:00:00,150.44,151.05,148.81,148.84,3803512
3/1/2018 16:00:00,148.56,149.94,145.94,146.91,4039339
3/2/2018 16:00:00,145.94,147.82,145.07,147.56,3261141
3/5/2018 16:00:00,147.21,150.43,146.86,149.91,3670630
3/6/2018 16:00:00,150.23,150.81,148.2,148.74,3685736
3/7/2018 16:00:00,148.05,151.71,147.79,151.22,4607677
3/8/2018 16:00:00,151.87,152.42,148.12,149.21,6455612
3/9/2018 16:00:00,150.41,152.43,150.25,152.17,5022238
3/12/2018 16:00:00,152.48,153.8,151.75,153.07,5063497
3/13/2018 16:00:00,152.91,154.84,151.69,152.18,4185590
3/14/2018 16:00:00,152.99,153.48,150.67,151.03,3631825
3/15/2018 16:00:00,151.59,154.02,151.41,152.45,3870595
3/16/2018 16:00:00,152.88,154.72,152.48,153.07,9262656
3/19/2018 16:00:00,152.55,152.72,149.44,150.3,5481983
3/20/2018 16:00:00,150.46,150.85,148.33,149.2,4336738
3/21/2018 16:00:00,149.55,151.11,148.93,149.66,3482184
3/22/2018 16:00:00,148.05,148.29,145.18,145.27,4746349
3/23/2018 16:00:00,145.42,145.74,141.88,142.21,4440883
3/26/2018 16:00:00,144.43,146.77,143.54,146.49,4103904
3/27/2018 16:00:00,147.05,147.93,144.38,145.1,3883745
3/28/2018 16:00:00,145.25,146.96,145.08,145.68,3664826
3/29/2018 16:00:00,146.21,146.99,144.31,146.55,3419959
4/2/2018 16:00:00,146.46,146.5,141.77,143.34,5150435
4/3/2018 16:00:00,144.04,144.23,141.65,143.13,4135696
4/4/2018 16:00:00,141.26,147.54,140.84,147.21,4805261
4/5/2018 16:00:00,147.52,147.97,146.46,147.12,3185388
4/6/2018 16:00:00,146.58,147.05,142.84,143.82,3672919
4/9/2018 16:00:00,144.99,147.73,144.94,145.84,4413178
4/10/2018 16:00:00,148.08,149.58,147.81,148.42,3955952
4/11/2018 16:00:00,147.45,148.8,146.98,148.39,3306539
4/12/2018 16:00:00,149.72,151.85,149.65,150.98,5639444
4/13/2018 16:00:00,151.56,152.08,148.92,149.68,4057058
4/16/2018 16:00:00,150.91,152,150.6,150.81,4186755
4/17/2018 16:00:00,151.7,154.74,151.4,153.7,10207534
4/18/2018 16:00:00,145.32,145.79,141.61,142.12,20381695
4/19/2018 16:00:00,142.5,142.52,140.05,141.08,8086056
4/20/2018 16:00:00,141.27,141.34,138.03,138.4,8265643
4/23/2018 16:00:00,138.53,139.42,137.86,139.32,5315625
4/24/2018 16:00:00,139.94,140.7,138.05,139.03,4916476
4/25/2018 16:00:00,139.25,139.84,137.65,139.4,7326379
4/26/2018 16:00:00,140.03,140.75,139.64,140.14,4265812
4/27/2018 16:00:00,140.26,140.65,139.13,139.91,3205482
4/30/2018 16:00:00,140.28,140.77,138.46,138.46,4415533
5/1/2018 16:00:00,138.16,138.52,137.04,138.5,4433393
5/2/2018 16:00:00,137.98,138.33,135.7,136.06,5194917
5/3/2018 16:00:00,135.76,135.85,133.63,135.62,5018592
5/4/2018 16:00:00,134.77,137.88,133.99,137.46,4402170
5/7/2018 16:00:00,137.54,137.85,136.24,136.8,3657009
5/8/2018 16:00:00,136.59,137.07,135.69,136.59,5369119
5/9/2018 16:00:00,135.54,136.61,134.95,136.22,4195953
5/10/2018 16:00:00,136.73,137.86,136.6,137.77,3726608
5/11/2018 16:00:00,137.65,138.36,137.14,137.68,3073167
5/14/2018 16:00:00,137.99,138.61,137.68,137.83,3216062
5/15/2018 16:00:00,137.07,137.53,136.51,137.3,4089397
5/16/2018 16:00:00,137.26,138.53,136.85,138.15,3168659
5/17/2018 16:00:00,138.02,138.68,137.32,138.02,3147659
5/18/2018 16:00:00,138.02,138.68,137.32,138.02,1818
5/21/2018 16:00:00,138.45,139.49,138.19,138.97,2894698
5/22/2018 16:00:00,139,139.65,138.5,138.58,2284020
5/23/2018 16:00:00,137.88,138.21,137.05,138.18,3459747
5/24/2018 16:00:00,137.92,138,136.54,137.61,3398701
5/25/2018 16:00:00,137.45,138.09,137.03,137.2,4914294
5/29/2018 16:00:00,136.14,136.48,133.92,134.89,4537638
5/30/2018 16:00:00,135.54,136.68,135.46,136.23,5118530
5/31/2018 16:00:00,136.41,136.41,134.73,134.97,6830256
6/1/2018 16:00:00,136.04,136.44,135.27,135.59,3857530
6/4/2018 16:00:00,135.92,136.75,135.81,136.63,3035257
6/5/2018 16:00:00,136.64,137.62,136.63,137.26,2836017
6/6/2018 16:00:00,137.87,138.23,137.1,138.22,3220139
6/7/2018 16:00:00,138.5,140.12,138.43,138.84,4316484
6/8/2018 16:00:00,138.5,139.86,137.9,139.59,5210468
6/11/2018 16:00:00,140.05,140.8,139.59,140.01,3259986
6/12/2018 16:00:00,140.5,140.91,140.05,140.28,2640515
6/13/2018 16:00:00,140.21,140.86,139.64,139.79,2968180
6/14/2018 16:00:00,140.07,140.39,138.58,138.69,3326343
6/15/2018 16:00:00,138.4,138.95,137.26,138.87,9116048
6/18/2018 16:00:00,137.72,138.04,136.72,138,4286406
6/19/2018 16:00:00,136.7,137.75,136.54,137.45,3487015
6/20/2018 16:00:00,137.75,138.04,136.02,136.24,3329917
6/21/2018 16:00:00,136.2,136.72,134.52,134.92,3887650
6/22/2018 16:00:00,135.29,135.45,134.47,134.95,6013678
6/25/2018 16:00:00,134.11,134.11,132.08,132.57,8937085
6/26/2018 16:00:00,133.11,133.58,132.13,132.84,4139455
6/27/2018 16:00:00,132.87,133.51,131.29,131.32,4101828
6/28/2018 16:00:00,131.91,134.24,131.76,133.76,4523666
6/29/2018 16:00:00,134.03,135.02,133.35,133.44,3753684
7/2/2018 16:00:00,132.08,133.93,132,133.59,3405642
7/3/2018 13:00:00,134.34,134.62,133.12,133.31,1963232
7/5/2018 16:00:00,134.18,135.09,133.66,135.09,3744730
7/6/2018 16:00:00,135.18,136.53,134.84,136.09,2910426
7/9/2018 16:00:00,136.2,138.23,136.08,137.92,3904652
7/10/2018 16:00:00,138.03,139.06,137.79,138.22,3776991
7/11/2018 16:00:00,137.54,139.64,137.54,138.44,3526565
7/12/2018 16:00:00,139.31,140.25,139.21,139.88,3119505
7/13/2018 16:00:00,139.88,140.39,139.26,139.36,3067638
7/16/2018 16:00:00,139.14,139.25,137.74,138.94,3468817
7/17/2018 16:00:00,138.26,138.5,136.91,137.06,5096741
7/18/2018 16:00:00,137.08,138.31,136.34,138.04,6935288
7/19/2018 16:00:00,141.22,143.79,140.65,142.55,14655804
7/20/2018 16:00:00,141.92,142.19,139.7,139.79,6415972
7/23/2018 16:00:00,139.79,140.12,138.51,139.17,3897892
7/24/2018 16:00:00,140.12,140.45,139.38,139.82,3891625
7/25/2018 16:00:00,139.46,140.07,138.98,140.05,3623182
7/26/2018 16:00:00,140.82,142.58,140.06,140.13,4778022
7/27/2018 16:00:00,140.3,140.54,138.17,138.64,3749642
7/30/2018 16:00:00,138.31,139.68,138.2,138.97,3608283
7/31/2018 16:00:00,139.21,139.26,137.7,138.43,5474478
8/1/2018 16:00:00,138.27,138.68,136.91,137.07,3388386
8/2/2018 16:00:00,136.45,136.93,135.95,136.55,3841447
8/3/2018 16:00:00,136.82,141.29,136.59,141.08,8053567
8/6/2018 16:00:00,140.36,140.6,139.04,139.48,3913743
8/7/2018 16:00:00,140.07,141.02,139.79,140.42,3508758
8/8/2018 16:00:00,140.72,140.82,139.68,140.3,3581746
8/9/2018 16:00:00,139.01,139.4,138.24,138.28,3093504
8/10/2018 16:00:00,138.02,138.57,137.43,138,3003158
8/13/2018 16:00:00,137.69,137.83,136.14,136.31,2858842
8/14/2018 16:00:00,136.59,137.37,136.52,136.93,2860041
8/15/2018 16:00:00,136.16,137.54,135.63,137.46,4241496
8/16/2018 16:00:00,137.9,139.15,137.9,138.82,5250878
8/17/2018 16:00:00,138.3,139.83,138.2,139.51,2678820
8/20/2018 16:00:00,139.81,140.56,139.6,139.94,2499654
8/21/2018 16:00:00,140.41,140.52,139.35,139.43,3106876
8/22/2018 16:00:00,139.46,139.61,138.68,138.73,2388961
8/23/2018 16:00:00,138.54,139,138.26,138.85,2220603
8/24/2018 16:00:00,138.94,139.54,138.37,139.49,2776813
8/27/2018 16:00:00,140.35,141,139.95,140.11,3491565
8/28/2018 16:00:00,140.36,140.4,139.64,140.02,2455328
8/29/2018 16:00:00,140.28,141.3,140.03,140.92,3153845
8/30/2018 16:00:00,140.44,140.7,138.74,139.39,3340369
8/31/2018 16:00:00,139.19,140.2,139.01,139.91,3488476
9/4/2018 16:00:00,139.43,139.64,138.32,139.15,3326153
9/5/2018 16:00:00,138.68,140.17,138.55,140.08,3126540
9/6/2018 16:00:00,140.29,141.04,139.01,139.83,4248831
9/7/2018 16:00:00,139.4,139.93,138.61,138.93,4693127
9/10/2018 16:00:00,140.03,140.7,139.03,139.12,3618292
9/11/2018 16:00:00,139.45,140.4,138.74,139.92,3374774
9/12/2018 16:00:00,139.81,141.35,139.48,140,4506679
9/13/2018 16:00:00,140.74,142.32,140.52,142.27,5346540
9/14/2018 16:00:00,142.18,142.61,141.15,141.68,3452144
9/17/2018 16:00:00,141.78,142.39,141.14,141.31,3551882
9/18/2018 16:00:00,141.14,142.31,140.86,141.9,3629596
9/19/2018 16:00:00,141.97,143.24,141.58,142.38,4246382
9/20/2018 16:00:00,142.87,144.59,142.74,144.37,5952223
9/21/2018 16:00:00,144.69,145.76,143.98,144.56,19947878
9/24/2018 16:00:00,144.33,144.42,142.76,143.3,4264984
9/25/2018 16:00:00,143.19,143.67,141.71,142.23,4397457
9/26/2018 16:00:00,145.57,146.47,144.55,144.81,7401862
9/27/2018 16:00:00,145.19,145.56,144.38,144.71,3477643
9/28/2018 16:00:00,144.38,144.83,144.03,144.43,3305798
10/1/2018 16:00:00,144.91,146.54,144.91,146.14,3757419
10/2/2018 16:00:00,146.13,146.94,145.66,146.86,3030125
10/3/2018 16:00:00,147.1,147.44,145.95,146.35,3315298
10/4/2018 16:00:00,144.89,145.95,143.62,144.53,4238143
10/5/2018 16:00:00,144.13,144.98,141.24,142.35,4602252
10/8/2018 16:00:00,141.84,142.39,140.58,141.74,3239347
10/9/2018 16:00:00,141.44,141.71,140.34,140.64,3642496
10/10/2018 16:00:00,140.89,141.07,136.11,136.29,5547697
10/11/2018 16:00:00,136.23,137.73,132.56,132.79,8710491
10/12/2018 16:00:00,134.79,135.19,132.84,134.53,6563403
10/15/2018 16:00:00,134.09,135.88,133.86,134.8,4965533
10/16/2018 16:00:00,136.52,138.93,135.23,138.61,8695489
10/17/2018 16:00:00,129.8,131,127.44,128.04,19463962
10/18/2018 16:00:00,126.78,127.42,124.21,124.7,10011678
10/19/2018 16:00:00,124.79,125.98,122.22,123.31,7791636
10/22/2018 16:00:00,123.77,124.59,122.64,124.19,5719518
10/23/2018 16:00:00,123.24,125.99,122.65,125.33,6463580
10/24/2018 16:00:00,125.29,125.79,121.31,121.51,5710320
10/25/2018 16:00:00,121.54,122.06,119.53,120.78,10304327
10/26/2018 16:00:00,119.6,120.14,118.16,119.19,8767029
10/29/2018 16:00:00,113.99,118.39,113,114.28,20450448
10/30/2018 16:00:00,115.08,116.05,109.99,110.23,21458594
10/31/2018 16:00:00,111.27,111.28,108.97,110.25,21644978
11/1/2018 16:00:00,110.32,111.75,109.95,111.59,13626730
11/2/2018 16:00:00,112.24,112.47,109.4,110.48,10592681
11/5/2018 16:00:00,110.89,115.36,110.8,114.68,9144598
11/6/2018 16:00:00,115.29,118.26,114.92,117.6,9597392
11/7/2018 16:00:00,118.24,119.45,116.85,119.24,12382666
11/8/2018 16:00:00,117.16,118.83,117.13,117.85,10396439
11/9/2018 16:00:00,118.07,118.98,116.49,118,6961902
11/12/2018 16:00:00,117.96,118.03,115.24,115.48,5379113
11/13/2018 16:00:00,115.76,116.77,114.52,115.42,4084385
11/14/2018 16:00:00,115.68,116.46,114.4,114.81,4762275
11/15/2018 16:00:00,114.29,116,114.15,116,5207973
11/16/2018 16:00:00,115.47,116.39,115.14,116.12,4076315
11/19/2018 16:00:00,116.18,116.7,114.4,114.92,4131238
11/20/2018 16:00:00,113.18,114.13,111.46,111.95,6233777
11/21/2018 16:00:00,112.34,114.15,112.13,113.25,5335842
11/23/2018 13:00:00,112.8,113.03,111.67,111.94,2334730
11/26/2018 16:00:00,113.06,114.86,112.77,114.2,5011130
11/27/2018 16:00:00,113.07,114.66,113.06,114.65,4903771
11/28/2018 16:00:00,115.58,117.57,114.83,117.49,5104520
11/29/2018 16:00:00,116.95,117.6,115.96,116.03,5200113
11/30/2018 16:00:00,116.21,119.1,116.03,118.7,7251590
12/3/2018 16:00:00,120.04,120.91,118.78,119.69,5843112
12/4/2018 16:00:00,118.91,119.32,115.89,116.15,6000697
12/6/2018 16:00:00,114.35,118.35,113.95,118.35,6938049
12/7/2018 16:00:00,118.34,118.49,113.54,113.99,7019616
12/10/2018 16:00:00,114.37,116.23,113.21,115.7,6549506
12/11/2018 16:00:00,117.72,118.26,114.62,115.47,5043081
12/12/2018 16:00:00,117.02,117.37,115.57,115.73,3560790
12/13/2018 16:00:00,115.82,116.33,114.78,115.32,3993597
12/14/2018 16:00:00,114.14,115.68,114.08,114.52,4554204
12/17/2018 16:00:00,113.73,114.41,109.91,110.89,7374476
12/18/2018 16:00:00,111.66,112.93,110.82,111.42,6290186
12/19/2018 16:00:00,111.9,114.88,110.77,111.21,6979823
12/20/2018 16:00:00,110.51,111.23,106.69,107.95,8454350
12/21/2018 16:00:00,107.46,110.11,105.49,105.97,10386453
12/24/2018 13:00:00,104.97,106.02,102.68,102.75,3821376
12/26/2018 16:00:00,103.16,106.4,101.19,106.4,6645794
12/27/2018 16:00:00,105.06,108.68,104.56,108.68,6045590
12/28/2018 16:00:00,109.1,109.65,107.46,107.96,5117533
12/31/2018 16:00:00,108.25,109.22,107.38,108.57,4982755
1/2/2019 16:00:00,106.99,110.78,106.68,110.04,4239924
1/3/2019 16:00:00,109.39,109.73,107.64,107.85,4346659
1/4/2019 16:00:00,109.76,112.22,109.31,112.06,4477755
1/7/2019 16:00:00,112.23,113.5,111.44,112.85,3751204
1/8/2019 16:00:00,114.29,115.16,113.65,114.46,4763636
1/9/2019 16:00:00,115.49,115.96,114.5,115.28,3633663
1/10/2019 16:00:00,114.7,116.4,114.57,116.33,3909971
1/11/2019 16:00:00,116.13,116.16,114.81,116.01,3722370
1/14/2019 16:00:00,115.11,115.25,114.39,114.99,5228909
1/15/2019 16:00:00,115.54,116.46,115.4,116.27,3507719
1/16/2019 16:00:00,116.13,116.53,115.41,116.17,3841100
1/17/2019 16:00:00,115.15,116.92,115.15,116.71,5029871
1/18/2019 16:00:00,117.74,119.13,117.21,118.27,6008509
1/22/2019 16:00:00,117.77,118.25,116.09,117.03,10052384
1/23/2019 16:00:00,125.48,128.95,124.47,126.93,22063666
1/24/2019 16:00:00,126.68,127.23,125.54,126.59,6322928
1/25/2019 16:00:00,126.91,128.41,126.49,127.96,5708500
1/28/2019 16:00:00,127.13,128.76,126.64,128.25,5357736
1/29/2019 16:00:00,128.27,129.34,127.61,128.31,5037129
1/30/2019 16:00:00,127.99,128.98,127.28,128.35,4500919
1/31/2019 16:00:00,128.42,128.68,127.74,128.39,4884031
2/1/2019 16:00:00,128.92,129.14,127.37,128.09,3806047
2/4/2019 16:00:00,128.01,129.14,127.03,129.13,3966597
2/5/2019 16:00:00,129.21,129.73,128.87,129.47,5398907
2/6/2019 16:00:00,129.16,130.52,129.11,130.21,4879670
2/7/2019 16:00:00,127.56,128.44,126.2,127.22,4379439
2/8/2019 16:00:00,126.41,127.71,126.26,127.71,3250074
2/11/2019 16:00:00,128.27,129.09,127.91,127.98,3095069
2/12/2019 16:00:00,129.09,130.09,128.81,129.95,3317161
2/13/2019 16:00:00,130.78,131.74,130.29,131.35,4253042
2/14/2019 16:00:00,131.02,131.43,130.1,130.36,2789839
2/15/2019 16:00:00,131.41,131.99,131.23,131.84,3844062
2/19/2019 16:00:00,131.63,132.48,131.2,132.48,3385675
2/20/2019 16:00:00,132.54,133,131.07,131.81,3801979
2/21/2019 16:00:00,131.64,132.15,131.19,131.66,2937467
2/22/2019 16:00:00,132.51,133.13,132.22,133.01,3113698
2/25/2019 16:00:00,133.72,134.17,133.07,133.21,3194161
2/26/2019 16:00:00,133.41,134.19,133.22,133.46,3060381
2/27/2019 16:00:00,133.01,133.31,132.2,132.93,2530968
2/28/2019 16:00:00,132.55,132.82,131.55,131.94,3457788
3/1/2019 16:00:00,133.06,133.76,132.42,132.96,3030044
3/4/2019 16:00:00,133.71,133.8,131.02,132.22,3407217
3/5/2019 16:00:00,132.17,132.52,131.39,131.7,4250650
3/6/2019 16:00:00,131.93,132.18,130.59,130.84,2768256
3/7/2019 16:00:00,130.48,130.75,128.6,129.29,4358802
3/8/2019 16:00:00,128.19,129.18,127.59,129.03,3773722
3/11/2019 16:00:00,129.93,131.55,129.75,131.54,3939517
3/12/2019 16:00:00,132.31,133.43,131.68,132.08,3954653
3/13/2019 16:00:00,131.86,133.08,131.67,132.35,3173179
3/14/2019 16:00:00,132.3,132.71,131.87,132.57,2738790
3/15/2019 16:00:00,133.12,134.04,132.99,133.18,7153687
3/18/2019 16:00:00,133.56,134.07,132.5,133.92,3268510
3/19/2019 16:00:00,134.64,135.35,133.72,134.19,3482336
3/20/2019 16:00:00,134.23,134.39,132.75,133.34,3649455
3/21/2019 16:00:00,132.86,135.75,132.65,135.1,3605420
3/22/2019 16:00:00,134.65,135.1,132.67,133.2,3877616
3/25/2019 16:00:00,132.83,133.64,132.15,132.94,2839766
3/26/2019 16:00:00,133.66,134.7,133.17,133.93,2553708
3/27/2019 16:00:00,134.11,134.19,132.19,133,3098233
3/28/2019 16:00:00,133.64,134.14,132.86,133.65,2663884
3/29/2019 16:00:00,134.2,134.89,133.87,134.77,3101454
4/1/2019 16:00:00,135.17,136.98,135.17,136.88,3984250
4/2/2019 16:00:00,136.92,137.5,136.21,136.59,2404920
4/3/2019 16:00:00,137.21,137.75,136.6,137.19,2681645
4/4/2019 16:00:00,137.18,137.68,136.15,136.38,2771462
4/5/2019 16:00:00,136.87,137.07,136.07,136.86,2731985
4/8/2019 16:00:00,136.61,136.99,136.46,136.96,2118228
4/9/2019 16:00:00,136.26,136.54,135.48,135.74,3038460
4/10/2019 16:00:00,135.82,137.06,135.61,136.61,2678310
4/11/2019 16:00:00,137.35,137.65,136.62,137.33,2941985
4/12/2019 16:00:00,137.79,137.96,137.26,137.88,2898899
4/15/2019 16:00:00,137.93,137.98,136.85,137.45,3603158
4/16/2019 16:00:00,137.93,138.87,137.56,138.63,6301671
4/17/2019 16:00:00,131.21,135.61,130.15,132.87,12525693
4/18/2019 16:00:00,132.77,134.19,132.48,134.04,4960015
4/22/2019 16:00:00,133.17,134.26,132.27,132.66,4494333
4/23/2019 16:00:00,132.91,134.6,132.71,134.14,4462240
4/24/2019 16:00:00,134.3,134.97,133.51,133.68,2774867
4/25/2019 16:00:00,133.44,133.48,131.54,132.41,2910113
4/26/2019 16:00:00,133.09,133.62,132.59,133.19,2319834
4/29/2019 16:00:00,132.91,133.37,132.59,132.82,2958333
4/30/2019 16:00:00,132.87,134.14,132.46,133.98,4638828
5/1/2019 16:00:00,134.25,135.45,133.89,134.26,3053683
5/2/2019 16:00:00,134.2,134.95,133.16,133.33,3541352
5/3/2019 16:00:00,133.44,134.68,133.37,133.96,2580034
5/6/2019 16:00:00,132.1,134.38,131.72,134.09,2793655
5/7/2019 16:00:00,132.91,133.25,130.08,131.47,4726771
5/8/2019 16:00:00,131.59,132.48,130.98,131.81,3818909
5/9/2019 16:00:00,128.84,129.51,127.07,129.27,4192942
5/10/2019 16:00:00,128.83,129.66,126.48,129.25,3977686
5/13/2019 16:00:00,127.3,127.58,125.09,125.53,4958021
5/14/2019 16:00:00,125.91,128.3,125.78,127.33,3280374
5/15/2019 16:00:00,126.65,128.56,126.44,128.37,2551009
5/16/2019 16:00:00,128.7,130.01,128.6,129.79,3017472
5/17/2019 16:00:00,128.64,129.34,127.93,128.3,2619135
5/20/2019 16:00:00,127.54,129.36,126.97,129.06,3264649
5/21/2019 16:00:00,130.02,130.91,129.7,130.33,2503504
5/22/2019 16:00:00,129.9,130.62,129.63,130.24,1849821
5/23/2019 16:00:00,129.07,129.07,124.59,126.45,5343437
5/24/2019 16:00:00,127.54,128.23,125.69,126.35,2596121
5/28/2019 16:00:00,126.21,126.69,124.43,124.61,4909121
5/29/2019 16:00:00,124.17,124.44,122.57,123.88,3678978
5/30/2019 16:00:00,123.92,124.14,123.15,123.76,2741880
5/31/2019 16:00:00,122.68,122.68,121.16,121.3,3539343
6/3/2019 16:00:00,121.4,122.8,121.36,122.52,4267080
6/4/2019 16:00:00,123.75,126.79,123.3,126.74,3913535
6/5/2019 16:00:00,127.4,127.62,124.62,125.59,3161584
6/6/2019 16:00:00,126.26,126.7,125.03,126.29,2298248
6/7/2019 16:00:00,126.53,128.68,126.28,127.33,2553398
6/10/2019 16:00:00,128.35,129.28,127.91,128.7,2911327
6/11/2019 16:00:00,129.25,130.34,128.99,129.85,3407345
6/12/2019 16:00:00,129.48,129.84,128.38,128.82,2254741
6/13/2019 16:00:00,129.07,130.16,129.03,129.67,2955419
6/14/2019 16:00:00,129.37,129.79,128.4,129.09,2193367
6/17/2019 16:00:00,129.32,129.93,128.66,128.9,2194129
6/18/2019 16:00:00,129.14,131.04,129.14,130.27,2914698
6/19/2019 16:00:00,130.31,132.16,130.13,130.93,2382520
6/20/2019 16:00:00,132.7,133.28,132,132.62,3071017
6/21/2019 16:00:00,132.23,133.28,132.19,132.96,5288759
6/24/2019 16:00:00,132.96,133.87,132.82,133.1,2186137
6/25/2019 16:00:00,133.21,133.29,131.94,132.16,2801251
6/26/2019 16:00:00,132.64,133.42,132.2,132.31,2284567
6/27/2019 16:00:00,132.5,133.05,131.76,132.31,2149824
6/28/2019 16:00:00,132.36,132.9,131.66,131.72,6154039
7/1/2019 16:00:00,133.34,135.15,133.04,133.61,3387184
7/2/2019 16:00:00,133.48,134.13,133.22,133.93,2410092
7/3/2019 13:00:00,134.41,135.46,134.13,135.19,1930361
7/5/2019 16:00:00,134.55,135.15,133.64,135.04,2135085
7/8/2019 16:00:00,134.73,134.95,133.98,134.27,2395487
7/9/2019 16:00:00,134.31,134.67,132.89,133.08,3365227
7/10/2019 16:00:00,133.72,135.55,133.52,134.17,2513931
7/11/2019 16:00:00,134.48,135.23,134.01,134.91,2133327
7/12/2019 16:00:00,135.56,136.51,135.31,136.34,2786276
7/15/2019 16:00:00,136.48,137.08,135.75,136.89,2368309
7/16/2019 16:00:00,136.75,137.58,136.61,137.09,3474688
7/17/2019 16:00:00,137.17,137.35,135.59,136.66,6064265
7/18/2019 16:00:00,136.11,143.57,135.82,142.92,12695387
7/19/2019 16:00:00,143.24,144.78,142.84,142.97,7290678
7/22/2019 16:00:00,143.43,145.13,142.99,143.03,4093239
7/23/2019 16:00:00,143.82,143.96,141.73,143.64,3742204
7/24/2019 16:00:00,143.39,144.66,142.51,143.3,2952435
7/25/2019 16:00:00,143.1,143.87,141.95,143.65,3102113
7/26/2019 16:00:00,144.23,144.62,143.37,144.57,2904494
7/29/2019 16:00:00,144.33,144.69,143.58,144.12,2075528
7/30/2019 16:00:00,143.27,143.66,142.53,143.05,2632726
7/31/2019 16:00:00,142.99,143.45,139.83,141.59,3722907
8/1/2019 16:00:00,142.22,145.97,141.84,143.58,6344006
8/2/2019 16:00:00,142.35,146.09,139.06,140.65,8101720
8/5/2019 16:00:00,138.48,138.59,132.91,134.45,7114871
8/6/2019 16:00:00,135.66,136.08,133.06,134.42,5070650
8/7/2019 16:00:00,132.52,133.32,130.3,132.87,5931883
8/8/2019 16:00:00,132.24,134.12,131.58,133.82,5261444
8/9/2019 16:00:00,133.03,133.06,129.28,130.03,5244594
8/12/2019 16:00:00,129.58,129.78,127.21,127.68,4083850
8/13/2019 16:00:00,127.8,130.45,126.85,129.7,4551170
8/14/2019 16:00:00,127.91,128.14,125.11,125.37,5114159
8/15/2019 16:00:00,125.34,126.44,124.41,126.01,3738945
8/16/2019 16:00:00,127.08,128.56,126.99,127.76,3011993
8/19/2019 16:00:00,128.83,130.22,128.83,128.99,3165436
8/20/2019 16:00:00,129.18,129.21,126.86,127.04,3018934
8/21/2019 16:00:00,128.91,129.84,127.8,128.23,2806774
8/22/2019 16:00:00,128.65,129.6,127.81,128.3,2695009
8/23/2019 16:00:00,127.64,128.24,123.05,123.76,4818759
8/26/2019 16:00:00,125.17,125.41,123.37,124.16,2836837
8/27/2019 16:00:00,125.32,125.79,124.47,125.29,4728392
8/28/2019 16:00:00,124.59,126.93,124.21,126.81,2720362
8/29/2019 16:00:00,128.16,129.61,128.03,128.83,2972842
8/30/2019 16:00:00,129.5,129.97,128.34,129.45,2960594
9/3/2019 16:00:00,128.8,128.85,127.35,128.09,2828242
9/4/2019 16:00:00,129.63,130.31,129.09,130.21,2262081
9/5/2019 16:00:00,132.1,135.34,131.86,134.65,5012914
9/6/2019 16:00:00,135.17,135.18,134.16,134.27,2577200
9/9/2019 16:00:00,134.29,136.61,134.16,136.21,4226944
9/10/2019 16:00:00,136.59,138.94,136.55,138.55,4979741
9/11/2019 16:00:00,138.36,138.61,136.31,137.16,3869731
9/12/2019 16:00:00,137.57,137.58,135.52,137.18,2505432
9/13/2019 16:00:00,137.85,138.16,136.84,137.23,2206612
9/16/2019 16:00:00,136.17,137.2,135.89,136.09,1928500
9/17/2019 16:00:00,136.09,136.09,134.35,135.82,2940494
9/18/2019 16:00:00,135.68,135.92,134.21,135.84,1995159
9/19/2019 16:00:00,136.07,138.53,136.06,136.56,3182092
9/20/2019 16:00:00,136.83,137.38,135.46,135.52,5217881
9/23/2019 16:00:00,134.86,135.84,134.26,135.7,1850061
9/24/2019 16:00:00,136.11,136.48,134.74,135.33,3311171
9/25/2019 16:00:00,135.38,137.19,134.54,136.74,2546205
9/26/2019 16:00:00,136.75,137.43,135.07,137.11,2314542
9/27/2019 16:00:00,137.94,138.58,136,136.82,2357082
9/30/2019 16:00:00,137.29,140,137.29,138.9,4004429
10/1/2019 16:00:00,139.06,140.74,137.1,137.22,2973714
10/2/2019 16:00:00,135.81,135.89,134.27,135.34,3347276
10/3/2019 16:00:00,135.27,135.7,132.94,135.65,3161718
10/4/2019 16:00:00,135.69,136.65,134.71,136.58,2449483
10/7/2019 16:00:00,135.88,136.3,134.89,134.95,2488799
10/8/2019 16:00:00,133.95,134.18,132.05,132.18,3344083
10/9/2019 16:00:00,133.5,134.04,132.57,133.41,2633472
10/10/2019 16:00:00,133.5,135.42,133.3,134.8,2646693
10/11/2019 16:00:00,136.37,138.02,136.22,136.36,3018669
10/14/2019 16:00:00,135.93,136.04,134.98,135.67,2325609
10/15/2019 16:00:00,136.15,137.28,135.45,136.59,3046999
10/16/2019 16:00:00,136.1,136.54,135.05,135.74,5915705
10/17/2019 16:00:00,128.95,129.9,126.95,128.24,15830810
10/18/2019 16:00:00,128.2,128.46,126.32,128.08,7178379
10/21/2019 16:00:00,126.66,127.13,125.03,126.64,6372983
10/22/2019 16:00:00,126.61,128.04,125.71,127.95,4195803
10/23/2019 16:00:00,127.53,128.53,126.75,128.35,3627345
10/24/2019 16:00:00,128.78,129.01,127.32,128.06,2619309
10/25/2019 16:00:00,128.11,129.84,128.09,129.37,2579055
10/28/2019 16:00:00,129.9,130.5,129.37,129.87,3226132
10/29/2019 16:00:00,129.35,129.49,127.46,127.82,4160718
10/30/2019 16:00:00,127.83,129.21,127.23,129.19,2252989
10/31/2019 16:00:00,129.05,129.19,127.26,127.73,3412119
11/1/2019 16:00:00,128.47,129.48,128.08,129.45,3089789
11/4/2019 16:00:00,130.13,131.56,130.12,131.5,3335389
11/5/2019 16:00:00,131.62,132.54,131.46,131.71,3014961
11/6/2019 16:00:00,131.81,132.56,131.38,132.56,4477291
11/7/2019 16:00:00,131.69,132.9,131.41,131.52,4073908
11/8/2019 16:00:00,131.41,131.44,130.06,131.44,2278602
11/11/2019 16:00:00,131.05,131.05,128.95,129.4,2568755
11/12/2019 16:00:00,129.78,130.53,128.97,129.51,3046536
11/13/2019 16:00:00,129.32,129.5,127.84,128.45,3060924
11/14/2019 16:00:00,128.12,128.31,127.35,127.99,4231471
11/15/2019 16:00:00,128.36,129.06,128.02,128.37,3262656
11/18/2019 16:00:00,128.28,128.45,127.26,128.29,3210872
11/19/2019 16:00:00,128.83,129.31,128.43,128.49,2995071
11/20/2019 16:00:00,128.05,128.43,126.8,127.23,4140148
11/21/2019 16:00:00,127.42,128.15,127.02,127.84,3345343
11/22/2019 16:00:00,128.17,128.61,127.6,128.32,3297797
11/25/2019 16:00:00,128.44,129.9,128.33,129.87,2590170
11/26/2019 16:00:00,130.05,130.05,128.73,129.03,3793337
11/27/2019 16:00:00,129.28,129.63,127.63,127.77,3282827
11/29/2019 13:00:00,127.61,128.49,127.07,128.42,1825255
12/2/2019 16:00:00,128.42,128.47,126.54,126.95,3067831
12/3/2019 16:00:00,126.08,126.5,124.83,126.2,3711071
12/4/2019 16:00:00,126.9,127.69,126.04,126.07,3530773
12/5/2019 16:00:00,127.03,127.27,125.72,126,3598578
12/6/2019 16:00:00,126.8,127.89,126.75,127.25,3437994
12/9/2019 16:00:00,127.37,128.56,127.29,127.92,2978801
12/10/2019 16:00:00,127.92,128.79,127.57,127.91,3480385
12/11/2019 16:00:00,128.1,128.48,127.68,127.76,3953311
12/12/2019 16:00:00,127.71,129.58,127.67,129.25,4824186
12/13/2019 16:00:00,128.71,129.42,128,128.19,2534970
12/16/2019 16:00:00,128.89,129.38,127.85,128.12,3049325
12/17/2019 16:00:00,128.26,128.65,127.48,128.2,2907547
12/18/2019 16:00:00,128.52,128.95,128.14,128.38,3102353
12/19/2019 16:00:00,128.43,128.68,128.17,128.53,3866717
12/20/2019 16:00:00,129.65,130.3,128.9,129.51,7112072
12/23/2019 16:00:00,129.69,130.05,128.95,129.47,2803168
12/24/2019 13:00:00,129.53,129.54,128.57,128.93,1202087
12/26/2019 16:00:00,128.93,129.24,128.61,128.86,2130706
12/27/2019 16:00:00,128.95,129.66,128.82,129.21,2752706
12/30/2019 16:00:00,129.14,129.23,126.56,126.86,4118937
12/31/2019 16:00:00,126.59,128.11,126.46,128.03,3778012
1/2/2020 16:00:00,128.95,129.83,128.73,129.35,3148833
1/3/2020 16:00:00,127.58,128.81,127.57,128.32,2373676
1/6/2020 16:00:00,127.44,128.22,127.23,128.09,2426305
1/7/2020 16:00:00,127.7,128.91,127.42,128.17,3275968
1/8/2020 16:00:00,128.48,129.77,127.92,129.24,4346140
1/9/2020 16:00:00,129.65,130.66,129.24,130.61,3732830
1/10/2020 16:00:00,130.86,131.69,130.2,130.56,3255641
1/13/2020 16:00:00,129.41,130.51,129.01,130.48,3531572
1/14/2020 16:00:00,130.17,130.99,129.47,129.73,3683458
1/15/2020 16:00:00,129.9,131.87,129.63,130.49,4045952
1/16/2020 16:00:00,131.16,131.99,130.87,131.79,4320911
1/17/2020 16:00:00,130.42,132.13,130.06,132.11,5623336
1/21/2020 16:00:00,131.63,133.1,131.43,132.93,7244079
1/22/2020 16:00:00,136.89,139.25,136.16,137.44,16470431
1/23/2020 16:00:00,137.73,137.93,135.78,136.46,5657790
1/24/2020 16:00:00,136.96,137.47,134.16,134.26,5580189
1/27/2020 16:00:00,132.29,133.79,131.91,132.4,4166562
1/28/2020 16:00:00,133.25,134.17,132.53,133.29,3451557
1/29/2020 16:00:00,132.93,133.32,131.43,131.52,3054714
1/30/2020 16:00:00,130.63,130.83,128.92,130.64,5057906
1/31/2020 16:00:00,136.49,137.59,134.48,137.29,18994560
2/3/2020 16:00:00,137.78,140.68,137.45,139.71,8887502
2/4/2020 16:00:00,141.15,142.68,140.29,142.42,5620966
2/5/2020 16:00:00,143.48,150.38,143.42,149.32,14386823
2/6/2020 16:00:00,149.79,151.63,148.45,149.73,8400545
2/7/2020 16:00:00,147.62,148.57,146.06,146.53,6423429
2/10/2020 16:00:00,146.11,147.52,144.78,147.51,5239807
2/11/2020 16:00:00,148.17,148.26,145.88,146.6,3835112
2/12/2020 16:00:00,146.86,148.62,146.64,148.35,4438007
2/13/2020 16:00:00,147.45,147.89,146.53,147.39,3820697
2/14/2020 16:00:00,147.5,147.63,143.05,143.94,6099244
2/18/2020 16:00:00,143.07,144.59,142.93,144.33,3343514
2/19/2020 16:00:00,144.75,145.08,143.57,144.1,2733277
2/20/2020 16:00:00,144.05,144.82,142.81,144.44,2880709
2/21/2020 16:00:00,144.27,144.27,142.17,143.12,3537258
2/24/2020 16:00:00,138.99,141.41,138.86,139.86,5452408
2/25/2020 16:00:00,139.94,140.48,134.93,135.36,6211547
2/26/2020 16:00:00,136.49,137.6,133.34,133.48,5409537
2/27/2020 16:00:00,131.09,132.47,127.05,127.14,8421125
2/28/2020 16:00:00,124.15,125.21,120.69,124.31,13012228
3/2/2020 16:00:00,124.89,128.41,122.21,128.28,8531415
3/3/2020 16:00:00,128.45,129.99,122.07,123.12,7896068
3/4/2020 16:00:00,125.68,128.26,123.22,128.2,4996370
3/5/2020 16:00:00,124.65,126.36,122.69,123.74,5446227
3/6/2020 16:00:00,121.02,122.58,118.94,122,8193257
3/9/2020 16:00:00,114.77,116.92,112.02,112.53,10757487
3/10/2020 16:00:00,117.28,119.28,110.57,119.18,11410688
3/11/2020 16:00:00,115.58,117.08,111.17,112.68,8451038
3/12/2020 16:00:00,104.73,104.88,97.69,98.2,12512655
3/13/2020 16:00:00,103.81,104.27,96.29,103.11,12502113
3/16/2020 16:00:00,93.61,102.59,90.74,94.64,10567960
3/17/2020 16:00:00,96.1,102.58,92.75,101.87,9258338
3/18/2020 16:00:00,94.95,102.14,94.94,98.91,8772460
3/19/2020 16:00:00,97.74,99.04,93.83,95.84,8396521
3/20/2020 16:00:00,96.4,96.46,90.46,91.11,10546455
3/23/2020 16:00:00,90.36,93.36,86.5,90.52,9729393
3/24/2020 16:00:00,95.51,101.29,94.81,100.75,7973944
3/25/2020 16:00:00,100.75,107.43,98.22,101.1,8654047
3/26/2020 16:00:00,102.12,108.08,100.84,107.83,7158052
3/27/2020 16:00:00,103.71,106.5,102.82,103.19,6423038
3/30/2020 16:00:00,103.24,108.37,102.98,107.87,5564541
3/31/2020 16:00:00,106.98,108.71,105.23,105.96,6346676
4/1/2020 16:00:00,101.59,104.99,99.83,100.43,6112947
4/2/2020 16:00:00,100.65,105.37,100.43,105.07,6328674
4/3/2020 16:00:00,104.04,105.13,100.22,101.57,4538750
4/6/2020 16:00:00,105.4,110.45,105.19,109.67,7034193
4/7/2020 16:00:00,113.47,114.21,109.72,109.79,5595329
4/8/2020 16:00:00,111.1,114.58,109.91,113.94,5158641
4/9/2020 16:00:00,115.08,117.41,114.78,116.05,5576815
4/13/2020 16:00:00,116.18,116.34,112.75,115.72,5119713
4/14/2020 16:00:00,117.92,119.57,117.12,118.35,5088660
4/15/2020 16:00:00,113.78,114.8,111.52,113.37,5637341
4/16/2020 16:00:00,113.67,114.38,109.29,110.54,6457556
4/17/2020 16:00:00,113.95,114.99,112.63,114.73,4965992
4/20/2020 16:00:00,113.81,117.35,112.84,115.01,8181736
4/21/2020 16:00:00,108.89,111.89,107.04,111.52,14349032
4/22/2020 16:00:00,114.5,114.93,112.28,113.96,7087869
4/23/2020 16:00:00,114.21,117.51,113.78,115.91,6881615
4/24/2020 16:00:00,116.92,119.4,115.35,119.13,4987346
4/27/2020 16:00:00,119.93,121.3,119.84,120.27,4923806
4/28/2020 16:00:00,122.29,122.45,119.76,120.61,4778144
4/29/2020 16:00:00,123.1,123.51,121.81,122.92,5257579
4/30/2020 16:00:00,120.85,121.56,119.61,119.93,6635783
5/1/2020 16:00:00,117.67,117.93,115.95,116.41,4925535
5/4/2020 16:00:00,115.4,116.5,114.04,116.22,4017877
5/5/2020 16:00:00,117.86,118.75,116.98,117.08,3899416
5/6/2020 16:00:00,117.71,118.49,116.92,117.65,3864589
5/7/2020 16:00:00,117.47,117.73,115.43,115.79,4414328
5/8/2020 16:00:00,117.17,117.7,115.63,117.48,5003939
5/11/2020 16:00:00,116.35,117.91,115.26,117.09,3535276
5/12/2020 16:00:00,117.49,118.75,114.87,114.87,4784457
5/13/2020 16:00:00,114.57,114.61,109.7,110.54,5882813
5/14/2020 16:00:00,109.43,111.84,106.8,111.71,5259373
5/15/2020 16:00:00,110.73,112.13,110.08,111.74,4786330
5/18/2020 16:00:00,114.51,116.87,114.38,116.11,4207593
5/19/2020 16:00:00,115.76,116.69,114.75,114.9,3241117
5/20/2020 16:00:00,115.51,116.98,115.19,115.94,3840858
5/21/2020 16:00:00,115.57,116.26,113.64,113.78,4000863
5/22/2020 16:00:00,114.02,114.11,112.32,113.08,4180771
5/26/2020 16:00:00,115.86,117.12,115.58,116.3,5469282
5/27/2020 16:00:00,118.38,120.19,117.93,119.91,5727496
5/28/2020 16:00:00,121.18,121.28,118.65,118.95,3916377
5/29/2020 16:00:00,118.13,119.52,116.76,119.3,7930467
6/1/2020 16:00:00,119.05,120.11,118.47,119.29,2883294
6/2/2020 16:00:00,120.04,120.35,119.07,120.35,2978056
6/3/2020 16:00:00,121.45,123.78,121.31,123.26,3917746
6/4/2020 16:00:00,122.05,123.17,121.32,123.11,3864785
6/5/2020 16:00:00,127.88,128.21,125.84,126.14,5892960
6/8/2020 16:00:00,126.34,129.79,126.34,129.66,5370469
6/9/2020 16:00:00,127.53,127.61,125.15,125.96,5393644
6/10/2020 16:00:00,126.22,126.3,123.98,124.05,4734835
6/11/2020 16:00:00,120.38,120.45,112.55,112.72,11763629
6/12/2020 16:00:00,115.81,117.6,113.93,116.44,6220327
6/15/2020 16:00:00,113.85,116.88,112.99,116.2,5151240
6/16/2020 16:00:00,119.4,121.78,117.64,119.54,5609087
6/17/2020 16:00:00,120.19,120.59,117.87,118.58,3156836
6/18/2020 16:00:00,117.49,118.82,116.85,118.59,2865362
6/19/2020 16:00:00,120.51,121.13,116.77,116.98,8092354
6/22/2020 16:00:00,116.64,117.01,115.13,115.64,4773499
6/23/2020 16:00:00,116.54,117.39,113.88,114.06,6632605
6/24/2020 16:00:00,113.02,113.02,110.68,111.2,6750990
6/25/2020 16:00:00,111.52,113.87,110.89,113.69,6130626
6/26/2020 16:00:00,112.96,113.65,111.05,111.94,10750107
6/29/2020 16:00:00,112.69,114.41,112.11,114.38,4159488
6/30/2020 16:00:00,113.85,115.77,113.66,115.36,3919469
7/1/2020 16:00:00,114.88,115.79,113.06,113.23,4655765
7/2/2020 16:00:00,114.32,115.98,113.91,114.33,3746958
7/6/2020 16:00:00,115.81,116.39,114.1,114.8,4045439
7/7/2020 16:00:00,113.66,114.15,112.07,112.31,4278307
7/8/2020 16:00:00,112.77,113.32,111.26,112.43,5192806
7/9/2020 16:00:00,112.71,112.71,110.03,110.52,4762991
7/10/2020 16:00:00,110.32,113.25,110.12,113.04,4285705
7/13/2020 16:00:00,114.41,115.57,113.34,113.86,4650651
7/14/2020 16:00:00,113.3,115.47,112.63,115.19,4534397
7/15/2020 16:00:00,116.91,118.4,116.67,117.49,4473400
7/16/2020 16:00:00,117.18,118.9,116.68,118.45,4330917
7/17/2020 16:00:00,118.81,120,117.68,119.5,3988460
7/20/2020 16:00:00,120.42,121.37,119.53,120.7,9927668
7/21/2020 16:00:00,125.28,126.24,120.16,120.41,15364948
7/22/2020 16:00:00,120.26,123.67,120.16,122.9,8195366
7/23/2020 16:00:00,123.31,123.57,121.45,121.62,4220136
7/24/2020 16:00:00,120.81,121.92,119.87,120.15,3531076
7/27/2020 16:00:00,119.26,120.66,119.12,120.55,3733547
7/28/2020 16:00:00,120.18,120.68,118.58,118.89,4178176
7/29/2020 16:00:00,118.98,120.34,118.51,119.7,2833141
7/30/2020 16:00:00,118.16,118.35,116.19,117.39,3988062
7/31/2020 16:00:00,117.21,117.48,115.66,117.43,5277652
8/3/2020 16:00:00,117.96,118.83,116.67,118.74,3526574
8/4/2020 16:00:00,118.27,120.22,118.27,120.2,3431366
8/5/2020 16:00:00,121.05,121.07,119.02,119.83,3675400
8/6/2020 16:00:00,119.4,120.6,119.4,120.47,3417131
8/7/2020 16:00:00,117.96,119.46,117.69,119.36,3651226
8/10/2020 16:00:00,119.8,121.54,119.57,121.41,3968295
8/11/2020 16:00:00,122.99,124.62,120.93,121.07,5001176
8/12/2020 16:00:00,121.89,122.06,120.23,121.02,3530177
8/13/2020 16:00:00,120.31,120.72,119.18,119.42,3171258
8/14/2020 16:00:00,118.63,119.93,118.35,119.65,2963753
8/17/2020 16:00:00,119.63,119.96,118.83,118.86,3360064
8/18/2020 16:00:00,119.4,119.87,118.67,119.32,2882355
8/19/2020 16:00:00,119.23,119.87,117.96,118.29,3743949
8/20/2020 16:00:00,117.68,118.48,117.3,117.63,2561164
8/21/2020 16:00:00,117.49,117.95,116.83,117.64,3385051
8/24/2020 16:00:00,118.24,120.41,117.83,120.05,4070816
8/25/2020 16:00:00,120.35,121.13,118.91,119.05,2977697
8/26/2020 16:00:00,119.35,119.51,118.39,118.6,3388687
8/27/2020 16:00:00,119.01,119.49,118.42,119.06,3422654
8/28/2020 16:00:00,119.36,119.68,118.65,119.46,3099940
8/31/2020 16:00:00,119.63,119.63,117.51,117.78,4827879
9/1/2020 16:00:00,117.34,118.39,116.67,117.87,3155623
9/2/2020 16:00:00,118.17,122.93,118.03,122.43,6592430
9/3/2020 16:00:00,122.44,124.12,118.11,118.87,5716750
9/4/2020 16:00:00,118.77,119.73,115.8,116.82,6018238
9/8/2020 16:00:00,116.68,117.36,115.3,115.78,5210292
9/9/2020 16:00:00,116.65,118.15,115.85,116.78,3770678
9/10/2020 16:00:00,117.04,118.04,114.85,115.15,3978805
9/11/2020 16:00:00,115.95,117.2,115.32,116.01,3548091
9/14/2020 16:00:00,116.87,117.85,116.3,116.62,3641887
9/15/2020 16:00:00,117.31,117.87,116.76,116.95,2915221
9/16/2020 16:00:00,117.21,120.18,117.21,118.65,3789458
9/17/2020 16:00:00,117.12,119.92,116.5,119.32,3171262
9/18/2020 16:00:00,118.69,119.32,117.15,117.26,5391570
9/21/2020 16:00:00,115.08,115.29,113.26,114.86,5311441
9/22/2020 16:00:00,114.93,116,114.17,115.11,2957809
9/23/2020 16:00:00,115.38,116.14,113.12,113.5,3939398
9/24/2020 16:00:00,112.8,114.16,111.26,112.8,3546160
9/25/2020 16:00:00,112.33,114.06,111.7,113.62,2953686
9/28/2020 16:00:00,115.16,116.85,115.01,116.27,3509576
9/29/2020 16:00:00,115.97,116.71,114.82,115.52,2130564
9/30/2020 16:00:00,115.94,117.4,115.38,116.21,3261235
10/1/2020 16:00:00,116.87,117.77,114.96,115.66,3211661
10/2/2020 16:00:00,113.7,116.29,113.49,115.16,2925228
10/5/2020 16:00:00,116.38,117.25,115.62,116.54,3050949
10/6/2020 16:00:00,117.08,119.23,116.14,116.5,3872265
10/7/2020 16:00:00,117.17,118.81,116.84,118.51,2815663
10/8/2020 16:00:00,124.99,129.42,123.95,125.59,25288926
10/9/2020 16:00:00,126.08,126.08,121.88,122.06,8353704
10/12/2020 16:00:00,122.33,122.5,120.77,121.51,4635115
10/13/2020 16:00:00,120.9,121.45,118.88,119.49,5406088
10/14/2020 16:00:00,119.52,121.25,119.52,120.29,3730139
10/15/2020 16:00:00,118.52,119.6,118.3,119.29,3389301
10/16/2020 16:00:00,119.56,120.76,119.07,120.28,4714320
10/19/2020 16:00:00,121.11,121.64,119.47,119.89,7478735
10/20/2020 16:00:00,114.43,114.76,111.6,112.11,21501073
10/21/2020 16:00:00,111.43,112.41,109.64,109.9,9755308
10/22/2020 16:00:00,109.84,110.86,107.91,110.57,7858158
10/23/2020 16:00:00,111.28,111.39,110.35,110.8,3893362
10/26/2020 16:00:00,109.32,109.75,106.83,107.19,7203366
10/27/2020 16:00:00,107.12,107.19,105.1,105.6,5936106
10/28/2020 16:00:00,103.79,104.81,101.17,101.87,9427321
10/29/2020 16:00:00,102.44,104.72,101.77,104.03,6760241
10/30/2020 16:00:00,103.06,106.79,102.92,106.65,7923882
11/2/2020 16:00:00,107.6,108.72,107.22,107.85,5311497
11/3/2020 16:00:00,108.89,110.46,108.54,109.04,4204287
11/4/2020 16:00:00,107.29,108.8,106.18,106.88,5800071
11/5/2020 16:00:00,108.22,110.12,107.94,109.62,4902206
11/6/2020 16:00:00,109.92,109.94,108.31,108.93,5249171
11/9/2020 16:00:00,112.59,114.37,110.1,110.35,8992152
11/10/2020 16:00:00,111.46,112.87,111.04,112.62,5622756
11/11/2020 16:00:00,112.82,113.04,111.01,111.95,4289601
11/12/2020 16:00:00,110.45,111.15,108.39,109.37,6500799
11/13/2020 16:00:00,110.03,112.11,109.85,111.61,4683512
11/16/2020 16:00:00,113,113.23,111.87,113.05,5293385
11/17/2020 16:00:00,112.33,113.23,111.82,112.42,4134455
11/18/2020 16:00:00,112.44,113.55,111.52,111.53,4606828
11/19/2020 16:00:00,111.31,112.18,110.69,111.93,3439648
11/20/2020 16:00:00,112.33,112.75,111.46,111.7,5024593
11/23/2020 16:00:00,112.16,115.11,112.01,114.71,5655119
11/24/2020 16:00:00,115.44,119.14,115.39,118.84,7759006
11/25/2020 16:00:00,117.42,118.76,116.64,118.63,4135894
11/27/2020 13:00:00,118.63,119.69,118.35,118.77,2091186
11/30/2020 16:00:00,118.54,119.4,117.57,117.98,5987991
12/1/2020 16:00:00,118.34,120.19,117.56,117.64,5312057
12/2/2020 16:00:00,117.34,119.05,116.92,119.03,3690737
12/3/2020 16:00:00,118.59,119.26,117.76,118.07,4548161
12/4/2020 16:00:00,118.41,121.67,118.1,121.5,5522760
12/7/2020 16:00:00,120.82,121.28,118.98,119.11,8318500
12/8/2020 16:00:00,119.7,120.67,119.05,120.07,5395024
12/9/2020 16:00:00,120.16,121.96,120.06,121.11,6513517
12/10/2020 16:00:00,120.68,121.24,119.34,119.36,4803172
12/11/2020 16:00:00,118.52,119.88,118.07,118.7,4481416
12/14/2020 16:00:00,119.7,120.58,117.93,117.99,5050023
12/15/2020 16:00:00,118.81,120.28,117.91,120.28,4359601
12/16/2020 16:00:00,120.28,120.9,119.67,119.92,4530096
12/17/2020 16:00:00,120.43,120.44,119.31,119.92,3787962
12/18/2020 16:00:00,119.96,120.73,119.37,120.21,7552845
12/21/2020 16:00:00,118.41,118.61,116.26,117.86,6115671
12/22/2020 16:00:00,117.78,118.65,116.92,118.07,4337757
12/23/2020 16:00:00,118.33,119.6,118.19,118.34,2693889
12/24/2020 13:00:00,119.4,119.49,118.64,119.1,1761122
12/28/2020 16:00:00,119.49,120.92,118.88,119.22,3615222
12/29/2020 16:00:00,119.73,119.85,117.71,118.25,3487007
12/30/2020 16:00:00,118.25,119.25,118.09,118.77,3380494
12/31/2020 16:00:00,118.65,120.38,118.43,120.24,3574696
1/4/2021 16:00:00,120.21,120.27,117.52,118.38,5179161
1/5/2021 16:00:00,119.41,121,119.02,120.48,6114619
1/6/2021 16:00:00,121.21,125.97,121.04,123.49,7956740
1/7/2021 16:00:00,124.21,124.61,122.51,123.21,4507382
1/8/2021 16:00:00,122.81,123.52,121.29,122.77,4676487
1/11/2021 16:00:00,122.21,123.86,121.94,122.81,5602466
1/12/2021 16:00:00,123.3,124.03,122.2,123.42,3749213
1/13/2021 16:00:00,123.36,123.93,120.79,121.23,7677739
1/14/2021 16:00:00,122.28,124.32,121.83,123.19,7503180
1/15/2021 16:00:00,122.53,123.45,121.95,122.63,4905506
1/19/2021 16:00:00,123.48,123.78,122.35,123.24,5397956
1/20/2021 16:00:00,123.88,125.18,122.8,124.25,5598705
1/21/2021 16:00:00,124.29,126.31,124.22,125.75,12819233
1/22/2021 16:00:00,115.29,115.29,112.1,113.29,38063533
1/25/2021 16:00:00,113.44,114.18,112.18,113.26,13686391
1/26/2021 16:00:00,113.84,117.09,113.11,117,10694708
1/27/2021 16:00:00,116.61,119.19,116.17,116.98,12146541
1/28/2021 16:00:00,117.29,117.68,114.69,114.7,8084051
1/29/2021 16:00:00,114.83,115.86,113.57,113.77,11825496
2/1/2021 16:00:00,114.52,115.53,113.41,115.14,6250508
2/2/2021 16:00:00,114.01,115.57,113.93,114.08,6341883
2/3/2021 16:00:00,113.7,114.43,112.82,113.78,6715366
2/4/2021 16:00:00,114.53,115.67,113.54,115.59,4562124
2/5/2021 16:00:00,115.57,116.35,115.12,116.33,4565727
2/8/2021 16:00:00,117.12,118.42,116.91,118.07,5887999
2/9/2021 16:00:00,116.43,117.1,115.62,116.63,4717014
2/10/2021 16:00:00,117.51,117.88,115.78,116.76,4866765
2/11/2021 16:00:00,116.53,116.73,115.22,115.49,5381556
2/12/2021 16:00:00,115.57,115.92,114.71,115.38,3871195
2/16/2021 16:00:00,114.76,115.19,114.01,114.69,6639790
2/17/2021 16:00:00,113.92,115.15,113.68,114.59,3975906
2/18/2021 16:00:00,115.1,115.52,114.33,115.32,5399145
2/19/2021 16:00:00,115.34,115.35,113.07,113.65,6578741
2/22/2021 16:00:00,113.19,115.69,113.13,115.44,5879249
2/23/2021 16:00:00,115.5,115.91,114.43,115.3,4531464
2/24/2021 16:00:00,115.38,117.95,115.12,117.69,5819983
2/25/2021 16:00:00,117.84,118.77,116.85,116.98,5691830
2/26/2021 16:00:00,116.77,116.77,113.55,113.6,9050990
3/1/2021 16:00:00,114.95,116.84,114.49,115.33,5715767
3/2/2021 16:00:00,115.33,116.43,114.87,114.93,4524299
3/3/2021 16:00:00,115.1,117.14,114.6,116.87,7404269
3/4/2021 16:00:00,116.53,117.7,113.43,114.72,8068492
3/5/2021 16:00:00,115.23,118.2,114.86,117.32,6949265
3/8/2021 16:00:00,117.48,121.16,117.37,119.21,7239191
3/9/2021 16:00:00,119.78,120.76,118.59,118.61,5609029
3/10/2021 16:00:00,119.44,122.49,119.02,122.14,7247807
3/11/2021 16:00:00,122.35,122.87,121.1,121.44,5146937
3/12/2021 16:00:00,121.49,121.96,120.93,121.89,4010100
3/15/2021 16:00:00,122.04,122.98,121.82,122.81,3421281
3/16/2021 16:00:00,122.53,122.76,121.63,122.49,4653178
3/17/2021 16:00:00,122.7,123.68,121.77,123.24,4291351
3/18/2021 16:00:00,123.16,125.12,122.06,124.23,5835669
3/19/2021 16:00:00,124.19,124.59,122.77,123.12,9844983
3/22/2021 16:00:00,122.74,124.86,122.16,124.7,4164914
3/23/2021 16:00:00,124.59,125.66,123.98,124.61,4356359
3/24/2021 16:00:00,125.08,126.19,124.72,124.76,4005027
3/25/2021 16:00:00,124.49,127.27,123.95,127.1,5553966
3/26/2021 16:00:00,127.31,130.36,127.15,130.27,5567592
3/29/2021 16:00:00,129.88,130.92,129.43,129.77,4622664
3/30/2021 16:00:00,129.77,130.16,128.01,128.68,4790366
3/31/2021 16:00:00,128.51,128.67,126.76,127.29,4945315
4/1/2021 16:00:00,127.76,127.93,126.34,127.26,4074161
4/5/2021 16:00:00,127.65,130.56,127.42,129.84,5471616
4/6/2021 16:00:00,129.5,129.56,128.08,128.2,3620964
4/7/2021 16:00:00,127.84,128.89,127.78,128.88,2976136
4/8/2021 16:00:00,128.54,129.55,128.14,129.06,4087228
4/9/2021 16:00:00,128.82,129.65,128.67,129.64,3023916
4/12/2021 16:00:00,128.97,129.3,127.85,128.56,3753959
4/13/2021 16:00:00,127.04,127.63,124.53,125.3,8033530
4/14/2021 16:00:00,125.42,126.83,124.67,126.68,5868049
4/15/2021 16:00:00,127.3,127.87,126.29,126.64,3883955
4/16/2021 16:00:00,127.04,128.09,126.99,127.6,5291756
4/19/2021 16:00:00,127.61,127.82,126.64,127.15,8198582
4/20/2021 16:00:00,130.92,133.5,130.57,131.97,15480579
4/21/2021 16:00:00,131.87,137.29,131.54,137.11,11909005
4/22/2021 16:00:00,137.26,138.25,134.68,134.95,7101368
4/23/2021 16:00:00,134.97,137.17,134.63,136.04,4556700
4/26/2021 16:00:00,136.03,137.19,135.14,135.22,4710763
4/27/2021 16:00:00,135.34,136.17,134.44,135.64,3884037
4/28/2021 16:00:00,136.51,136.97,135.73,136.59,3768129
4/29/2021 16:00:00,137.67,142.07,136.57,137.77,4353880
4/30/2021 16:00:00,137.26,137.38,134.25,135.52,8872181
5/3/2021 16:00:00,137.36,139.22,137.11,138.26,5733463
5/4/2021 16:00:00,137.94,140.02,137.86,139.22,6350479
5/5/2021 16:00:00,139.4,139.45,137.89,138.71,3622786
5/6/2021 16:00:00,138.75,141.86,138.67,141.77,7503487
5/7/2021 16:00:00,139.38,139.59,138.09,138.94,7003467
5/10/2021 16:00:00,139.26,141.73,139.26,139.62,6983377
5/11/2021 16:00:00,138.49,138.68,136.49,137.75,7126404
5/12/2021 16:00:00,137.39,137.69,134.81,134.96,5959579
5/13/2021 16:00:00,135.11,138.4,134.95,137.71,4598920
5/14/2021 16:00:00,138.6,139.16,137.51,138.19,2747385
5/17/2021 16:00:00,137.96,139.26,137.86,138.6,4275172
5/18/2021 16:00:00,138.29,138.79,136.81,137.46,3824050
5/19/2021 16:00:00,135.94,136.78,134.6,136.77,4300732
5/20/2021 16:00:00,136.7,138.41,135.79,137.43,4112690
5/21/2021 16:00:00,137.81,139.17,137.81,138.25,4033482
5/24/2021 16:00:00,138.56,138.87,137.72,138.23,3297570
5/25/2021 16:00:00,138.42,138.5,136.78,137.34,3937323
5/26/2021 16:00:00,137.07,137.53,136.63,136.95,3083789
5/27/2021 16:00:00,137.37,138.28,137.19,137.37,5630345
5/28/2021 16:00:00,137.74,137.86,137.05,137.3,2534811
6/1/2021 16:00:00,138.5,139.29,137.3,137.73,2417455
6/2/2021 16:00:00,138.14,139.22,137.65,139.19,2786916
6/3/2021 16:00:00,138.41,139.34,137.58,139.02,4130741
6/4/2021 16:00:00,139.45,140.93,139.22,140.81,3117905
6/7/2021 16:00:00,140.93,142.07,140.57,141.38,3462712
6/8/2021 16:00:00,141.48,143.47,141.48,142.39,5080099
6/9/2021 16:00:00,142.35,144.3,142.15,143.91,5303252
6/10/2021 16:00:00,144.68,145.99,143.05,143.79,4758488
6/11/2021 16:00:00,143.69,145.04,143.63,144.5,3438255
6/14/2021 16:00:00,143.95,144.26,141.99,143.3,3344845
6/15/2021 16:00:00,143.13,143.19,141.94,142.66,2513281
6/16/2021 16:00:00,143.05,143.05,140.62,141.2,3879185
6/17/2021 16:00:00,140.93,141.42,138.77,139.07,4367387
6/18/2021 16:00:00,138,138.19,136.63,136.7,9156505
6/21/2021 16:00:00,137.65,140.48,137.6,140.07,4285711
6/22/2021 16:00:00,139.95,140.23,138.83,139.8,2437121
6/23/2021 16:00:00,139.86,139.93,138.09,138.13,3202644
6/24/2021 16:00:00,139.26,139.64,138.2,138.92,3609679
6/25/2021 16:00:00,138.86,140.34,138.45,140.26,3594218
6/28/2021 16:00:00,140.42,140.7,138.41,138.78,3888869
6/29/2021 16:00:00,138.75,140.16,138.59,139.02,2428626
6/30/2021 16:00:00,138.62,140.34,138.22,140.02,3245091
7/1/2021 16:00:00,140.37,140.89,140,140.26,2686289
7/2/2021 16:00:00,140.32,140.36,133.21,133.74,16828161
7/6/2021 16:00:00,133.71,134.12,130.95,132.56,8093747
7/7/2021 16:00:00,132.54,134.04,132.54,133.55,4059667
7/8/2021 16:00:00,131.6,134.97,131.49,134.43,5487425
7/9/2021 16:00:00,135.11,135.61,134.53,135.17,3904059
7/12/2021 16:00:00,135.09,135.59,133.83,134.6,3342627
7/13/2021 16:00:00,134.6,134.6,133.37,133.99,3164294
7/14/2021 16:00:00,134.41,134.44,132.7,133.55,4403752
7/15/2021 16:00:00,133.07,134.16,132.58,134.15,3639698
7/16/2021 16:00:00,134.68,134.68,132.38,132.67,4109308
7/19/2021 16:00:00,130.33,132.28,130.1,131.74,8582302
7/20/2021 16:00:00,136.59,138.42,132.48,133.69,13611675
7/21/2021 16:00:00,133.69,135.05,133.39,134.96,4803977
7/22/2021 16:00:00,135.31,135.45,134.11,134.4,3314153
7/23/2021 16:00:00,134.64,135.35,134.04,135,4474157
7/26/2021 16:00:00,135.05,136.59,134.8,136.37,4246266
7/27/2021 16:00:00,136.14,137.2,135.25,136.35,3137027
7/28/2021 16:00:00,136.6,136.68,135.29,135.41,2544099
7/29/2021 16:00:00,135.95,136.55,135.25,135.57,2670873
7/30/2021 16:00:00,135.17,135.49,134.48,134.64,3535555
8/2/2021 16:00:00,135.11,136.65,134.71,135.08,2929540
8/3/2021 16:00:00,135.54,138.21,135.3,137.61,4084724
8/4/2021 16:00:00,137.35,137.72,136.08,136.36,2830079
8/5/2021 16:00:00,136.62,136.98,135.84,136.37,2757389
8/6/2021 16:00:00,136.59,137.92,136.48,137.63,3826835
8/9/2021 16:00:00,135.82,136.11,134.65,134.92,4904065
8/10/2021 16:00:00,134.88,135.45,134.05,135.04,5299869
8/11/2021 16:00:00,135.42,136.37,135.16,135.76,4259952
8/12/2021 16:00:00,135.88,136.73,135.71,136.66,2089418
8/13/2021 16:00:00,136.24,137.14,136.05,136.76,1910443
8/16/2021 16:00:00,136.81,137.3,135.85,137.15,2786343
8/17/2021 16:00:00,136.59,136.74,134.76,136.03,3074078
8/18/2021 16:00:00,135.32,135.55,133.14,133.22,3510694
8/19/2021 16:00:00,132.47,133.2,131.06,131.83,4160129
8/20/2021 16:00:00,131.56,133.13,131.12,132.87,2657763
8/23/2021 16:00:00,133.36,133.87,132.58,133.36,3039587
8/24/2021 16:00:00,133.51,133.94,133.07,133.57,2365638
8/25/2021 16:00:00,133.65,134.49,133.21,133.59,2012817
8/26/2021 16:00:00,133.69,134.49,132.49,132.56,2498915
8/27/2021 16:00:00,132.49,133.33,132.19,133.16,2459643
8/30/2021 16:00:00,133.25,133.61,132.59,132.74,1995526
8/31/2021 16:00:00,133.28,134.62,132.72,134.05,4235101
9/1/2021 16:00:00,133.7,133.79,132.95,133.05,2474544
9/2/2021 16:00:00,133.46,133.77,132.8,133.73,2715659
9/3/2021 16:00:00,133.42,134.17,133.05,133.32,1924215
9/7/2021 16:00:00,133.39,133.52,131.58,131.87,3285363
9/8/2021 16:00:00,131.95,132.85,131.43,132.45,2985409
9/9/2021 16:00:00,131.67,132.73,131.39,131.56,3508363
9/10/2021 16:00:00,132.6,133.12,130.86,130.88,3975115
9/13/2021 16:00:00,132.19,132.76,131.34,131.96,4144345
9/14/2021 16:00:00,132.19,132.36,129.27,130.11,4454291
9/15/2021 16:00:00,130.11,131.62,129.59,131.05,3254122
9/16/2021 16:00:00,131.12,131.76,129.63,130.31,2643975
9/17/2021 16:00:00,129.66,129.83,128.99,129.17,5633480
9/20/2021 16:00:00,127.9,129.12,126.83,128.29,4770651
9/21/2021 16:00:00,129.05,129.57,126.98,127.01,4074528
9/22/2021 16:00:00,127.72,129.3,127.49,128.59,3602416
9/23/2021 16:00:00,129.19,131.26,128.98,130.6,3013238
9/24/2021 16:00:00,130.89,132.27,130.62,131.33,2964397
9/27/2021 16:00:00,131.77,132.83,131.32,132.35,3306865
9/28/2021 16:00:00,132.93,133.42,131.06,131.31,4314595
9/29/2021 16:00:00,131.55,133.66,130.32,132.94,3774236
9/30/2021 16:00:00,133.72,134.27,132.29,132.7,5824431
10/1/2021 16:00:00,134.68,137.51,134.08,136.89,6604064
10/4/2021 16:00:00,136.34,139.45,135.97,137.65,7351128
10/5/2021 16:00:00,138.26,138.5,136.24,136.73,6976648
10/6/2021 16:00:00,136.09,136.94,134.57,135.98,5328433
10/7/2021 16:00:00,136.33,136.97,135.18,135.45,3823803
10/8/2021 16:00:00,135.45,137.21,134.73,136.8,3731279
10/11/2021 16:00:00,137.07,137.62,136.02,136.04,2793298
10/12/2021 16:00:00,135.83,135.92,134.01,134.17,3148559
10/13/2021 16:00:00,134.22,135.07,133.4,134.45,2880747
10/14/2021 16:00:00,134.72,137.47,134.69,136.96,4217305
10/15/2021 16:00:00,136.96,138.36,136.39,138.13,3222778
10/18/2021 16:00:00,137.54,138.44,135.4,135.94,6154055
10/19/2021 16:00:00,134.75,136.53,134.22,135.61,4339548
10/20/2021 16:00:00,135.33,135.82,134.39,135.54,6189255
10/21/2021 16:00:00,127.52,127.72,122.36,122.58,31466529
10/22/2021 16:00:00,122.31,124.41,120.93,122.15,11582195
10/25/2021 16:00:00,121.81,122.88,121.25,121.92,6374038
10/26/2021 16:00:00,121.8,122.55,121.07,121.43,8520872
10/27/2021 16:00:00,121.73,122.15,119.41,119.56,6973432
10/28/2021 16:00:00,119.56,120.65,119.03,120.2,6503003
10/29/2021 16:00:00,119.81,120.66,119.31,119.49,5916789
11/1/2021 16:00:00,119.44,120.65,118.29,120.62,5905521
11/2/2021 16:00:00,120.64,121.47,119.31,120.52,4514438
11/3/2021 16:00:00,120.57,121.58,120.05,121.43,5421406
11/4/2021 16:00:00,123.05,123.34,119.9,120.85,7208736
11/5/2021 16:00:00,121.43,123.77,121.43,123.61,6790478
11/8/2021 16:00:00,123.99,124.78,123.53,124.54,5625275
11/9/2021 16:00:00,122.56,122.9,120.26,120.85,7236608
11/10/2021 16:00:00,121,122.43,119.93,120.22,6268961
11/11/2021 16:00:00,120.9,121.79,120.08,120.27,4643257
11/12/2021 16:00:00,120,120.64,118.78,118.96,5418279
11/15/2021 16:00:00,119.54,120.16,118.31,118.87,5046321
11/16/2021 16:00:00,118.92,119.9,118.42,118.46,4750760
11/17/2021 16:00:00,118.38,119.33,117.78,118.06,4043289
11/18/2021 16:00:00,118.36,118.36,116.31,116.66,5047879
11/19/2021 16:00:00,116.49,116.56,115.27,116.05,5384548
11/22/2021 16:00:00,116,118.81,115.19,116.47,6417218
11/23/2021 16:00:00,116.79,117.94,116.04,116.79,4914995
11/24/2021 16:00:00,116.16,117.27,116.08,116.73,3220802
11/26/2021 13:00:00,115,116.34,114.56,115.81,3322012
11/29/2021 16:00:00,118.62,119.61,117.53,118.5,8949795
11/30/2021 16:00:00,117.5,119.24,116.45,117.1,9252701
12/1/2021 16:00:00,118.25,118.93,116.85,116.92,5959867
12/2/2021 16:00:00,117.37,117.98,116.56,116.9,5267149
12/3/2021 16:00:00,117.36,119.36,117.36,118.84,6630139
12/6/2021 16:00:00,119.4,121.15,119.4,119.91,4785560
12/7/2021 16:00:00,120.48,122.08,120.07,121.58,5193991
12/8/2021 16:00:00,122,123.38,121.52,123.02,5483948
12/9/2021 16:00:00,122.15,123.95,121.79,123.57,4601092
12/10/2021 16:00:00,124.3,125.33,123.36,124.09,4966921
12/13/2021 16:00:00,123.76,124.36,120.79,122.58,6847468
12/14/2021 16:00:00,122.35,125.03,122.3,123.76,5716124
12/15/2021 16:00:00,123.8,124.82,122.18,123.11,4990028
12/16/2021 16:00:00,123.51,126.64,123.48,125.93,7280537
12/17/2021 16:00:00,125.87,128.64,125.21,127.4,10382693
12/20/2021 16:00:00,125.72,127.2,124.7,127.06,4941411
12/21/2021 16:00:00,127.66,129.34,127.66,128.97,4855972
12/22/2021 16:00:00,129.06,129.79,127.6,129.75,3923198
12/23/2021 16:00:00,130,130.96,129.52,130.63,3649044
12/27/2021 16:00:00,130.63,131.65,129.95,131.62,4294499
12/28/2021 16:00:00,131.6,133.22,131.59,132.63,3447079
12/29/2021 16:00:00,132.4,134.21,132.3,133.35,4239935
12/30/2021 16:00:00,133.75,134.37,133.33,133.91,3158111
12/31/2021 16:00:00,134,134.99,133.61,133.66,3362060
1/3/2022 16:00:00,134.07,136.29,133.63,136.04,4610665
1/4/2022 16:00:00,136.1,139.95,135.9,138.02,7300011
1/5/2022 16:00:00,138.31,142.2,137.88,138.22,8956910
1/6/2022 16:00:00,138.2,138.41,132.51,135.34,9908081
1/7/2022 16:00:00,134.9,135.66,133.51,134.83,5238099
1/10/2022 16:00:00,134.47,136.2,133.38,135.03,5432807
1/11/2022 16:00:00,130.52,133.25,127.97,132.87,11105324
1/12/2022 16:00:00,133.25,134.47,131.37,133.59,5352014
1/13/2022 16:00:00,133.9,136.05,133.56,134.76,4868349
1/14/2022 16:00:00,134.55,135.14,133.3,134.21,5310305
1/18/2022 16:00:00,132.95,133.89,131.78,132.94,5247453
1/19/2022 16:00:00,132.9,133.9,131.5,131.58,4103694
1/20/2022 16:00:00,131.26,132.88,130.57,130.82,5278244
1/21/2022 16:00:00,131.65,131.87,129.27,129.35,5906950
1/24/2022 16:00:00,127.99,129.15,124.19,128.82,13777648
1/25/2022 16:00:00,129.14,137.34,128.3,136.1,19715698
1/26/2022 16:00:00,136.47,137.07,133.13,134.26,8335992
1/27/2022 16:00:00,133.66,134.75,132.08,132.52,5499566
1/28/2022 16:00:00,133.19,134.53,131.79,134.5,5471497
1/31/2022 16:00:00,134.09,134.09,132.3,133.57,5859043
2/1/2022 16:00:00,133.76,135.96,132.5,135.53,6206448
2/2/2022 16:00:00,135.7,137.56,135.26,137.25,5357237
2/3/2022 16:00:00,137,138.76,135.83,137.78,6100777
2/4/2022 16:00:00,137.86,138.82,136.22,137.15,4142045
2/7/2022 16:00:00,137.45,137.82,136.27,137.24,3759046
2/8/2022 16:00:00,137.23,137.52,135.78,137.02,4181825
2/9/2022 16:00:00,137.84,138.35,136.83,137.79,5393478
2/10/2022 16:00:00,135.47,136.56,133.17,133.52,5978640
2/11/2022 16:00:00,133.9,134.71,132.38,132.69,4176155
2/14/2022 16:00:00,132.59,132.65,129.07,130.15,5345289
2/15/2022 16:00:00,130.64,131.68,129.61,129.94,4395714
2/16/2022 16:00:00,129.45,130.44,128.26,129.18,4875612
2/17/2022 16:00:00,128.05,128.5,124.85,124.97,6796997
2/18/2022 16:00:00,124.94,125.44,123.61,124.35,4609212
2/22/2022 16:00:00,124.2,125,122.68,123.92,5349687
2/23/2022 16:00:00,124.38,124.7,121.87,122.07,4086367
2/24/2022 16:00:00,120,122.1,118.81,121.97,6563202
2/25/2022 16:00:00,122.05,124.26,121.45,124.18,4460904
2/28/2022 16:00:00,122.21,123.39,121.04,122.51,6757332
3/1/2022 16:00:00,122.67,123.39,120.7,121.35,4873331
3/2/2022 16:00:00,122.59,124.64,121.8,123.86,4891435
3/3/2022 16:00:00,124.96,126.67,124.24,125.93,5206649
3/4/2022 16:00:00,124.4,127.35,124.21,126.62,4402911
3/7/2022 16:00:00,126.47,127.91,125.62,126.07,5047358
3/8/2022 16:00:00,126.62,128.35,124.82,125.68,4887565
3/9/2022 16:00:00,127.41,128.1,125.91,126.22,4403499
3/10/2022 16:00:00,125.75,126.03,123.13,124.35,5326835
3/11/2022 16:00:00,125,126.77,123.91,123.96,4119630
3/14/2022 16:00:00,124.45,125.16,122.69,123.94,3289440
3/15/2022 16:00:00,124,125.94,123.22,125.64,4021228
3/16/2022 16:00:00,126.5,127.28,124.71,127.04,4292845
3/17/2022 16:00:00,127.1,128.29,126.53,127.96,3671903
3/18/2022 16:00:00,127.38,128.93,126.37,128.76,7466026
3/21/2022 16:00:00,129,129.74,127.4,128.1,3384636
3/22/2022 16:00:00,128.5,129.3,127.85,129.06,2690193
3/23/2022 16:00:00,129.08,129.32,128.25,128.3,2924535
3/24/2022 16:00:00,128.33,129.37,127.8,129.25,2971075
3/25/2022 16:00:00,129.5,131.4,129.31,131.35,3531746
3/28/2022 16:00:00,130.82,131.5,129.6,131.47,2483492
3/29/2022 16:00:00,132.04,132.84,130.43,131.94,5791032
3/30/2022 16:00:00,132.01,133.08,131.39,132.13,2622860
3/31/2022 16:00:00,130.72,131.88,130,130.02,4274029
4/1/2022 16:00:00,129.66,130.27,128.06,130.15,4012373
4/4/2022 16:00:00,130.26,130.45,128.93,130.27,2811100
4/5/2022 16:00:00,129.85,131.23,128.66,128.89,3107181
4/6/2022 16:00:00,127.78,129.51,127.25,129.39,3958057
4/7/2022 16:00:00,128.87,129.25,126.73,128.55,3538317
4/8/2022 16:00:00,128.01,128.78,127.27,127.73,3143309
4/11/2022 16:00:00,127.95,128.18,126.18,126.37,3202545
4/12/2022 16:00:00,126.42,127.34,125.58,125.98,2690998
4/13/2022 16:00:00,125.64,126.67,124.91,126.14,3064918
4/14/2022 16:00:00,128.93,130.58,126.38,126.56,6384180
4/18/2022 16:00:00,126.6,127.39,125.53,126.17,4884150
4/19/2022 16:00:00,126.08,129.4,126,129.15,7971361
4/20/2022 16:00:00,135,139.56,133.38,138.32,17859155
4/21/2022 16:00:00,138.23,141.88,137.35,139.85,9922349
4/22/2022 16:00:00,139.7,140.44,137.35,138.25,6508599
4/25/2022 16:00:00,137.59,139.65,135.19,139.1,5748289
4/26/2022 16:00:00,139,139.87,136.17,136.19,4956236
4/27/2022 16:00:00,135.78,137.12,134.63,135.06,4369052
4/28/2022 16:00:00,136.85,136.99,134.81,135.74,4477068
4/29/2022 16:00:00,135.13,135.55,132,132.21,5078660
5/2/2022 16:00:00,133,133.77,130.89,133.04,4213477
5/3/2022 16:00:00,133,133.6,131.99,132.52,3688574
5/4/2022 16:00:00,132.87,137.87,132.14,137.4,5932574
5/5/2022 16:00:00,136.46,137.26,134.76,135.92,5957434
5/6/2022 16:00:00,135.47,137.99,135.47,137.67,7306396
5/9/2022 16:00:00,134.41,136.35,133.32,134.44,7647933
5/10/2022 16:00:00,135,135.41,128.43,129.13,8642398
5/11/2022 16:00:00,129.86,132.96,129.86,130.75,5301131
5/12/2022 16:00:00,131.27,133.62,130.41,132.9,5384809
5/13/2022 16:00:00,133,133.8,131.05,133.6,4195218
5/16/2022 16:00:00,133.1,136.51,132.41,135.03,4250395
5/17/2022 16:00:00,137.19,138.37,135.64,138.37,4372909
5/18/2022 16:00:00,137.1,137.62,132.17,132.94,6003015
5/19/2022 16:00:00,132,132.32,128.71,129.66,5819664
5/20/2022 16:00:00,130.18,130.37,125.8,128.48,6914458
5/23/2022 16:00:00,129.5,131.95,129.42,131.17,3591511
5/24/2022 16:00:00,130.57,134.37,130.42,133.8,4189723
5/25/2022 16:00:00,132.86,134.82,132.86,134.39,3299303
5/26/2022 16:00:00,135,137.55,134.52,136.89,3929338
5/27/2022 16:00:00,137.39,139.74,137.24,139.27,4608215
5/31/2022 16:00:00,138.2,139.83,136.81,138.84,7978053
6/1/2022 16:00:00,139.67,140.47,138.52,139.43,3796488
6/2/2022 16:00:00,139.45,140.29,136.85,140.15,3734812
6/3/2022 16:00:00,140.26,142.58,139.74,141.18,4352213
6/6/2022 16:00:00,142.98,144.73,142,142.88,4767100
6/7/2022 16:00:00,142.6,142.98,140.96,142.78,2887051
6/8/2022 16:00:00,142.07,142.8,140.15,140.83,3005666
6/9/2022 16:00:00,140.15,141.04,137.93,137.96,3592551
6/10/2022 16:00:00,137.8,137.8,135.25,136.19,4661716
6/13/2022 16:00:00,133.97,137.57,133.76,135.11,6486044
6/14/2022 16:00:00,135,136.95,134.86,135.72,4607785
6/15/2022 16:00:00,136.01,138.45,135.58,137.06,4606887
6/16/2022 16:00:00,135.3,136.24,134.39,135.67,5386396
6/17/2022 16:00:00,135.99,136.98,132.85,135.02,12968509
6/21/2022 16:00:00,136,138.5,135.9,137.85,4089272
6/22/2022 16:00:00,136.1,138.18,136.03,137.08,3791635
6/23/2022 16:00:00,137.14,138.62,136.5,138.44,4547925
6/24/2022 16:00:00,139.2,142.37,139.13,142.06,11493012
6/27/2022 16:00:00,142.26,143.83,141.95,142.8,3935968
6/28/2022 16:00:00,142.92,144.16,141.32,141.86,4065202
6/29/2022 16:00:00,142.74,143.52,139.5,140.71,4161491
6/30/2022 16:00:00,139.58,142.46,139.28,141.19,4878020
7/1/2022 16:00:00,141,141.67,139.26,141.12,4012106
7/5/2022 16:00:00,139.97,139.97,135.27,137.62,6274067
7/6/2022 16:00:00,138,139.14,137.13,138.08,3237059
7/7/2022 16:00:00,138.91,141.32,138.83,140.83,3897077
7/8/2022 16:00:00,140.76,141.32,139.82,140.47,2820928
7/11/2022 16:00:00,140.62,141.87,140.13,141,3912773
7/12/2022 16:00:00,140.84,141.55,138.57,139.18,3235571
7/13/2022 16:00:00,137.18,138.9,136.8,137.18,4123213
7/14/2022 16:00:00,135.6,139.43,135.02,139.06,5298351
7/15/2022 16:00:00,140.68,140.68,138.61,139.92,4519320
7/18/2022 16:00:00,140.15,140.31,137.78,138.13,8231694
7/19/2022 16:00:00,131.58,132.56,127.72,130.88,29690535
7/20/2022 16:00:00,130.7,130.72,128.06,129.18,9882016
7/21/2022 16:00:00,128.75,128.81,125.13,127.15,11975361
7/22/2022 16:00:00,127.03,128.32,125.71,128.25,6467205
7/25/2022 16:00:00,128.44,129.13,127.9,128.54,4702352
7/26/2022 16:00:00,128.26,129.3,127.63,128.08,3645313
7/27/2022 16:00:00,127.97,129.43,127.58,129.12,4175625
7/28/2022 16:00:00,128.75,129.81,128.61,129.22,3913680
7/29/2022 16:00:00,129.52,131,129.31,130.79,5786815
8/1/2022 16:00:00,130.75,132.7,130.7,132.04,4142099
8/2/2022 16:00:00,132.2,132.78,130.51,131.81,4403633
8/3/2022 16:00:00,131.82,132.86,131.32,132.34,3088532
8/4/2022 16:00:00,132.15,132.29,131.02,131.64,3179789
8/5/2022 16:00:00,131.25,132.67,131.07,132.48,2586519
8/8/2022 16:00:00,133.1,133.35,132.02,132.61,3825145
8/9/2022 16:00:00,129.92,130.79,129.12,129.47,3495991
8/10/2022 16:00:00,130.75,131.78,130.34,131.5,3663995
8/11/2022 16:00:00,132.36,133.23,132,132.54,3501925
8/12/2022 16:00:00,132.62,134.09,131.98,134.01,2767054
8/15/2022 16:00:00,132.96,135.19,132.24,134.93,2791241
8/16/2022 16:00:00,134.6,137.37,134.45,136.56,4313600
8/17/2022 16:00:00,136.46,138.42,136.3,137.79,3667568
8/18/2022 16:00:00,137.79,139.12,137.75,139.07,3177726
8/19/2022 16:00:00,138.75,139.34,137.66,138.37,3155842
8/22/2022 16:00:00,137.65,137.85,135.47,135.55,3093629
8/23/2022 16:00:00,135.37,136.1,134.72,134.74,4141798
8/24/2022 16:00:00,134.89,135.11,133.11,133.23,2855421
8/25/2022 16:00:00,133.65,134.43,133.07,133.98,2706005
8/26/2022 16:00:00,134.1,134.18,130.34,130.38,4185254
8/29/2022 16:00:00,129.99,131.42,129.57,130.31,2782973
8/30/2022 16:00:00,130.56,130.77,129.29,129.58,2407888
8/31/2022 16:00:00,129.92,130,128.4,128.45,3490380
9/1/2022 16:00:00,128.4,129.82,127.74,129.66,3396219
9/2/2022 16:00:00,130.3,130.56,127.24,127.79,3040813
9/6/2022 16:00:00,127.8,128.06,126.3,126.72,3347108
9/7/2022 16:00:00,126.69,127.87,126.28,127.71,2401513
9/8/2022 16:00:00,127.2,128.54,126.59,128.47,2964613
9/9/2022 16:00:00,128.9,129.49,128.06,129.19,3293365
9/12/2022 16:00:00,130.33,130.99,129.89,130.66,3741168
9/13/2022 16:00:00,129.14,129.91,126.77,127.25,4565585
9/14/2022 16:00:00,127.5,129,126.85,127.69,3819067
9/15/2022 16:00:00,127.39,127.47,124.9,125.49,5141671
9/16/2022 16:00:00,124.36,127.53,123.83,127.27,9839696
9/19/2022 16:00:00,126.49,128.06,126.28,127.73,3981606
9/20/2022 16:00:00,126.9,126.99,125.52,126.3,2837485
9/21/2022 16:00:00,126.89,127.84,124.92,124.93,3389545
9/22/2022 16:00:00,124.76,126.51,124.41,125.31,4046748
9/23/2022 16:00:00,124.53,125,121.74,122.71,5195693
9/26/2022 16:00:00,122.3,124.26,121.75,122.01,3987817
9/27/2022 16:00:00,122.6,123.95,121.08,121.74,4117215
9/28/2022 16:00:00,121.65,123.23,119.81,122.76,4996378
9/29/2022 16:00:00,121.85,122.62,120.57,121.63,3817723
9/30/2022 16:00:00,121.66,122.43,118.61,118.81,5346108
10/3/2022 16:00:00,120.16,122.21,119.6,121.51,4261729
10/4/2022 16:00:00,122.8,125.65,122.52,125.5,4566055
10/5/2022 16:00:00,124.71,126.46,124.23,125.74,3212872
10/6/2022 16:00:00,124.88,125.3,121.77,122.23,5074624
10/7/2022 16:00:00,121.5,121.8,118.07,118.82,4499672
10/10/2022 16:00:00,119.79,119.96,117.04,117.75,5990008
10/11/2022 16:00:00,117.46,119.23,116.94,117.8,4043265
10/12/2022 16:00:00,118,118.81,117.2,117.57,3338754
10/13/2022 16:00:00,116.1,122.15,115.55,121.79,5837645
10/14/2022 16:00:00,121.8,122.54,119.84,120.04,3763840
10/17/2022 16:00:00,121.8,122.88,121.43,121.52,5458585
10/18/2022 16:00:00,123,123.94,121.82,122.94,5120336
10/19/2022 16:00:00,122.36,123.94,121.99,122.51,5906576
10/20/2022 16:00:00,126.25,128.96,125.15,128.3,13623115
10/21/2022 16:00:00,128.39,130.85,127.59,129.9,7201256
10/24/2022 16:00:00,130.9,133.11,129.85,132.69,5610914
10/25/2022 16:00:00,132,133.3,131.3,132.93,5957623
10/26/2022 16:00:00,133.72,135.86,132.81,135.01,5140023
10/27/2022 16:00:00,135.55,136.4,134.45,134.77,3993168
10/28/2022 16:00:00,135.56,138.86,135.22,138.51,5965457
10/31/2022 16:00:00,138.06,138.77,136.6,138.29,4915270
11/1/2022 16:00:00,138.25,138.65,136.7,138.2,3590607
11/2/2022 16:00:00,137.75,140.17,136.8,136.83,5365264
11/3/2022 16:00:00,136.42,136.48,133.97,134.47,4442443
11/4/2022 16:00:00,135.65,137.73,134.94,136.96,4177972
11/7/2022 16:00:00,136.64,138.7,136.51,138.34,4043062
11/8/2022 16:00:00,139,140.93,138.72,140.04,5042756
11/9/2022 16:00:00,137.95,138.9,136.94,137.39,4720007
11/10/2022 16:00:00,140.26,141.37,138.29,141.23,5389025
11/11/2022 16:00:00,141.5,144.13,140.96,143.17,5871264
11/14/2022 16:00:00,142.63,146.08,142.18,144.2,5245624
11/15/2022 16:00:00,144.08,146.16,142,144.34,4727107
11/16/2022 16:00:00,144.13,144.95,144.01,144.52,3445302
11/17/2022 16:00:00,143.41,146.18,143.25,146.09,3955162
11/18/2022 16:00:00,146.56,148.31,145.94,147.64,4661735
11/21/2022 16:00:00,147.55,147.93,146.45,146.68,3476208
11/22/2022 16:00:00,147.6,149.35,147.02,149.1,7062060
11/23/2022 16:00:00,149.1,150.46,148.3,148.75,3658459
11/25/2022 13:00:00,148.27,149.49,148.1,148.37,2075156
11/28/2022 16:00:00,147.98,148.24,145.94,146.18,3538696
11/29/2022 16:00:00,145.91,147.17,145.7,146.49,2754744
11/30/2022 16:00:00,146.19,149.64,145.67,148.9,6377582
12/1/2022 16:00:00,149.98,150.01,147.34,149.16,4495924
12/2/2022 16:00:00,148.13,149.16,147.73,148.67,2899995
12/5/2022 16:00:00,147.94,148.93,146.8,147.41,2784767
12/6/2022 16:00:00,147.3,147.8,146.7,147.5,2847610
12/7/2022 16:00:00,147.33,148.1,146.29,147.27,3971285
12/8/2022 16:00:00,147.9,149.15,147.37,147.78,2665687
12/9/2022 16:00:00,147.4,148.34,146.97,147.05,3047581
12/12/2022 16:00:00,147.82,149.21,146.94,149.21,4032780
12/13/2022 16:00:00,150.37,153.21,149.95,150.57,8811553
12/14/2022 16:00:00,150.47,151.91,148.45,149.86,4205878
12/15/2022 16:00:00,148.52,148.98,141.58,142.36,6687744
12/16/2022 16:00:00,141.25,141.92,138.97,140.16,9834427
12/19/2022 16:00:00,140.16,140.44,137.2,138.87,5282860
12/20/2022 16:00:00,138.84,141.43,138.34,141.28,5156450
12/21/2022 16:00:00,141.84,143.09,140.98,142.14,3793700
12/22/2022 16:00:00,140.95,141.44,138.62,140.88,3337851
12/23/2022 16:00:00,140.59,141.86,139.6,141.65,2092715
12/27/2022 16:00:00,141.73,142.72,141.23,142.42,2742525
12/28/2022 16:00:00,142.4,142.81,139.95,140.02,2539577
12/29/2022 16:00:00,140.58,142.26,140.45,141.06,2337207
12/30/2022 16:00:00,140.54,140.9,139.45,140.89,2858110
1/3/2023 16:00:00,141.1,141.9,140.48,141.55,3338829
1/4/2023 16:00:00,142.07,143.62,141.37,142.6,3869236
1/5/2023 16:00:00,142.44,142.5,140.01,141.11,2866648
1/6/2023 16:00:00,142.38,144.25,141.58,143.7,3574042
1/9/2023 16:00:00,144.08,145.47,143.4,143.55,3987782
1/10/2023 16:00:00,143.61,144.85,142.9,144.8,2152172
1/11/2023 16:00:00,145,145.53,143.45,145.26,3268738
1/12/2023 16:00:00,144.88,146.66,144.52,145.55,2716118
1/13/2023 16:00:00,144.06,146.1,144.01,145.89,2455786
1/17/2023 16:00:00,146.42,147.18,145.01,145.19,2986461
1/18/2023 16:00:00,144.4,144.68,140.23,140.41,6445642
1/19/2023 16:00:00,140,142.23,139.75,140.62,4833924
1/20/2023 16:00:00,141.67,141.86,140.51,141.2,7153341
1/23/2023 16:00:00,141.4,142.99,141.06,141.86,5898436
1/24/2023 16:00:00,141.25,142.75,140,141.49,4407622
1/25/2023 16:00:00,140.47,141.03,139.36,140.76,7347453
1/26/2023 16:00:00,137.53,138.27,132.98,134.45,17548483
1/27/2023 16:00:00,134.44,135.49,133.77,134.39,8143146
1/30/2023 16:00:00,134.32,136.11,133.98,135.3,5375712
1/31/2023 16:00:00,135.5,135.65,133.76,134.73,7206448
2/1/2023 16:00:00,134.49,135.79,132.8,135.09,5428898
2/2/2023 16:00:00,135.96,136.72,134.85,136.39,6107793
2/3/2023 16:00:00,136.35,136.95,135.53,136.94,3755720
2/6/2023 16:00:00,135.83,136.32,134.95,136.18,4841300
2/7/2023 16:00:00,135.67,136.4,134.45,135.84,3737553
2/8/2023 16:00:00,135.71,136.74,135.16,135.98,4593748
2/9/2023 16:00:00,134.99,135.73,133.34,133.75,3918817
2/10/2023 16:00:00,133.78,135.77,133.5,135.6,5049571
2/13/2023 16:00:00,136,137.39,135.85,137.35,4403015
2/14/2023 16:00:00,137.05,137.24,135.05,136.01,3202172
2/15/2023 16:00:00,135.2,136.45,135.07,136.4,2507004
2/16/2023 16:00:00,135.57,135.97,134.59,135,2965495
2/17/2023 16:00:00,134.5,135.58,133.89,135.02,3466184
2/21/2023 16:00:00,134,134.39,131.66,131.71,4257210
2/22/2023 16:00:00,131.9,131.99,130.29,130.97,3200185
2/23/2023 16:00:00,131.5,131.7,128.86,130.79,3725648
2/24/2023 16:00:00,129.62,130.67,129.22,130.57,3015907
2/27/2023 16:00:00,131.42,131.87,130.13,130.49,2761326
2/28/2023 16:00:00,130.55,130.61,129.14,129.3,5143133
3/1/2023 16:00:00,128.9,129.47,127.74,128.19,3760678
3/2/2023 16:00:00,128.39,129.22,127.71,128.93,3340254
3/3/2023 16:00:00,129.35,129.91,128.77,129.64,2860286
3/6/2023 16:00:00,129.64,130.86,129.59,130.19,2982980
3/7/2023 16:00:00,130.28,130.42,128.19,128.25,3530439
3/8/2023 16:00:00,128.48,128.74,127.55,128.05,2778798
3/9/2023 16:00:00,128.3,128.53,125.98,126.16,5478317
3/10/2023 16:00:00,126.12,127.29,125.13,125.45,5990867
3/13/2023 16:00:00,125.15,128.19,124.85,125.58,8188369
3/14/2023 16:00:00,126.49,126.64,123.2,124.65,8114792
3/15/2023 16:00:00,122.99,123.35,121.71,123.28,5989339
3/16/2023 16:00:00,122.96,124.82,121.92,124.7,6440023
3/17/2023 16:00:00,124.08,124.52,122.93,123.69,37400167
3/20/2023 16:00:00,124.31,126.16,124.19,125.94,4588304
3/21/2023 16:00:00,126.9,127.15,125.66,126.57,3856345
3/22/2023 16:00:00,127,127.22,124.01,124.05,3549024
3/23/2023 16:00:00,123.81,124.93,122.6,123.37,4651936
3/24/2023 16:00:00,123.36,125.4,122.88,125.29,3812644
3/27/2023 16:00:00,126.47,130.26,126.47,129.31,6524113
3/28/2023 16:00:00,129.18,129.66,128.8,129.34,2889115
3/29/2023 16:00:00,130.12,130.35,129.18,129.71,3279846
3/30/2023 16:00:00,130.16,131.48,129.1,129.22,3561762
3/31/2023 16:00:00,129.47,131.23,129.42,131.09,4524686
4/3/2023 16:00:00,130.97,132.61,130.77,132.06,3840139
4/4/2023 16:00:00,131.99,132.15,130.89,131.6,3382783
4/5/2023 16:00:00,131.37,132.61,131.37,132.14,2898759
4/6/2023 16:00:00,132.16,132.6,130.32,130.5,3050581
4/10/2023 16:00:00,129.83,131.08,129.24,131.03,2614402
4/11/2023 16:00:00,130.58,131.1,130.18,130.42,3132430
4/12/2023 16:00:00,130.4,130.89,128.17,128.54,3957542
4/13/2023 16:00:00,128.01,128.39,126,127.9,5621512
4/14/2023 16:00:00,128.46,129.84,127.31,128.14,4180614
4/17/2023 16:00:00,128.3,128.72,126.8,127.82,3662666
4/18/2023 16:00:00,128.14,128.68,127.35,127.78,3193787
4/19/2023 16:00:00,126.5,126.98,125.3,126.32,7014368
4/20/2023 16:00:00,130.15,130.98,125.84,126.36,9749618
4/21/2023 16:00:00,126,126.7,125.27,125.73,6725426
4/24/2023 16:00:00,125.55,126.05,124.56,125.4,4043892
4/25/2023 16:00:00,124.9,126.19,124.76,125.89,4275396
4/26/2023 16:00:00,125.81,126.55,125.12,125.85,4070168
4/27/2023 16:00:00,126.37,127.02,125.46,126.97,3204889
4/28/2023 16:00:00,126.58,127.25,125.64,126.41,5061247
5/1/2023 16:00:00,126.35,126.75,126.06,126.09,2724992
5/2/2023 16:00:00,126.3,126.45,123.27,125.16,4445283
5/3/2023 16:00:00,125.46,125.57,123.26,123.45,4554212
5/4/2023 16:00:00,123.03,123.52,121.76,122.57,4468237
5/5/2023 16:00:00,123.11,124.1,122.81,123.65,4971936
5/8/2023 16:00:00,123.76,123.92,122.55,123.4,3663818
5/9/2023 16:00:00,121.9,121.97,120.66,121.17,4540047
5/10/2023 16:00:00,121.99,122.49,121.1,122.02,4189222
5/11/2023 16:00:00,122.02,122.24,120.55,120.9,3446452
5/12/2023 16:00:00,121.41,122.86,121.11,122.84,4564825
5/15/2023 16:00:00,123,123.69,122.34,123.36,2915725
5/16/2023 16:00:00,123.35,123.86,122.45,123.46,2749125
5/17/2023 16:00:00,123.94,125.85,123.47,125.71,4515134
5/18/2023 16:00:00,125.3,126.51,125.19,126.15,3797883
5/19/2023 16:00:00,126.79,128.29,126.55,127.26,4306657
5/22/2023 16:00:00,127.5,128.19,127.15,127.5,2806770
5/23/2023 16:00:00,127.24,129.09,127.13,128.18,4592280
5/24/2023 16:00:00,127.82,127.9,125.47,125.68,3915505
5/25/2023 16:00:00,125.61,127.23,125.01,126.76,4102854
5/26/2023 16:00:00,127.06,129.66,126.81,128.89,5612570
5/30/2023 16:00:00,129.56,130.07,128.26,129.48,3741050
5/31/2023 16:00:00,128.51,129.44,127.46,128.59,11590211
6/1/2023 16:00:00,128.44,130.15,127.78,129.82,4136086
6/2/2023 16:00:00,130.38,133.12,130.15,132.42,5375796
6/5/2023 16:00:00,133.12,133.58,132.27,132.64,3993516
6/6/2023 16:00:00,132.43,132.94,131.88,132.69,3297951
6/7/2023 16:00:00,132.5,134.44,132.19,134.38,5772024
6/8/2023 16:00:00,134.69,135.98,134.01,134.41,4128939
6/9/2023 16:00:00,134.36,136.1,134.17,135.3,3981748
6/12/2023 16:00:00,136,136.62,135.82,136.42,4500120
6/13/2023 16:00:00,136.51,138.17,136,137.6,3927331
6/14/2023 16:00:00,137.8,138.93,136.94,137.2,4514888
6/15/2023 16:00:00,137.27,138.8,137.18,138.4,3812582
6/16/2023 16:00:00,139.23,139.47,137.47,137.48,7473676
6/20/2023 16:00:00,136.36,137.23,135.89,135.96,4272511
6/21/2023 16:00:00,135.11,135.39,133.29,133.69,5501272
6/22/2023 16:00:00,131.68,132.96,130.68,131.17,6013021
6/23/2023 16:00:00,130.4,130.62,129.18,129.43,11324705
6/26/2023 16:00:00,129.39,131.41,129.31,131.34,4845649
6/27/2023 16:00:00,131.3,132.95,130.83,132.34,3219909
6/28/2023 16:00:00,132.06,132.17,130.91,131.76,2753779
6/29/2023 16:00:00,131.75,134.35,131.69,134.06,3639836
6/30/2023 16:00:00,134.69,135.03,133.43,133.81,4236677
7/3/2023 13:00:00,133.42,134.35,132.87,133.67,1477149
7/5/2023 16:00:00,133.32,134.31,132.59,134.24,2955870
7/6/2023 16:00:00,133.24,133.9,131.55,132.16,3508083
7/7/2023 16:00:00,131.78,133.85,131.75,132.08,2982738
7/10/2023 16:00:00,131.76,133.05,131.7,132.9,2369425
7/11/2023 16:00:00,133.66,134.56,133.23,134.44,2925238
7/12/2023 16:00:00,135.07,135.33,132.57,132.84,3732189
7/13/2023 16:00:00,133.51,135.07,133.36,133.92,3221422
7/14/2023 16:00:00,133.91,133.92,132.94,133.4,2861496
7/17/2023 16:00:00,133.26,134.61,133.1,134.24,3168419
7/18/2023 16:00:00,134.71,135.95,134.29,135.36,3852058
7/19/2023 16:00:00,135.53,136.45,135.19,135.48,5519992
7/20/2023 16:00:00,137.19,140.32,136.56,138.38,10896330
7/21/2023 16:00:00,138.21,139.78,137.76,138.94,5858741
7/24/2023 16:00:00,139.35,140.12,138.78,139.54,3475442
7/25/2023 16:00:00,139.42,140.43,139.04,140.33,3770813
7/26/2023 16:00:00,140.44,141.25,139.88,141.07,4046441
7/27/2023 16:00:00,142.3,143.38,141.9,142.97,6331563
7/28/2023 16:00:00,143.44,143.95,142.85,143.45,6686627
7/31/2023 16:00:00,143.81,144.6,143.53,144.18,6138902
8/1/2023 16:00:00,144.25,144.48,142.17,143.33,4798703
8/2/2023 16:00:00,142.78,144.3,142.31,144.17,4959381
8/3/2023 16:00:00,143.78,145.22,143.31,144.45,3952640
8/4/2023 16:00:00,145.09,146.09,143.99,144.24,4223204
8/7/2023 16:00:00,145,146.5,144.93,146.18,3438654
8/8/2023 16:00:00,145.7,146.15,144.11,145.91,4654582
8/9/2023 16:00:00,144.94,144.94,142.3,142.49,4073038
8/10/2023 16:00:00,143.04,144.58,142.69,143.25,4735763
8/11/2023 16:00:00,143.12,143.45,142.21,143.12,2526433
8/14/2023 16:00:00,143.05,143.37,141.8,141.91,4226563
8/15/2023 16:00:00,141.5,142.31,141.2,141.87,3656559
8/16/2023 16:00:00,141.7,142.09,140.56,140.64,3285347
8/17/2023 16:00:00,141.01,142.66,140.6,140.66,3742058
8/18/2023 16:00:00,140,141.83,139.76,141.41,3915480
8/21/2023 16:00:00,141.42,142.39,141.11,142.28,2937781
8/22/2023 16:00:00,142.66,143.23,141.3,141.49,3557734
8/23/2023 16:00:00,141.72,143.48,141.58,143.41,2559083
8/24/2023 16:00:00,143.51,144.47,143.22,143.55,2900244
8/25/2023 16:00:00,144.18,145.47,143.5,145.35,3660147
8/28/2023 16:00:00,145.41,146.74,145.21,146.02,3561347
8/29/2023 16:00:00,146.3,146.73,145.62,146.45,2778113
8/30/2023 16:00:00,146.42,146.92,145.75,146.86,2245402
8/31/2023 16:00:00,146.94,147.73,146.54,146.83,3885949
9/1/2023 16:00:00,147.26,148.1,146.92,147.94,2727796
9/5/2023 16:00:00,147.91,149,147.57,148.13,3731281
9/6/2023 16:00:00,147.66,148.33,147.12,148.06,2932203
9/7/2023 16:00:00,148.13,148.78,147.4,147.52,3333040
9/8/2023 16:00:00,147.35,148.59,147.26,147.68,3722927
9/11/2023 16:00:00,148.57,148.78,147.58,148.38,3273720
9/12/2023 16:00:00,147.92,148,145.8,146.3,4457695
9/13/2023 16:00:00,145.95,146.98,145.92,146.55,2627999
9/14/2023 16:00:00,147.38,147.73,146.48,147.35,2723200
9/15/2023 16:00:00,147.11,147.85,145.53,145.99,6234033
9/18/2023 16:00:00,145.77,146.48,145.06,145.09,2508062
9/19/2023 16:00:00,145,146.72,144.66,146.52,3945423
9/20/2023 16:00:00,148.36,151.93,148.13,149.83,9636681
9/21/2023 16:00:00,149,149.25,147.31,147.38,4944786
9/22/2023 16:00:00,147.41,148.1,146.82,146.91,2562216
9/25/2023 16:00:00,146.57,147.43,146.25,146.48,2694245
9/26/2023 16:00:00,145.51,146.17,143.02,143.24,4824654
9/27/2023 16:00:00,143.67,143.82,141.76,143.17,4439121
9/28/2023 16:00:00,142.14,142.28,140.21,141.58,5783422
9/29/2023 16:00:00,142,142.13,139.61,140.3,5703983
10/2/2023 16:00:00,140.04,141.45,139.86,140.8,3275461
10/3/2023 16:00:00,140.87,141.64,140,140.39,3284421
10/4/2023 16:00:00,140.37,141.2,139.99,141.07,2637779
10/5/2023 16:00:00,140.9,141.7,140.19,141.52,3223910
10/6/2023 16:00:00,141.4,142.94,140.11,142.03,3511347
10/9/2023 16:00:00,142.3,142.4,140.68,142.2,2354396
10/10/2023 16:00:00,142.6,143.42,141.72,142.11,3015784
10/11/2023 16:00:00,142.51,143.34,142.14,143.23,2511459
10/12/2023 16:00:00,142.51,142.93,140.95,141.24,3921142
10/13/2023 16:00:00,139.77,140.12,138.27,138.46,4583553
10/16/2023 16:00:00,139.28,139.78,138.52,139.21,3361468
10/17/2023 16:00:00,137.12,140.62,136.31,140.32,4172822
10/18/2023 16:00:00,140,140.43,139.58,139.97,3329985
10/19/2023 16:00:00,138.64,139.41,137.93,138.01,5314159
10/20/2023 16:00:00,138.15,139.27,137.12,137.16,4865615
10/23/2023 16:00:00,136.63,137.68,135.87,136.38,3457527
10/24/2023 16:00:00,136.74,137.98,136.05,137.79,3697975
10/25/2023 16:00:00,137.5,138.49,136.33,137.08,6472549
10/26/2023 16:00:00,142.2,144.41,141.58,143.76,11130170
10/27/2023 16:00:00,143.62,144.7,141.71,142.52,5469227
10/30/2023 16:00:00,143.19,144.5,142.58,142.63,4204190
10/31/2023 16:00:00,143,144.76,142.59,144.64,6592041
11/1/2023 16:00:00,145,146.51,144.45,145.4,4750081
11/2/2023 16:00:00,145.77,147.1,144.84,147.01,3902657
11/3/2023 16:00:00,147.45,148.45,147.28,147.9,3510495
11/6/2023 16:00:00,147.89,149.23,147.85,148.97,4597249
11/7/2023 16:00:00,149.03,149.28,148.03,148.83,3549853
11/8/2023 16:00:00,149.25,149.68,147.59,148.03,3618588
11/9/2023 16:00:00,146.55,146.99,145.28,146.62,3412713
11/10/2023 16:00:00,147.44,149.17,146.85,149.02,3179541
11/13/2023 16:00:00,148.46,148.49,147.35,148.1,2647288
11/14/2023 16:00:00,149.45,150.81,149.05,150.41,4321940
11/15/2023 16:00:00,150.4,153.22,150.4,152.58,4632519
11/16/2023 16:00:00,153,153.35,152.13,153.06,3519172
11/17/2023 16:00:00,153.29,153.5,152.46,152.89,4426676
11/20/2023 16:00:00,152.51,154.68,152.35,154.35,3658936
11/21/2023 16:00:00,154.6,154.66,153.51,153.91,2859508
11/22/2023 16:00:00,154.5,155.71,154.16,155.13,3045091
11/24/2023 13:00:00,155.13,155.4,153.92,155.18,1799161
11/27/2023 16:00:00,154.99,156.14,154.75,155.57,4053093
11/28/2023 16:00:00,155.44,155.75,154.86,155.65,2666182
11/29/2023 16:00:00,156.15,157.51,156.02,156.41,3568887
11/30/2023 16:00:00,156.95,158.6,156.89,158.56,6740622
12/1/2023 16:00:00,158.41,160.59,158,160.55,4871860
12/4/2023 16:00:00,160.29,162.79,160.29,161.1,5779017
12/5/2023 16:00:00,160.76,162.47,160.72,161.39,4556668
12/6/2023 16:00:00,161.59,162.35,160.01,160.28,3555863
12/7/2023 16:00:00,161,161.47,159.97,160.22,3665498
12/8/2023 16:00:00,160,162.04,160,161.96,4561342
12/11/2023 16:00:00,162.68,163.65,161.95,163.51,6077207
12/12/2023 16:00:00,163.27,166.34,162.92,164.71,5292290
12/13/2023 16:00:00,164.37,164.97,162.74,163.62,4989141
12/14/2023 16:00:00,162.93,163.5,160.15,162.91,6129804
12/15/2023 16:00:00,162.3,164.09,162.04,162.23,11016108
12/18/2023 16:00:00,162.23,163.33,161.58,162.74,3677533
12/19/2023 16:00:00,161.8,162.28,161.32,161.56,3766591
12/20/2023 16:00:00,161.29,161.8,160.01,160.05,4865797
12/21/2023 16:00:00,160.59,161.08,159.53,160.78,2982924
12/22/2023 16:00:00,161.1,162.41,161,162.14,2442715
12/26/2023 16:00:00,162.23,163.31,162.05,163.21,1772443
12/27/2023 16:00:00,163.14,163.64,162.68,163.46,3234550
12/28/2023 16:00:00,163.96,163.96,163.4,163.75,2071313
12/29/2023 16:00:00,163.75,164.18,162.83,163.55,2526169
1/2/2024 16:00:00,162.83,163.29,160.46,161.5,3825044
1/3/2024 16:00:00,161,161.73,160.08,160.1,4086065
1/4/2024 16:00:00,160.22,161.81,160.17,160.86,3212004
1/5/2024 16:00:00,159.91,160.55,158.67,159.16,4199504
1/8/2024 16:00:00,158.69,161.22,157.89,161.14,3321698
1/9/2024 16:00:00,160,160.48,159.51,160.08,2617186
1/10/2024 16:00:00,160.28,161.34,159.74,161.23,2967852
1/11/2024 16:00:00,161.02,162.23,160.29,162.16,3778395
1/12/2024 16:00:00,162.97,165.98,162.35,165.8,4958261
1/16/2024 16:00:00,165.8,167.25,165.34,166.96,4869635
1/17/2024 16:00:00,166.79,167.82,165.5,166.08,4288604
1/18/2024 16:00:00,166.49,166.99,165.04,166.84,3776990
1/19/2024 16:00:00,170.59,171.58,169.18,171.48,6929079
1/22/2024 16:00:00,172.82,174.45,172.4,172.83,4925964
1/23/2024 16:00:00,172.9,174.02,172.48,173.94,3983461
1/24/2024 16:00:00,174.76,174.86,172.9,173.93,9097827
1/25/2024 16:00:00,184.96,196.9,184.83,190.43,29596239
1/26/2024 16:00:00,191.31,192.39,186.16,187.42,9895941
1/29/2024 16:00:00,187.46,189.46,186.05,187.14,6107908
1/30/2024 16:00:00,187.71,188.65,186.77,187.87,4575058
1/31/2024 16:00:00,187.05,187.65,183.14,183.66,8876055
2/1/2024 16:00:00,183.63,187.51,182.71,186.9,4669444
2/2/2024 16:00:00,187.1,187.39,185.62,185.79,4055411
2/5/2024 16:00:00,185.51,185.78,183.26,183.42,4379602
2/6/2024 16:00:00,183.55,184.68,183.04,183.41,3338196
2/7/2024 16:00:00,183.34,184.02,182.63,183.74,4841188
2/8/2024 16:00:00,182.63,184.55,181.49,184.36,5161185
2/9/2024 16:00:00,184.44,187.18,183.85,186.34,5064641
2/12/2024 16:00:00,185.9,186.48,184.03,186.16,4724021
2/13/2024 16:00:00,184.28,184.77,182.36,183.7,4290453
2/14/2024 16:00:00,185,185,182.26,183.57,3173391
2/15/2024 16:00:00,183.62,186.98,183.62,186.87,4714301
2/16/2024 16:00:00,186.63,188.95,185.95,187.64,4842840
2/20/2024 16:00:00,187.64,188.77,183.06,183.44,4247181
2/21/2024 16:00:00,182.56,183.03,178.75,179.7,4728473
2/22/2024 16:00:00,182.45,184.55,181.93,184.21,5078398
2/23/2024 16:00:00,184.9,186.46,184.57,185.72,3433800
2/26/2024 16:00:00,185.6,186.13,184.06,184.13,4620815
2/27/2024 16:00:00,184.16,185.13,182.62,184.87,3641378
2/28/2024 16:00:00,184.63,185.37,183.55,185.3,3216345
2/29/2024 16:00:00,186.15,186.85,184.69,185.03,6458487
3/1/2024 16:00:00,185.49,188.38,185.18,188.2,4018354
3/4/2024 16:00:00,187.76,193.9,187.6,193.06,7938266
3/5/2024 16:00:00,192,193.94,190.57,191.95,5653641
3/6/2024 16:00:00,193.5,198.13,192.96,196.16,6945818
3/7/2024 16:00:00,197.58,198.73,196.14,196.54,4604458
3/8/2024 16:00:00,196.06,197.77,194.38,195.95,3943113
3/11/2024 16:00:00,195.09,195.38,190.88,191.73,4725057
3/12/2024 16:00:00,192.46,199.18,192.15,197.78,5880075
3/13/2024 16:00:00,197.55,198.1,195.32,196.7,3993258
3/14/2024 16:00:00,196.95,197.75,192.12,193.43,4109636
3/15/2024 16:00:00,191.99,193.06,190.7,191.07,8828184
3/18/2024 16:00:00,191.7,193.23,190.32,191.69,5410562
3/19/2024 16:00:00,191.49,193.58,190.28,193.34,5317341
3/20/2024 16:00:00,192.87,193.98,191.31,193.96,3238643
3/21/2024 16:00:00,193,193.37,190.01,191.9,6013561
3/22/2024 16:00:00,192,192.99,190.51,190.84,3988398
3/25/2024 16:00:00,190.26,190.82,188.75,188.79,3718289
3/26/2024 16:00:00,189.02,190,188.5,188.5,4229535
3/27/2024 16:00:00,189.6,190.96,188.6,190.8,3693305
3/28/2024 16:00:00,190.94,191.93,190.34,190.96,3742169
4/1/2024 16:00:00,190,190.46,188.52,189.83,2364320
4/2/2024 16:00:00,189.14,189.8,187.6,188.88,2693455
4/3/2024 16:00:00,188.6,191.35,188.49,190.9,2826193
4/4/2024 16:00:00,192,193.28,187.34,187.94,2983853
4/5/2024 16:00:00,188.59,190.32,188.02,189.14,2014264
4/8/2024 16:00:00,189.24,190.24,188.91,189.82,2678284
4/9/2024 16:00:00,190.54,191.25,186.66,189.31,2794381
4/10/2024 16:00:00,187.42,187.92,185.52,186.04,3081915
4/11/2024 16:00:00,186.04,186.8,184.58,185.9,2861736
4/12/2024 16:00:00,184,185.17,181.69,182.27,3547378
4/15/2024 16:00:00,185.57,187.48,180.88,181.25,3528140
4/16/2024 16:00:00,185.59,185.71,182.86,183.75,4473654
4/17/2024 16:00:00,184.16,184.67,181.78,183.1,3003033
4/18/2024 16:00:00,182.35,183.46,180.17,181.47,2886733
4/19/2024 16:00:00,182.43,182.8,180.57,181.58,3037990
4/22/2024 16:00:00,182.45,183.32,180.45,181.9,3076451
4/23/2024 16:00:00,182.73,184.68,179,182.19,5950229
4/24/2024 16:00:00,183.17,184.29,181.4,184.1,7616643
4/25/2024 16:00:00,168.2,172.45,165.66,168.91,16702150
4/26/2024 16:00:00,167.5,167.87,165.73,167.13,8983796
4/29/2024 16:00:00,167.4,168.22,166.23,167.43,5263342
4/30/2024 16:00:00,166.49,166.76,165.26,166.2,6011634
5/1/2024 16:00:00,165.69,166.27,164.3,164.43,4030960
5/2/2024 16:00:00,164.35,164.88,162.62,164.69,3829853
5/3/2024 16:00:00,165,166.61,164.92,165.71,3400405
5/6/2024 16:00:00,166.5,168.67,166.38,168.61,4222266
5/7/2024 16:00:00,169,169.29,167.94,168.38,3155260
5/8/2024 16:00:00,168.01,170.26,167.9,169.9,3522011
5/9/2024 16:00:00,167.5,167.55,165.88,166.27,4266616
5/10/2024 16:00:00,167.13,168.07,166.32,167.15,2255370
5/13/2024 16:00:00,167.5,168.06,166.76,167.56,2414859
5/14/2024 16:00:00,167.86,168.13,166.48,167.36,2600967
5/15/2024 16:00:00,167.94,168.35,167.34,168.26,4468823
5/16/2024 16:00:00,168.26,169.63,167.79,168.97,3492267
5/17/2024 16:00:00,168.97,169.11,167.33,169.03,2956387
5/20/2024 16:00:00,169,170.16,168.38,169.92,2726261
5/21/2024 16:00:00,169.94,174.97,169.94,173.47,6459800
5/22/2024 16:00:00,173.39,174.99,172.76,173.69,3294900
5/23/2024 16:00:00,175.39,175.46,170.44,170.67,3341335
5/24/2024 16:00:00,171.48,172.01,170.21,170.89,2587829
5/28/2024 16:00:00,170.44,171.09,168.65,169.66,2629645
5/29/2024 16:00:00,168,168.63,166.21,167.05,4206576
5/30/2024 16:00:00,165.56,166.73,164.23,165.63,3852963
5/31/2024 16:00:00,165.7,166.97,163.84,166.85,4905002
6/3/2024 16:00:00,166.54,166.78,163.53,165.28,2776058
6/4/2024 16:00:00,164.6,166.4,163.88,165.81,2594203
6/5/2024 16:00:00,166.41,167.79,165.78,167.38,3049377
6/6/2024 16:00:00,167.38,168.44,166.8,168.2,2207263
6/7/2024 16:00:00,168.18,171.31,168.06,170.01,3475495
6/10/2024 16:00:00,169.55,170.76,168.88,170.38,3444684
6/11/2024 16:00:00,169.98,170,166.81,169.32,2951251
6/12/2024 16:00:00,171.35,172.47,168.1,169,3522698
6/13/2024 16:00:00,169.01,169.59,168.34,169.12,3525717
6/14/2024 16:00:00,168.29,169.47,167.23,169.21,2777717
6/17/2024 16:00:00,168.76,169.72,167.5,169.5,3239815
6/18/2024 16:00:00,170,170.75,168.38,170.55,3386442
6/20/2024 16:00:00,174.08,174.28,171.22,173.92,4723078
6/21/2024 16:00:00,173.97,174.96,171.4,172.46,10182025
6/24/2024 16:00:00,175,178.46,174.15,175.01,4864735
6/25/2024 16:00:00,175.14,175.75,171.42,172.6,4119267
6/26/2024 16:00:00,171.28,172.68,170.41,171.87,2779016
6/27/2024 16:00:00,171.12,172.5,170.48,170.85,2894001
6/28/2024 16:00:00,170.85,173.46,170.53,172.95,4193459
7/1/2024 16:00:00,173.45,176.46,173.38,175.1,3320961
7/2/2024 16:00:00,174.84,177.49,174.32,177.3,2883275
7/3/2024 13:00:00,177.88,177.98,175.17,175.73,1649049
7/5/2024 16:00:00,175.74,176.09,173.95,176.02,2085970
7/8/2024 16:00:00,176.41,178.59,176.01,177.64,2503038
7/9/2024 16:00:00,177.6,177.7,175.58,176.48,2513305
7/10/2024 16:00:00,176.6,178.22,174.45,177.84,3462182
7/11/2024 16:00:00,177.65,179.44,176.62,178.31,2807145
7/12/2024 16:00:00,178.56,184.16,178.5,182.83,4785565
7/15/2024 16:00:00,183.38,184.9,182.6,182.88,2925794
7/16/2024 16:00:00,184.67,186.6,184.52,185.81,3374526
7/17/2024 16:00:00,185.44,187.94,185.07,187.45,4225302
7/18/2024 16:00:00,186.64,189.47,185.1,185.22,3487808
7/19/2024 16:00:00,186.33,187,181.95,183.25,3816039
7/22/2024 16:00:00,183.4,184.97,182.86,184.15,2488525
7/23/2024 16:00:00,184.36,185.38,183.01,184.1,2180225
7/24/2024 16:00:00,184.14,185.07,183.15,184.02,6962071
7/25/2024 16:00:00,186.8,196.26,185.3,191.98,9532802
7/26/2024 16:00:00,190.51,193.57,189.62,191.75,4294875
7/29/2024 16:00:00,193.18,193.29,189.18,191.5,3336806
7/30/2024 16:00:00,191.48,192.77,189.09,191.04,3064978
7/31/2024 16:00:00,191,194.55,189.99,192.14,5558405
8/1/2024 16:00:00,192.81,193.64,188.29,189.66,4085354
8/2/2024 16:00:00,188.78,189.26,185.7,189.12,4548824
8/5/2024 16:00:00,184.55,185.26,181.81,183.31,4975002
8/6/2024 16:00:00,184.7,188.9,183.64,186.8,3632517
8/7/2024 16:00:00,188.08,189.87,186.7,186.8,3801942
8/8/2024 16:00:00,187.5,192.88,187,192.61,3712698
8/9/2024 16:00:00,191.18,192.63,189.04,191.45,2773706
8/12/2024 16:00:00,191.25,191.58,189,189.48,2290421
8/13/2024 16:00:00,190.29,191.31,189.21,190.99,2178862
8/14/2024 16:00:00,191.15,193.09,190.73,192.32,1895114
8/15/2024 16:00:00,193.51,194.25,193.28,193.95,2471985
8/16/2024 16:00:00,193.58,194.35,192.86,193.78,2494472
8/19/2024 16:00:00,193.84,195.53,193.72,194.73,2361378
8/20/2024 16:00:00,194.59,196.21,193.75,196.03,1790371
8/21/2024 16:00:00,195.97,197.33,194.12,197.21,2579343
8/22/2024 16:00:00,197.25,197.92,195.57,195.96,1969496
8/23/2024 16:00:00,196.79,197.38,194.39,196.1,2321961
8/26/2024 16:00:00,196,198.35,195.9,197.98,2567217
8/27/2024 16:00:00,197.44,199.4,196.97,198.73,2617229
8/28/2024 16:00:00,199,200,197.49,198.46,2645244
8/29/2024 16:00:00,199.3,201.12,198.27,198.9,2989594
8/30/2024 16:00:00,199.11,202.17,198.73,202.13,4750999
9/3/2024 16:00:00,201.91,204.72,200.21,201.28,3874697
9/4/2024 16:00:00,200.76,204.36,200.5,204.11,3142476
9/5/2024 16:00:00,204.08,205.95,200.96,202.59,3229345
9/6/2024 16:00:00,202.38,204.1,199.34,200.74,3304491
9/9/2024 16:00:00,201.94,205.05,201.43,203.53,3705004
9/10/2024 16:00:00,204.2,205.83,202.87,205.32,3070644
9/11/2024 16:00:00,207.76,210.12,203.04,209.89,5554309
9/12/2024 16:00:00,210,212.65,208.27,211.61,4616446
9/13/2024 16:00:00,212.48,216.09,212.13,214.79,4572344
9/16/2024 16:00:00,215.88,217.9,215.52,217.16,4176257
9/17/2024 16:00:00,217.25,218.84,213,214.13,5635210
9/18/2024 16:00:00,214.13,216.86,213.59,214.94,3482764
9/19/2024 16:00:00,218.01,218.48,210.37,213.89,5279559
9/20/2024 16:00:00,214.33,217.85,213.74,217.7,9958980
9/23/2024 16:00:00,218,220.62,217.27,220.5,4074755
9/24/2024 16:00:00,219.78,221.19,218.16,220.97,3184114
9/25/2024 16:00:00,221.17,221.85,220.16,221.23,2537751
9/26/2024 16:00:00,222.11,224,221.36,223.43,2673210
9/27/2024 16:00:00,223,224.15,220.77,220.84,3830335
9/30/2024 16:00:00,220.65,221.32,219.02,221.08,3544264
10/1/2024 16:00:00,220.63,221.1,215.9,219.35,3548374
10/2/2024 16:00:00,218.31,220.2,215.8,219.73,3343399
10/3/2024 16:00:00,219.5,222.83,219.27,222.72,3788265
10/4/2024 16:00:00,223.75,226.08,223.27,226,3554328
10/7/2024 16:00:00,225.38,227.67,225.02,227.12,3457952
10/8/2024 16:00:00,228.11,229.35,227.04,228.62,3245342
10/9/2024 16:00:00,229.2,234.95,228.5,234.3,5083566
10/10/2024 16:00:00,235.1,235.83,231.81,233.02,3142031
10/11/2024 16:00:00,233.25,233.44,230.46,233.26,3469322
10/14/2024 16:00:00,233.57,236.12,233.17,235.26,2524389
10/15/2024 16:00:00,236.4,237.37,232.71,232.96,3350556
10/16/2024 16:00:00,232.11,233.88,231.12,233.67,2846669
10/17/2024 16:00:00,232,233.15,230.66,232.88,5040092
10/18/2024 16:00:00,231.92,232.65,230.17,232.2,4715688
10/21/2024 16:00:00,231.21,232.42,230.26,231.75,2733336
10/22/2024 16:00:00,231.99,232.97,230.67,232.25,3180807
10/23/2024 16:00:00,230.41,233.34,230.26,232.75,5791002
10/24/2024 16:00:00,220.8,221.32,216.16,218.39,11193440
10/25/2024 16:00:00,216.8,218.65,214.39,214.67,8482235
10/28/2024 16:00:00,215.5,216.25,212.7,212.91,4993343
10/29/2024 16:00:00,211.99,213.34,209.85,210.43,5258366
10/30/2024 16:00:00,209.48,211.12,204.26,204.9,6956624
10/31/2024 16:00:00,204.13,208.13,203.51,206.72,5925250
11/1/2024 16:00:00,207.77,209.84,207.41,208.25,3334308
11/4/2024 16:00:00,207.65,207.7,205.8,206.32,2594119
11/5/2024 16:00:00,206.17,208.12,205.57,207.57,2441535
11/6/2024 16:00:00,213.48,214.33,210.37,213.6,3934386
11/7/2024 16:00:00,213.64,214.52,211.93,213.69,3675812
11/8/2024 16:00:00,214.16,216.7,212.78,213.72,3201038
11/11/2024 16:00:00,214.4,215.41,213.48,213.57,3012987
11/12/2024 16:00:00,211.9,213.03,209.06,210.86,2818216
11/13/2024 16:00:00,209.5,211.41,209.07,210.92,3247830
11/14/2024 16:00:00,210,210.5,206.35,208.99,6372853
11/15/2024 16:00:00,207.46,208.49,204.07,204.99,3986460
11/18/2024 16:00:00,207,208.42,205.37,208.09,3406045
11/19/2024 16:00:00,206.5,210.33,206.19,210.25,2860746
11/20/2024 16:00:00,211,214.96,209.77,214.6,4562901
11/21/2024 16:00:00,215.81,222.63,215.27,222.4,5236434
11/22/2024 16:00:00,223.35,227.2,220.89,222.97,5320740
11/25/2024 16:00:00,223.35,226.42,222.65,226.13,7189260
11/26/2024 16:00:00,226.73,228.98,225.51,228.83,4449543
11/27/2024 16:00:00,228.83,229.19,224.27,226.92,2995121
11/29/2024 13:00:00,227.75,230.36,227.19,227.41,2640253
12/2/2024 16:00:00,227.5,228.38,225.51,227.39,2656181
12/3/2024 16:00:00,227.24,229.11,226.67,229,3163815
12/4/2024 16:00:00,230,233.74,229.35,233.49,4104195
12/5/2024 16:00:00,233.55,236.52,233.46,234.75,4791116
12/6/2024 16:00:00,234.43,238.38,234.22,238.04,4028430
12/9/2024 16:00:00,238,239.35,228.91,230,4970449
12/10/2024 16:00:00,228.4,234.39,227.8,231.72,4769531
12/11/2024 16:00:00,232.69,233,229.13,230.12,3872680
12/12/2024 16:00:00,230.66,233.89,230.38,232.26,4515741
12/13/2024 16:00:00,232.25,233.78,230.26,230.82,2757683
12/16/2024 16:00:00,230.73,231.03,226.88,229.33,3610257
12/17/2024 16:00:00,229.23,230.2,227.62,228.97,3651346
12/18/2024 16:00:00,229.04,229.04,220.03,220.17,4152517
12/19/2024 16:00:00,224.42,226.2,222.98,223.92,4430120
12/20/2024 16:00:00,222.73,227.68,221.68,223.36,12423200
12/23/2024 16:00:00,222.81,223.74,221.08,221.93,2988137
12/24/2024 13:00:00,222.27,224.44,221.54,224.41,1186216
12/26/2024 16:00:00,223.17,225.4,222.55,224.89,3287238
12/27/2024 16:00:00,223.14,224.42,221.41,222.78,1810760
12/30/2024 16:00:00,220.54,221.59,217.65,220.25,2095565
12/31/2024 16:00:00,220.72,221.05,218.44,219.83,2270512
1/2/2025 16:00:00,221.82,222.49,217.6,219.94,2579498
1/3/2025 16:00:00,220.55,223.66,220.55,222.65,3873578
1/6/2025 16:00:00,223,224.35,220.75,222.67,2847128
1/7/2025 16:00:00,223.35,226.71,222.83,223.96,3299701
1/8/2025 16:00:00,223.91,224.9,220.83,223.18,2619768
1/10/2025 16:00:00,222,222.43,216.8,219.75,3570497
1/13/2025 16:00:00,217.89,219.59,214.75,217.4,3716816
1/14/2025 16:00:00,218,218.13,214.61,217.75,3485829
1/15/2025 16:00:00,220.87,221.68,218.01,220.03,2951825
1/16/2025 16:00:00,219.69,222.68,217.38,222.66,3329060
1/17/2025 16:00:00,225.96,225.96,223.64,224.79,5506837
1/21/2025 16:00:00,224.99,227.45,222.83,224.26,3982203
1/22/2025 16:00:00,221.98,224.4,220.35,223.26,4759490
1/23/2025 16:00:00,223.94,226.04,223.15,226.04,3619651
1/24/2025 16:00:00,225.27,226.81,223.8,224.8,3233293
1/27/2025 16:00:00,222.5,224.3,219.84,224.13,4898355
1/28/2025 16:00:00,224.32,225.77,221.77,225.66,4485429
1/29/2025 16:00:00,225.62,229.47,223.73,228.63,7079804
1/30/2025 16:00:00,250,261.8,247.01,258.27,15381890
1/31/2025 16:00:00,256.05,257.24,251.89,255.7,7203519
2/3/2025 16:00:00,252.4,262.06,251.84,260.73,8408523
2/4/2025 16:00:00,260,265.25,258.12,264.46,6077652
2/5/2025 16:00:00,265.71,265.72,261.18,263.3,6165096
2/6/2025 16:00:00,262.98,263.38,252.73,253.44,6128293
2/7/2025 16:00:00,255.28,256.93,252.02,252.34,3370284
2/10/2025 16:00:00,250.86,251.95,246.87,249.27,3564400
2/11/2025 16:00:00,251.1,256.75,250.58,254.7,4801550
2/12/2025 16:00:00,252.72,256.4,252.02,255.81,3075308
2/13/2025 16:00:00,255.66,259.28,254.41,259.19,4531538
2/14/2025 16:00:00,259,261.94,257.91,261.28,3925277
2/18/2025 16:00:00,261.93,263.96,259.83,263.07,4262812
2/19/2025 16:00:00,262,264.36,260.09,264.32,3718678
2/20/2025 16:00:00,263.65,265.09,262.15,264.74,4884805
2/21/2025 16:00:00,263.85,264.83,261.1,261.48,5667874
2/24/2025 16:00:00,261.5,263.85,259.58,261.87,4398107
2/25/2025 16:00:00,261.08,263.48,256.77,257.75,6292487
2/26/2025 16:00:00,258.1,258.33,254.41,255.84,3460124
2/27/2025 16:00:00,255.22,257.63,253.05,253.23,3402234
2/28/2025 16:00:00,250.86,252.81,246.54,252.44,7988809
3/3/2025 16:00:00,254.74,255.99,248.25,250.19,2977699
3/4/2025 16:00:00,248.75,255.48,248.1,253.21,5342106
3/5/2025 16:00:00,251.58,252.74,247.01,251.35,4009813
3/6/2025 16:00:00,249.75,252.1,246.8,248.69,3254358
3/7/2025 16:00:00,245.95,261.96,245.18,261.54,6700184
3/10/2025 16:00:00,261.14,266.45,254.75,256.9,8165503
3/11/2025 16:00:00,255.99,256.7,245.86,248.95,5630570
3/12/2025 16:00:00,250.35,253.13,245.53,249.63,3849206
3/13/2025 16:00:00,248.8,249.27,243.04,245.8,3862416
3/14/2025 16:00:00,242.75,248.95,241.68,248.35,4045284
3/17/2025 16:00:00,249.25,254.63,249,252.97,3234149
3/18/2025 16:00:00,252.51,252.57,245.12,246.95,4172239
3/19/2025 16:00:00,248.33,253.66,246.64,252.29,3853598
3/20/2025 16:00:00,244.24,246.8,237.22,243.32,7026796
3/21/2025 16:00:00,241.69,245.21,238.5,243.87,9580084
3/24/2025 16:00:00,247.31,248.82,245.97,248.45,4753331
3/25/2025 16:00:00,248.36,250.9,248.2,249.9,3133809
3/26/2025 16:00:00,251.25,254.32,249.53,250.34,4452220
3/27/2025 16:00:00,249.71,250.3,245.73,246.21,2889328
3/28/2025 16:00:00,246.27,247.57,242.07,244,3125594
3/31/2025 16:00:00,242.74,250.89,242.49,248.66,6794972
4/1/2025 16:00:00,248.03,250.62,243.49,250.34,4413139
4/2/2025 16:00:00,248.22,252.79,247.23,249.98,4080832
4/3/2025 16:00:00,242.71,250.61,242.53,243.49,5309626
4/4/2025 16:00:00,238,240.16,226.88,227.48,7407096
4/7/2025 16:00:00,219.24,232.29,214.5,225.78,7797889
4/8/2025 16:00:00,232.56,233.05,217.28,221.03,6849996
4/9/2025 16:00:00,217.12,236.3,215.16,235.31,7302808
4/10/2025 16:00:00,231,232.57,222.02,229.55,5656108
4/11/2025 16:00:00,229.72,237.58,227.51,235.48,4325895
4/14/2025 16:00:00,239.77,241.77,236.73,239.06,3321717
4/15/2025 16:00:00,239.55,241.53,238.27,240.7,3363708
4/16/2025 16:00:00,240.28,243.3,235.89,238.57,4870299
4/17/2025 16:00:00,239.68,241.78,237.4,238.81,4635204
4/21/2025 16:00:00,238.07,240.81,232.93,236.22,4908923
4/22/2025 16:00:00,238.5,242.64,238.02,240.9,4232658
4/23/2025 16:00:00,246,249.34,243.66,245.48,7948259
4/24/2025 16:00:00,231.18,232.78,224.44,229.33,15428144
4/25/2025 16:00:00,228.95,233.36,226.32,232.41,6700068
4/28/2025 16:00:00,232.86,236.63,232.07,236.16,3653461
4/29/2025 16:00:00,237,239.98,236.14,239.39,3426508
4/30/2025 16:00:00,236.73,242.47,234.34,241.82,5142993
5/1/2025 16:00:00,241.44,242.37,237.95,239.66,4243294
5/2/2025 16:00:00,243.13,245.69,241.33,245.55,3731946
5/5/2025 16:00:00,243.74,249.8,243.64,249.18,4138168
5/6/2025 16:00:00,247.76,250.19,246.11,249.12,2900556
5/7/2025 16:00:00,249.45,254.47,248.83,253.37,3400001
5/8/2025 16:00:00,255,256.52,253.25,254.14,3637012
5/9/2025 16:00:00,252.51,253,247.64,249.2,2901346
5/12/2025 16:00:00,252.5,253.81,244.65,253.69,4609520
5/13/2025 16:00:00,254.43,259.58,252.88,258.59,3521389
5/14/2025 16:00:00,257.6,260.55,256.22,257.82,3635124
5/15/2025 16:00:00,259.01,267.43,258.61,266.68,4856276
5/16/2025 16:00:00,266.35,267.98,264.59,266.76,3817937
5/19/2025 16:00:00,265.45,269.14,265.08,268.41,3198903
5/20/2025 16:00:00,267.4,269.28,265.62,266.95,2437860
5/21/2025 16:00:00,264.97,265.65,260.41,260.87,3753904
5/22/2025 16:00:00,264.97,265.65,260.41,260.87,42190
5/23/2025 16:00:00,258.58,259.87,255.79,258.63,2722721
5/27/2025 16:00:00,261,263.79,259.63,263.23,3284216
5/28/2025 16:00:00,263.16,265,259.94,260.24,2318437
5/29/2025 16:00:00,260.75,261.13,256.77,258.69,2295228
5/30/2025 16:00:00,258.75,260.12,257.1,259.06,9668923
6/2/2025 16:00:00,257.85,263.98,257.22,263.9,2831881
6/3/2025 16:00:00,263.35,265.56,262.58,265.2,2494922
6/4/2025 16:00:00,264.9,267,264.79,265.52,2588741
6/5/2025 16:00:00,265.2,267.51,265.1,266.86,2659478
6/6/2025 16:00:00,267.99,270.17,267.53,268.87,2495543
6/9/2025 16:00:00,268.1,273.47,266.71,272.08,4331464
6/10/2025 16:00:00,273.19,277.47,272.56,276.24,5163507
6/11/2025 16:00:00,276.7,281.75,275.11,281.52,4656034
6/12/2025 16:00:00,281.53,283.06,279.83,281.03,3418007
6/13/2025 16:00:00,278.21,279.84,275.83,277.22,3243824
6/16/2025 16:00:00,279.31,284.5,278.67,281.83,3685321
6/17/2025 16:00:00,281.15,284.79,281,283.05,3069556
6/18/2025 16:00:00,285,286.91,282.94,283.21,3534110
6/20/2025 16:00:00,279.28,284.12,277.2,280.97,7676962
6/23/2025 16:00:00,281.65,289.58,280.21,289.18,3786159
6/24/2025 16:00:00,290.46,294.34,288.41,293.79,4219120
6/25/2025 16:00:00,294.49,296.16,289.5,291.06,3862309
6/26/2025 16:00:00,291.8,292.91,290.17,291.93,3621110
6/27/2025 16:00:00,292.97,293.12,288.52,289.7,3562501
6/30/2025 16:00:00,290.93,294.81,290,294.78,3495386
7/1/2025 16:00:00,294.55,295.11,290.08,291.2,3272797
7/2/2025 16:00:00,290,290.19,286.9,287.65,3257515
7/3/2025 13:00:00,287.94,292.32,287.9,291.97,1853289
7/7/2025 16:00:00,292.26,295.22,290.36,292.47,4488064
7/8/2025 16:00:00,293.1,295.61,289.49,290.42,2925329
7/9/2025 16:00:00,291.39,291.6,288.63,290.14,2971309
7/10/2025 16:00:00,288.9,288.9,282.21,287.43,3489068
7/11/2025 16:00:00,285.01,287.43,282.92,283.59,3790679
7/14/2025 16:00:00,282.83,284.93,281.71,283.79,2857401
7/15/2025 16:00:00,283.77,284.15,280.73,282.7,2864106
7/16/2025 16:00:00,282.75,283.87,279.87,281.92,2804831
7/17/2025 16:00:00,281.5,283.46,280.9,282,3337168
7/18/2025 16:00:00,283.38,287.16,282.22,285.87,4478165
7/21/2025 16:00:00,286.29,287.73,284.38,284.71,3051791
7/22/2025 16:00:00,284.74,284.88,281.25,281.96,4824219
7/23/2025 16:00:00,284.3,288.08,281.44,282.01,8105906
7/24/2025 16:00:00,261.25,262.05,252.75,260.51,22647720
7/25/2025 16:00:00,260.02,260.8,256.35,259.72,7758653
7/28/2025 16:00:00,260.3,264,259.61,263.21,5192516
7/29/2025 16:00:00,264.3,265.8,261.02,262.41,4627265
7/30/2025 16:00:00,261.6,262,258.9,260.26,3718290
7/31/2025 16:00:00,259.57,259.99,252.22,253.15,6739092
8/1/2025 16:00:00,251.41,251.48,245.61,250.05,9683404
8/4/2025 16:00:00,251.05,252.08,248.11,251.98,5280588
8/5/2025 16:00:00,252,252.8,249,250.67,5823016
8/6/2025 16:00:00,251.53,254.32,249.28,252.28,3692105
8/7/2025 16:00:00,252.81,255,248.88,250.16,6251285
8/8/2025 16:00:00,248.88,249.48,241.65,242.27,6828390
8/11/2025 16:00:00,242.24,243.15,234.7,236.3,9381960
8/12/2025 16:00:00,237.8,237.96,233.36,234.77,8800597
8/13/2025 16:00:00,236.2,240.84,236.2,240.07,5663562
8/14/2025 16:00:00,238.25,239,235.62,237.11,4556725
8/15/2025 16:00:00,237.61,240.62,236.77,239.72,4344322
8/18/2025 16:00:00,239.57,241.42,239.12,239.45,3569594
8/19/2025 16:00:00,240,242.83,239.49,241.28,3328305
8/20/2025 16:00:00,242.11,242.88,240.34,242.55,3240064
8/21/2025 16:00:00,242.21,242.5,238.65,239.4,2991902
8/22/2025 16:00:00,240.74,243.68,240.22,242.09,3134882
8/25/2025 16:00:00,242.57,242.57,239.43,239.43,3513327
8/26/2025 16:00:00,241.02,244.98,240.38,242.63,5386582
8/27/2025 16:00:00,242.87,245.96,242,244.84,3698372
8/28/2025 16:00:00,245.43,245.88,243.36,245.73,2820817
8/29/2025 16:00:00,245.23,245.46,241.72,243.49,2967558
9/2/2025 16:00:00,240.9,241.55,238.25,241.5,3469501
9/3/2025 16:00:00,240.02,244.25,239.41,244.1,3163225
9/4/2025 16:00:00,245.42,249.28,242.85,247.18,4765087
9/5/2025 16:00:00,248.23,249.03,245.45,248.53,3147478
9/8/2025 16:00:00,248.63,257.15,247.02,256.09,6940270
9/9/2025 16:00:00,256.12,260.66,254.88,259.11,4931105
9/10/2025 16:00:00,259.65,260.08,254.56,256.88,5185420
9/11/2025 16:00:00,257.56,258.55,255.66,257.01,3576048
9/12/2025 16:00:00,256.95,257.25,252.43,253.44,3433300
9/15/2025 16:00:00,254.02,259.05,254,256.24,4028365
9/16/2025 16:00:00,256.26,258,254.41,257.52,2719918
9/17/2025 16:00:00,257.5,260.96,257.01,259.08,3974785
9/18/2025 16:00:00,258.86,265.23,256.8,265,4988421
9/19/2025 16:00:00,266.05,267.87,263.64,266.4,9858112
9/22/2025 16:00:00,266.62,272.31,266,271.37,5030540
9/23/2025 16:00:00,272.7,273.3,269.27,272.24,5394121
9/24/2025 16:00:00,272.62,273.65,267.3,267.53,3159924
9/25/2025 16:00:00,272.94,284.23,271.15,281.44,11506192
9/26/2025 16:00:00,280.51,288.85,280.11,284.31,9063938
9/29/2025 16:00:00,286,286,279.66,279.8,6022125
9/30/2025 16:00:00,280.88,286.02,280.52,282.16,5926924
10/1/2025 16:00:00,280.2,286.59,280.15,286.49,4381338
10/2/2025 16:00:00,285.79,288.54,282.79,286.72,3814232
10/3/2025 16:00:00,287.5,293.32,287.3,288.37,4375082
10/6/2025 16:00:00,288.61,291.45,287.8,289.42,2881947
10/7/2025 16:00:00,295.55,301.04,293.29,293.87,7190126
10/8/2025 16:00:00,294.16,294.2,286.47,289.46,5297030
10/9/2025 16:00:00,289.82,290.13,283.32,288.23,4912375
10/10/2025 16:00:00,288.97,290.39,277.5,277.82,4508506
10/13/2025 16:00:00,279.79,282.44,274.64,277.22,4333836
10/14/2025 16:00:00,275.52,277.53,272.55,276.15,3058149
10/15/2025 16:00:00,278.38,285.45,277,280.75,3346753
10/16/2025 16:00:00,281.11,282.56,275.6,275.97,2956923
10/17/2025 16:00:00,276.15,283.4,275.35,281.28,5309565
10/20/2025 16:00:00,281.25,285.5,280.96,283.65,3494336
10/21/2025 16:00:00,283.31,285.31,281.6,282.05,4080981
10/22/2025 16:00:00,281.99,289.17,281.35,287.51,10538480
10/23/2025 16:00:00,264.95,285.58,263.56,285,16676394
10/24/2025 16:00:00,283.77,310.75,282.21,307.46,16914243
10/27/2025 16:00:00,307.8,313.5,302.88,313.09,9868151
10/28/2025 16:00:00,312.6,319.35,311.41,312.57,6044770
10/29/2025 16:00:00,312.79,314.33,307.52,308.21,4135948
10/30/2025 16:00:00,306.65,313.75,305.02,310.06,4694275
10/31/2025 16:00:00,312,313.5,301.63,307.41,7697499
11/3/2025 16:00:00,308,312.14,304.23,304.73,4957958
11/4/2025 16:00:00,300,303.17,296,300.85,5677330
11/5/2025 16:00:00,301.38,307.2,299.71,306.77,4650368
11/6/2025 16:00:00,306.75,315.44,301.09,312.42,6818521
11/7/2025 16:00:00,309.68,310,302.63,306.38,5070773
11/10/2025 16:00:00,306.82,309.94,304.23,309.13,2975188
11/11/2025 16:00:00,309,317.91,308.43,313.72,4381913
11/12/2025 16:00:00,319.89,324.9,314.53,314.98,6042686
11/13/2025 16:00:00,312.29,314.6,303.68,304.86,5310150
11/14/2025 16:00:00,300,307.72,297.59,305.69,3592455
11/17/2025 16:00:00,305.59,306,296.51,297.17,3909741
11/18/2025 16:00:00,297,297,289.92,289.95,4861928
11/19/2025 16:00:00,290.5,291.11,288.07,288.53,3595912
11/20/2025 16:00:00,294.64,300.71,290.16,290.4,5597028
11/21/2025 16:00:00,293.48,300.48,291.89,297.44,5710903
11/24/2025 16:00:00,299.18,307.18,297.51,304.12,6050640
11/25/2025 16:00:00,304.13,306,297.06,304.48,2825322
11/26/2025 16:00:00,305.18,306.6,301.64,303.21,2196446
11/28/2025 13:00:00,304,309.18,303.6,308.58,1689031
12/1/2025 16:00:00,306.51,307.12,302.8,305.67,3166555
12/2/2025 16:00:00,307,310.47,301.57,301.78,4261100
12/3/2025 16:00:00,302.88,303.97,298.9,302.62,3953390
12/4/2025 16:00:00,302.88,309.61,302.54,307.99,2962463
12/5/2025 16:00:00,308.59,311.83,307.18,307.94,2344667
12/8/2025 16:00:00,309.62,315.35,307.95,309.18,3630157
12/9/2025 16:00:00,309.63,313.97,308.75,310.48,2935669
12/10/2025 16:00:00,310.23,314.69,306.65,312.67,3411524
12/11/2025 16:00:00,312,313.44,308.4,310.74,2755749
12/12/2025 16:00:00,310.57,311.05,303.33,309.24,2953374
12/15/2025 16:00:00,308.99,311.36,306.35,308.66,3566732
12/16/2025 16:00:00,307.32,307.38,300.42,303.18,3366878
12/17/2025 16:00:00,303.79,306.25,303.08,303.32,3130954
12/18/2025 16:00:00,303.15,304.45,295.7,300.45,5411669
12/19/2025 16:00:00,300.35,306.86,299.1,300.98,11031341
12/22/2025 16:00:00,301.03,303.18,298.32,302.79,2612100
12/23/2025 16:00:00,301.34,305.13,300.65,303.78,2923037
12/24/2025 13:00:00,303.76,305.15,302.3,304.56,1210642
12/26/2025 16:00:00,304.54,305.75,303.67,305.09,2814732
12/29/2025 16:00:00,304.65,310,303.75,305.74,4664711
12/30/2025 16:00:00,306.15,306.24,302,302.05,1883651
12/31/2025 16:00:00,301.76,301.85,295.87,296.21,3430133
1/2/2026 16:00:00,297.45,297.57,289,291.5,4662804
1/5/2026 16:00:00,295.77,299.19,294.25,294.97,4189960
1/6/2026 16:00:00,295,303.04,294.42,302.47,4147315
1/7/2026 16:00:00,302.5,304.31,296.35,296.73,2833274
1/8/2026 16:00:00,295,303.67,295,302.72,3343273
1/9/2026 16:00:00,302.61,307,302,304.22,2718828
1/12/2026 16:00:00,302.62,312.33,299.96,312.18,3895197
1/13/2026 16:00:00,311.6,312.81,301.87,303.16,4507760
1/14/2026 16:00:00,303.5,309.19,301.5,309.03,3779045
1/15/2026 16:00:00,309,311.88,297.04,297.95,4932480
1/16/2026 16:00:00,301,307.45,300.78,305.67,6199635
1/20/2026 16:00:00,301.6,301.6,290.16,291.35,7275490
1/21/2026 16:00:00,292.76,297.67,292.51,297.54,5185023
1/22/2026 16:00:00,299.42,300.93,293.53,294.67,3670152
1/23/2026 16:00:00,294.07,294.33,289.79,292.44,3298424
1/26/2026 16:00:00,293.16,296.82,293.14,296.33,3726890
1/27/2026 16:00:00,297.16,297.33,293.27,293.86,2954936
1/28/2026 16:00:00,294.17,295.95,291.26,294.16,5790347
1/29/2026 16:00:00,317.86,319.9,303.47,309.24,10124929
1/30/2026 16:00:00,307.6,307.78,299.73,306.7,5940669
2/2/2026 16:00:00,307.51,316.64,306.41,314.73,4581189
2/3/2026 16:00:00,312.4,312.98,283.85,294.31,11466529
2/4/2026 16:00:00,291.41,291.41,278.96,289.05,8708033
2/5/2026 16:00:00,286.1,291.81,285.1,289.89,5532797
2/6/2026 16:00:00,292.5,299.89,290.66,298.93,3744313
2/9/2026 16:00:00,295.91,297.72,291.42,296.34,4627815
2/10/2026 16:00:00,294.99,297.61,290.33,291.76,3837343
2/11/2026 16:00:00,292.34,293.5,272.36,272.81,7628244
2/12/2026 16:00:00,270.3,271.3,257.22,259.52,12565380
2/13/2026 16:00:00,260,264.66,256.64,262.38,6842620
2/17/2026 16:00:00,259.2,260.7,254.65,258.31,4929733
2/18/2026 16:00:00,258.64,261.11,256.25,260.79,3949229
2/19/2026 16:00:00,256,258.28,253.51,256.28,4948700
2/20/2026 16:00:00,255.2,259.04,253.8,257.16,4708550
2/23/2026 16:00:00,254.37,255.19,220.72,223.35,19340828
2/24/2026 16:00:00,227.8,236.59,223.63,229.32,13099357
2/25/2026 16:00:00,233.22,239.55,231.22,237.54,8420924
2/26/2026 16:00:00,239.71,247.49,238.95,242.01,7308901
2/27/2026 16:00:00,238.07,240.21,234.57,240.21,6534043
3/2/2026 16:00:00,235.7,240.78,233.78,239.37,6158737
3/3/2026 16:00:00,236.35,246.09,234.29,245.28,6827238
3/4/2026 16:00:00,245.75,250.85,244.96,250.06,6074792
3/5/2026 16:00:00,249.32,260.38,249,256.55,9880535
3/6/2026 16:00:00,256.44,259.4,252.21,258.85,6164113
3/9/2026 16:00:00,255.38,258.08,251.57,253.33,6108154
3/10/2026 16:00:00,253.26,253.44,246.55,250.2,4904867
3/11/2026 16:00:00,250.01,253.72,247.2,248.87,4012239
3/12/2026 16:00:00,248.35,250.05,245.64,247.68,5547724
3/13/2026 16:00:00,247.6,249.72,244.71,246.28,4338431
3/16/2026 16:00:00,247.85,252.2,246.1,249.25,5674228
3/17/2026 16:00:00,250,256.39,250,256.11,5840140
3/18/2026 16:00:00,254.1,258.28,250.16,251.6,5177047
3/19/2026 16:00:00,248.96,252.19,248.25,250.37,4249459
3/20/2026 16:00:00,249,250.28,241.77,241.77,11314094
3/23/2026 16:00:00,245.73,251.35,244.71,248.44,4972008
3/24/2026 16:00:00,246.45,247.11,238,240.59,4151491
3/25/2026 16:00:00,243.6,246.19,238,241.39,4207946
3/26/2026 16:00:00,240.56,246.67,239.8,241.67,3606840
3/27/2026 16:00:00,238.85,239.44,233.75,236.34,4853707
3/30/2026 16:00:00,237.8,240.21,236.13,237.25,3882603
3/31/2026 16:00:00,240.4,242.85,236.38,242.39,4750294
4/1/2026 16:00:00,242.12,246.26,240.14,243.14,4228653
4/2/2026 16:00:00,243,248.21,241.49,248.16,3350858
4/6/2026 16:00:00,248.14,248.9,244.74,246.74,3376019
4/7/2026 16:00:00,245.32,245.76,241.1,245.07,2356072
4/8/2026 16:00:00,248.63,250,240.8,241.74,4771476
4/9/2026 16:00:00,240.88,241.74,233.76,237.18,5078595
4/10/2026 16:00:00,239.19,239.27,230.51,230.76,5869361
4/13/2026 16:00:00,233.63,238.07,231.7,237.82,5349619
4/14/2026 16:00:00,238.75,241.54,238.12,240.27,3777273
4/15/2026 16:00:00,242.25,246.06,240.99,244.8,3879518
4/16/2026 16:00:00,248.75,251.22,246.13,251,4817500
4/17/2026 16:00:00,254.67,255.65,251.04,253.47,5671471
4/20/2026 16:00:00,255,258.5,252.56,253.71,5157714
4/21/2026 16:00:00,254,258.09,251.87,255.68,5584902
4/22/2026 16:00:00,254.51,257.54,247.21,251.86,12190198
4/23/2026 16:00:00,232.27,232.91,221.73,231.08,22297831
4/24/2026 16:00:00,231.93,232.8,225,231.98,9816859
4/27/2026 16:00:00,229.95,231.32,227.12,228.05,8060666
4/28/2026 16:00:00,230.5,233.56,228.46,233.04,5162895
4/29/2026 16:00:00,230.34,231.48,226.82,227.1,6443725
4/30/2026 16:00:00,226.53,231.6,224.9,230.98,6283335
5/1/2026 16:00:00,234.55,235.95,231.75,232.2,3582092
5/4/2026 16:00:00,232,234.09,228.62,229.48,4003082
5/5/2026 16:00:00,230.16,231,227.15,229.03,4221890
5/6/2026 16:00:00,228.75,229,224.38,225.74,7673186
5/7/2026 16:00:00,227.5,231.82,227.41,231.31,5485545
5/8/2026 16:00:00,229.73,230.71,224.83,229.76,5332800
5/11/2026 16:00:00,228.66,230.23,222.55,223.55,6677187
5/12/2026 16:00:00,224.43,224.43,219.22,219.22,6045226
5/13/2026 16:00:00,218.27,218.31,212.34,214.64,8361215
5/14/2026 16:00:00,215.55,220.96,215,218.37,5906199
5/15/2026 16:00:00,218.2,220.91,217.62,219.3,6154451
5/18/2026 16:00:00,218.55,223.33,217.75,222.75,5946368
5/19/2026 16:00:00,224.5,227.35,221.92,222.33,5937754
5/20/2026 16:00:00,221.05,225,216.78,225,4873381
5/21/2026 16:00:00,232.58,253.63,230.94,252.97,25707791
5/22/2026 16:00:00,262.05,264.38,253.39,253.84,19072873
5/26/2026 16:00:00,254.55,254.55,245.45,250.69,9256110
5/27/2026 16:00:00,250.46,257.62,250.46,255.2,9275544
5/28/2026 16:00:00,261,268.89,257,264.22,12432879
5/29/2026 16:00:00,277.3,301,273.33,297.8,28480996
6/1/2026 16:00:00,322.55,327.98,308,320.42,32880180
6/2/2026 16:00:00,313.75,332.46,310.11,329.23,17210697
6/3/2026 16:00:00,318.3,318.3,302.53,305.63,13926559
6/4/2026 16:00:00,307.43,310.44,300.18,301.77,9608097
6/5/2026 16:00:00,300,302.3,281.07,284.84,12509481