Date,Open,High,Low,Close,Volume
6/29/2010 16:00:00,1.27,1.67,1.17,1.59,18783276
6/30/2010 16:00:00,1.73,2.03,1.55,1.59,17194394
7/1/2010 16:00:00,1.67,1.73,1.35,1.46,8229863
7/2/2010 16:00:00,1.53,1.54,1.25,1.28,5141807
7/6/2010 16:00:00,1.33,1.33,1.06,1.07,6879296
7/7/2010 16:00:00,1.09,1.11,1,1.05,6924914
7/8/2010 16:00:00,1.08,1.17,1.04,1.16,7719539
7/9/2010 16:00:00,1.17,1.19,1.1,1.16,4058606
7/12/2010 16:00:00,1.2,1.2,1.13,1.14,2203570
7/13/2010 16:00:00,1.17,1.24,1.13,1.21,2680060
7/14/2010 16:00:00,1.2,1.34,1.18,1.32,4196110
7/15/2010 16:00:00,1.33,1.43,1.27,1.33,3745297
7/16/2010 16:00:00,1.38,1.42,1.34,1.38,2621210
7/19/2010 16:00:00,1.42,1.48,1.39,1.46,2486489
7/20/2010 16:00:00,1.46,1.46,1.34,1.35,1825231
7/21/2010 16:00:00,1.38,1.39,1.3,1.35,1253442
7/22/2010 16:00:00,1.37,1.42,1.36,1.4,962345
7/23/2010 16:00:00,1.41,1.44,1.4,1.42,654049
7/26/2010 16:00:00,1.43,1.43,1.35,1.4,896280
7/27/2010 16:00:00,1.39,1.41,1.35,1.37,619675
7/28/2010 16:00:00,1.37,1.39,1.37,1.38,467183
7/29/2010 16:00:00,1.38,1.39,1.33,1.36,615910
7/30/2010 16:00:00,1.35,1.36,1.3,1.33,426830
8/2/2010 16:00:00,1.36,1.4,1.36,1.39,719145
8/3/2010 16:00:00,1.4,1.46,1.39,1.46,1231023
8/4/2010 16:00:00,1.46,1.48,1.39,1.42,920756
8/5/2010 16:00:00,1.44,1.44,1.34,1.36,796380
8/6/2010 16:00:00,1.34,1.34,1.3,1.31,742138
8/9/2010 16:00:00,1.33,1.33,1.3,1.31,812656
8/10/2010 16:00:00,1.31,1.31,1.25,1.27,1281286
8/11/2010 16:00:00,1.25,1.26,1.19,1.19,797650
8/12/2010 16:00:00,1.19,1.19,1.16,1.17,691281
8/13/2010 16:00:00,1.21,1.23,1.18,1.22,634513
8/16/2010 16:00:00,1.23,1.25,1.22,1.25,486211
8/17/2010 16:00:00,1.26,1.29,1.25,1.28,447881
8/18/2010 16:00:00,1.31,1.31,1.24,1.25,601332
8/19/2010 16:00:00,1.24,1.28,1.22,1.25,579082
8/20/2010 16:00:00,1.24,1.27,1.23,1.27,297499
8/23/2010 16:00:00,1.27,1.36,1.27,1.34,1088029
8/24/2010 16:00:00,1.29,1.31,1.26,1.28,673074
8/25/2010 16:00:00,1.28,1.33,1.24,1.33,503289
8/26/2010 16:00:00,1.33,1.35,1.31,1.32,433736
8/27/2010 16:00:00,1.32,1.32,1.3,1.31,379642
8/30/2010 16:00:00,1.31,1.35,1.31,1.32,732731
8/31/2010 16:00:00,1.31,1.32,1.29,1.3,201012
9/1/2010 16:00:00,1.31,1.38,1.31,1.36,495685
9/2/2010 16:00:00,1.36,1.42,1.35,1.4,487060
9/3/2010 16:00:00,1.39,1.42,1.38,1.4,434756
9/7/2010 16:00:00,1.37,1.4,1.37,1.37,243335
9/8/2010 16:00:00,1.38,1.4,1.37,1.39,288382
9/9/2010 16:00:00,1.4,1.4,1.38,1.38,376197
9/10/2010 16:00:00,1.38,1.4,1.32,1.34,386571
9/13/2010 16:00:00,1.39,1.39,1.37,1.38,360703
9/14/2010 16:00:00,1.37,1.44,1.37,1.41,654629
9/15/2010 16:00:00,1.4,1.47,1.39,1.47,684758
9/16/2010 16:00:00,1.47,1.54,1.39,1.4,2685880
9/17/2010 16:00:00,1.4,1.42,1.32,1.35,1198458
9/20/2010 16:00:00,1.38,1.42,1.34,1.4,947475
9/21/2010 16:00:00,1.39,1.44,1.38,1.38,796000
9/22/2010 16:00:00,1.39,1.4,1.32,1.32,962816
9/23/2010 16:00:00,1.33,1.34,1.3,1.3,668076
9/24/2010 16:00:00,1.33,1.35,1.31,1.34,578987
9/27/2010 16:00:00,1.36,1.39,1.34,1.37,418597
9/28/2010 16:00:00,1.4,1.43,1.38,1.43,1214465
9/29/2010 16:00:00,1.41,1.47,1.41,1.47,1969457
9/30/2010 16:00:00,1.47,1.48,1.35,1.36,2196625
10/1/2010 16:00:00,1.38,1.38,1.35,1.37,599071
10/4/2010 16:00:00,1.36,1.41,1.35,1.4,643599
10/5/2010 16:00:00,1.41,1.42,1.4,1.41,331936
10/6/2010 16:00:00,1.4,1.42,1.35,1.36,240358
10/7/2010 16:00:00,1.37,1.38,1.36,1.36,141020
10/8/2010 16:00:00,1.36,1.39,1.36,1.36,268110
10/11/2010 16:00:00,1.36,1.38,1.34,1.35,171194
10/12/2010 16:00:00,1.35,1.35,1.34,1.35,243912
10/13/2010 16:00:00,1.38,1.39,1.36,1.37,320541
10/14/2010 16:00:00,1.4,1.4,1.36,1.38,294620
10/15/2010 16:00:00,1.39,1.39,1.35,1.37,284840
10/18/2010 16:00:00,1.37,1.38,1.35,1.35,162729
10/19/2010 16:00:00,1.35,1.36,1.33,1.34,245127
10/20/2010 16:00:00,1.34,1.38,1.34,1.38,312444
10/21/2010 16:00:00,1.37,1.4,1.36,1.38,417999
10/22/2010 16:00:00,1.38,1.4,1.37,1.38,161021
10/25/2010 16:00:00,1.4,1.4,1.38,1.39,118614
10/26/2010 16:00:00,1.39,1.46,1.37,1.42,660841
10/27/2010 16:00:00,1.42,1.43,1.38,1.4,356500
10/28/2010 16:00:00,1.43,1.43,1.4,1.41,224190
10/29/2010 16:00:00,1.41,1.46,1.4,1.46,280682
11/1/2010 16:00:00,1.46,1.52,1.42,1.43,455784
11/2/2010 16:00:00,1.45,1.46,1.4,1.42,322465
11/3/2010 16:00:00,1.42,1.5,1.41,1.45,374199
11/4/2010 16:00:00,1.51,1.69,1.48,1.66,1873358
11/5/2010 16:00:00,1.66,1.66,1.58,1.63,1010946
11/8/2010 16:00:00,1.63,1.67,1.6,1.67,509475
11/9/2010 16:00:00,1.67,1.71,1.6,1.64,957749
11/10/2010 16:00:00,1.63,2,1.6,1.96,3061038
11/11/2010 16:00:00,1.91,1.94,1.82,1.87,1945094
11/12/2010 16:00:00,1.88,2.03,1.87,1.99,2729169
11/15/2010 16:00:00,2.01,2.2,2.01,2.05,2625133
11/16/2010 16:00:00,2.07,2.09,1.89,1.98,1347731
11/17/2010 16:00:00,2,2.05,1.91,1.97,750341
11/18/2010 16:00:00,2.04,2.05,1.93,1.99,956248
11/19/2010 16:00:00,2.01,2.09,1.98,2.07,1150494
11/22/2010 16:00:00,2.1,2.23,2.1,2.23,1529972
11/23/2010 16:00:00,2.22,2.38,2.15,2.3,1578070
11/24/2010 16:00:00,2.35,2.4,2.29,2.36,1424959
11/26/2010 16:00:00,2.37,2.4,2.32,2.35,350554
11/29/2010 16:00:00,2.38,2.4,2.22,2.29,1145543
11/30/2010 16:00:00,2.25,2.36,2.23,2.36,2222958
12/1/2010 16:00:00,2.39,2.43,2.23,2.29,1299175
12/2/2010 16:00:00,2.27,2.29,2.08,2.16,2006967
12/3/2010 16:00:00,2.13,2.15,2.06,2.1,1160460
12/6/2010 16:00:00,2.09,2.1,1.97,2.02,1274375
12/7/2010 16:00:00,2.03,2.16,2,2.1,1311548
12/8/2010 16:00:00,2.17,2.17,2.1,2.16,660980
12/9/2010 16:00:00,2.17,2.18,2.11,2.14,405983
12/10/2010 16:00:00,2.14,2.19,2.08,2.1,429381
12/13/2010 16:00:00,2.11,2.12,2.03,2.04,410331
12/14/2010 16:00:00,2.02,2.03,1.85,1.9,1766910
12/15/2010 16:00:00,1.91,2,1.9,1.97,742900
12/16/2010 16:00:00,2,2.06,1.98,2.05,790070
12/17/2010 16:00:00,2.09,2.1,2.05,2.09,813817
12/20/2010 16:00:00,2.11,2.15,2.08,2.11,523320
12/21/2010 16:00:00,2.12,2.18,2.11,2.15,777678
12/22/2010 16:00:00,2.15,2.19,2.11,2.18,833256
12/23/2010 16:00:00,2.08,2.17,1.99,2.01,1557125
12/27/2010 16:00:00,1.87,1.91,1.67,1.7,9302329
12/28/2010 16:00:00,1.72,1.78,1.67,1.76,4056589
12/29/2010 16:00:00,1.8,1.87,1.77,1.85,3319430
12/30/2010 16:00:00,1.85,1.86,1.76,1.77,2041067
12/31/2010 16:00:00,1.77,1.82,1.77,1.78,1417847
1/3/2011 16:00:00,1.79,1.8,1.73,1.77,1284084
1/4/2011 16:00:00,1.78,1.8,1.73,1.78,1189071
1/5/2011 16:00:00,1.77,1.79,1.75,1.79,1446869
1/6/2011 16:00:00,1.79,1.87,1.79,1.86,2061217
1/7/2011 16:00:00,1.87,1.91,1.86,1.88,2249540
1/10/2011 16:00:00,1.88,1.91,1.87,1.9,1342812
1/11/2011 16:00:00,1.91,1.91,1.79,1.8,1711355
1/12/2011 16:00:00,1.8,1.83,1.77,1.8,964722
1/13/2011 16:00:00,1.8,1.8,1.74,1.75,723522
1/14/2011 16:00:00,1.74,1.77,1.71,1.72,1192121
1/18/2011 16:00:00,1.7,1.71,1.65,1.71,1623839
1/19/2011 16:00:00,1.68,1.7,1.58,1.6,2371514
1/20/2011 16:00:00,1.6,1.63,1.49,1.51,2279958
1/21/2011 16:00:00,1.54,1.57,1.51,1.54,1216941
1/24/2011 16:00:00,1.57,1.65,1.55,1.63,1645189
1/25/2011 16:00:00,1.64,1.66,1.6,1.65,1271557
1/26/2011 16:00:00,1.65,1.66,1.61,1.65,1079867
1/27/2011 16:00:00,1.65,1.67,1.64,1.66,895655
1/28/2011 16:00:00,1.66,1.66,1.58,1.6,1048811
1/31/2011 16:00:00,1.6,1.61,1.57,1.61,830214
2/1/2011 16:00:00,1.62,1.65,1.57,1.59,707791
2/2/2011 16:00:00,1.59,1.61,1.58,1.6,569472
2/3/2011 16:00:00,1.59,1.59,1.54,1.58,512067
2/4/2011 16:00:00,1.58,1.58,1.55,1.56,543917
2/7/2011 16:00:00,1.55,1.55,1.53,1.54,895011
2/8/2011 16:00:00,1.54,1.68,1.53,1.63,3505183
2/9/2011 16:00:00,1.61,1.61,1.52,1.55,2636262
2/10/2011 16:00:00,1.55,1.58,1.52,1.55,836020
2/11/2011 16:00:00,1.55,1.58,1.53,1.55,636602
2/14/2011 16:00:00,1.54,1.61,1.54,1.54,1283404
2/15/2011 16:00:00,1.53,1.54,1.5,1.52,960851
2/16/2011 16:00:00,1.54,1.66,1.54,1.65,4115806
2/17/2011 16:00:00,1.64,1.7,1.57,1.57,2619942
2/18/2011 16:00:00,1.56,1.57,1.53,1.55,2370770
2/22/2011 16:00:00,1.53,1.53,1.45,1.46,2064540
2/23/2011 16:00:00,1.48,1.5,1.41,1.46,1605708
2/24/2011 16:00:00,1.45,1.51,1.43,1.5,1055450
2/25/2011 16:00:00,1.52,1.59,1.51,1.57,1347257
2/28/2011 16:00:00,1.58,1.61,1.57,1.59,1051106
3/1/2011 16:00:00,1.6,1.62,1.58,1.6,1106350
3/2/2011 16:00:00,1.59,1.62,1.58,1.6,663294
3/3/2011 16:00:00,1.62,1.65,1.6,1.62,640140
3/4/2011 16:00:00,1.63,1.67,1.59,1.66,1580100
3/7/2011 16:00:00,1.66,1.69,1.65,1.66,2033531
3/8/2011 16:00:00,1.66,1.66,1.6,1.64,1399851
3/9/2011 16:00:00,1.63,1.67,1.62,1.65,924721
3/10/2011 16:00:00,1.63,1.63,1.58,1.6,1017047
3/11/2011 16:00:00,1.59,1.62,1.57,1.6,930794
3/14/2011 16:00:00,1.59,1.6,1.55,1.55,1165971
3/15/2011 16:00:00,1.48,1.53,1.45,1.53,1318869
3/16/2011 16:00:00,1.52,1.55,1.51,1.52,1169676
3/17/2011 16:00:00,1.55,1.56,1.51,1.52,922504
3/18/2011 16:00:00,1.55,1.55,1.5,1.53,687823
3/21/2011 16:00:00,1.54,1.54,1.5,1.52,411650
3/22/2011 16:00:00,1.52,1.52,1.47,1.48,582813
3/23/2011 16:00:00,1.47,1.48,1.45,1.48,422793
3/24/2011 16:00:00,1.48,1.49,1.47,1.49,462160
3/25/2011 16:00:00,1.5,1.53,1.49,1.52,567922
3/28/2011 16:00:00,1.51,1.57,1.5,1.55,1058018
3/29/2011 16:00:00,1.55,1.6,1.55,1.59,755591
3/30/2011 16:00:00,1.61,1.63,1.53,1.58,1223877
3/31/2011 16:00:00,1.77,1.91,1.77,1.85,11522337
4/1/2011 16:00:00,1.85,1.88,1.77,1.78,2865087
4/4/2011 16:00:00,1.79,1.8,1.68,1.72,2609227
4/5/2011 16:00:00,1.73,1.8,1.71,1.78,3181727
4/6/2011 16:00:00,1.8,1.8,1.72,1.77,1288297
4/7/2011 16:00:00,1.79,1.86,1.76,1.82,2810766
4/8/2011 16:00:00,1.84,1.84,1.76,1.77,1946352
4/11/2011 16:00:00,1.77,1.77,1.67,1.68,1372200
4/12/2011 16:00:00,1.67,1.68,1.62,1.64,1357401
4/13/2011 16:00:00,1.68,1.71,1.65,1.66,1211444
4/14/2011 16:00:00,1.66,1.69,1.61,1.68,983382
4/15/2011 16:00:00,1.71,1.75,1.69,1.71,943451
4/18/2011 16:00:00,1.68,1.71,1.62,1.67,1033871
4/19/2011 16:00:00,1.67,1.68,1.64,1.68,548693
4/20/2011 16:00:00,1.71,1.74,1.69,1.72,837469
4/21/2011 16:00:00,1.72,1.8,1.71,1.78,1386053
4/25/2011 16:00:00,1.78,1.78,1.73,1.76,800839
4/26/2011 16:00:00,1.76,1.82,1.75,1.8,1372343
4/27/2011 16:00:00,1.8,1.82,1.78,1.81,996901
4/28/2011 16:00:00,1.8,1.85,1.78,1.84,1644997
4/29/2011 16:00:00,1.85,1.86,1.83,1.84,726340
5/2/2011 16:00:00,1.84,1.85,1.8,1.83,784560
5/3/2011 16:00:00,1.83,1.83,1.77,1.79,913965
5/4/2011 16:00:00,1.79,1.8,1.72,1.78,1047169
5/5/2011 16:00:00,1.81,1.83,1.74,1.76,1219449
5/6/2011 16:00:00,1.79,1.85,1.77,1.81,981606
5/9/2011 16:00:00,1.8,1.87,1.79,1.86,916303
5/10/2011 16:00:00,1.87,1.93,1.86,1.89,1535626
5/11/2011 16:00:00,1.88,1.89,1.79,1.8,962965
5/12/2011 16:00:00,1.8,1.85,1.78,1.84,627740
5/13/2011 16:00:00,1.87,1.88,1.82,1.84,661577
5/16/2011 16:00:00,1.87,1.87,1.77,1.77,755622
5/17/2011 16:00:00,1.8,1.8,1.71,1.73,1234156
5/18/2011 16:00:00,1.74,1.76,1.7,1.76,729407
5/19/2011 16:00:00,1.8,1.9,1.77,1.88,2655367
5/20/2011 16:00:00,1.88,1.89,1.82,1.86,842534
5/23/2011 16:00:00,1.84,1.84,1.77,1.79,863548
5/24/2011 16:00:00,1.8,1.83,1.77,1.78,613673
5/25/2011 16:00:00,1.79,1.93,1.74,1.93,4693811
5/26/2011 16:00:00,1.93,1.98,1.87,1.97,3336891
5/27/2011 16:00:00,1.96,1.98,1.92,1.97,1687069
5/31/2011 16:00:00,1.98,2.02,1.97,2.01,3290522
6/1/2011 16:00:00,2,2.01,1.89,1.9,1530396
6/2/2011 16:00:00,1.9,1.95,1.9,1.92,986294
6/3/2011 16:00:00,2,2.1,1.97,2.01,6210209
6/6/2011 16:00:00,2.01,2.01,1.88,1.91,2331767
6/7/2011 16:00:00,1.93,1.96,1.88,1.89,1222099
6/8/2011 16:00:00,1.9,1.91,1.8,1.81,1696936
6/9/2011 16:00:00,1.83,1.87,1.81,1.84,1604220
6/10/2011 16:00:00,1.83,1.89,1.82,1.86,1566532
6/13/2011 16:00:00,1.87,1.93,1.86,1.9,1713761
6/14/2011 16:00:00,1.9,1.98,1.9,1.91,1573310
6/15/2011 16:00:00,1.9,1.9,1.8,1.82,1346579
6/16/2011 16:00:00,1.84,1.87,1.72,1.77,1842124
6/17/2011 16:00:00,1.79,1.85,1.74,1.77,1713965
6/20/2011 16:00:00,1.75,1.76,1.7,1.73,1537709
6/21/2011 16:00:00,1.75,1.85,1.73,1.84,1496563
6/22/2011 16:00:00,1.84,1.88,1.81,1.81,1475533
6/23/2011 16:00:00,1.81,1.85,1.75,1.85,1169990
6/24/2011 16:00:00,1.84,1.86,1.82,1.84,3608858
6/27/2011 16:00:00,1.85,1.89,1.82,1.83,1809367
6/28/2011 16:00:00,1.85,1.88,1.84,1.87,889132
6/29/2011 16:00:00,1.9,1.94,1.87,1.89,1461708
6/30/2011 16:00:00,1.9,1.96,1.89,1.94,946654
7/1/2011 16:00:00,1.94,1.97,1.92,1.93,854839
7/5/2011 16:00:00,1.93,1.97,1.91,1.94,995989
7/6/2011 16:00:00,1.94,1.94,1.9,1.93,926889
7/7/2011 16:00:00,1.94,2,1.93,1.98,1327821
7/8/2011 16:00:00,1.99,1.99,1.91,1.92,1240580
7/11/2011 16:00:00,1.89,1.9,1.87,1.89,975703
7/12/2011 16:00:00,1.89,1.94,1.87,1.88,1045406
7/13/2011 16:00:00,1.9,1.94,1.86,1.91,1065942
7/14/2011 16:00:00,1.9,1.93,1.82,1.84,1159131
7/15/2011 16:00:00,1.85,1.86,1.83,1.84,708954
7/18/2011 16:00:00,1.82,1.83,1.78,1.82,852317
7/19/2011 16:00:00,1.84,1.87,1.84,1.86,1026048
7/20/2011 16:00:00,1.87,2.03,1.85,1.91,3048394
7/21/2011 16:00:00,1.93,1.94,1.87,1.91,1012006
7/22/2011 16:00:00,1.91,1.97,1.9,1.95,583868
7/25/2011 16:00:00,1.93,1.95,1.9,1.9,673491
7/26/2011 16:00:00,1.89,1.92,1.86,1.87,762932
7/27/2011 16:00:00,1.9,1.9,1.83,1.84,958403
7/28/2011 16:00:00,1.84,1.9,1.84,1.88,938729
7/29/2011 16:00:00,1.85,1.89,1.83,1.88,948127
8/1/2011 16:00:00,1.91,1.93,1.88,1.92,1164822
8/2/2011 16:00:00,1.91,1.95,1.82,1.82,1549320
8/3/2011 16:00:00,1.83,1.86,1.76,1.81,1801329
8/4/2011 16:00:00,1.77,1.79,1.64,1.65,3065596
8/5/2011 16:00:00,1.67,1.69,1.52,1.62,1964376
8/8/2011 16:00:00,1.54,1.63,1.54,1.58,2608572
8/9/2011 16:00:00,1.61,1.7,1.58,1.67,1333382
8/10/2011 16:00:00,1.7,1.7,1.58,1.59,1564147
8/11/2011 16:00:00,1.6,1.72,1.6,1.69,836484
8/12/2011 16:00:00,1.71,1.81,1.69,1.75,1008084
8/15/2011 16:00:00,1.77,1.78,1.73,1.75,738572
8/16/2011 16:00:00,1.74,1.77,1.72,1.74,537688
8/17/2011 16:00:00,1.76,1.78,1.7,1.72,635822
8/18/2011 16:00:00,1.67,1.68,1.56,1.62,1056569
8/19/2011 16:00:00,1.59,1.61,1.47,1.49,1375277
8/22/2011 16:00:00,1.54,1.59,1.45,1.46,986181
8/23/2011 16:00:00,1.46,1.54,1.43,1.53,868968
8/24/2011 16:00:00,1.54,1.6,1.52,1.59,684238
8/25/2011 16:00:00,1.59,1.59,1.53,1.54,680210
8/26/2011 16:00:00,1.51,1.6,1.47,1.58,761756
8/29/2011 16:00:00,1.61,1.66,1.6,1.65,803302
8/30/2011 16:00:00,1.63,1.65,1.61,1.64,366659
8/31/2011 16:00:00,1.65,1.7,1.62,1.65,823735
9/1/2011 16:00:00,1.64,1.66,1.59,1.6,848085
9/2/2011 16:00:00,1.56,1.6,1.51,1.54,770331
9/6/2011 16:00:00,1.5,1.55,1.49,1.53,809760
9/7/2011 16:00:00,1.56,1.6,1.55,1.59,459186
9/8/2011 16:00:00,1.57,1.6,1.55,1.57,505697
9/9/2011 16:00:00,1.56,1.57,1.5,1.53,669263
9/12/2011 16:00:00,1.5,1.55,1.5,1.53,566571
9/13/2011 16:00:00,1.53,1.61,1.52,1.61,726461
9/14/2011 16:00:00,1.62,1.66,1.59,1.62,830777
9/15/2011 16:00:00,1.64,1.66,1.62,1.65,562512
9/16/2011 16:00:00,1.65,1.72,1.63,1.72,1417574
9/19/2011 16:00:00,1.66,1.72,1.59,1.72,1157349
9/20/2011 16:00:00,1.73,1.77,1.71,1.73,1180351
9/21/2011 16:00:00,1.73,1.8,1.71,1.72,987577
9/22/2011 16:00:00,1.68,1.74,1.66,1.71,776002
9/23/2011 16:00:00,1.7,1.77,1.69,1.76,1156328
9/26/2011 16:00:00,1.77,1.77,1.66,1.7,934715
9/27/2011 16:00:00,1.73,1.8,1.7,1.75,674429
9/28/2011 16:00:00,1.73,1.77,1.63,1.64,723206
9/29/2011 16:00:00,1.71,1.72,1.57,1.61,929545
9/30/2011 16:00:00,1.65,1.66,1.57,1.63,1336054
10/3/2011 16:00:00,1.66,1.67,1.55,1.58,1023130
10/4/2011 16:00:00,1.55,1.62,1.53,1.58,1200214
10/5/2011 16:00:00,1.6,1.72,1.56,1.69,1229414
10/6/2011 16:00:00,1.69,1.84,1.67,1.8,1769026
10/7/2011 16:00:00,1.8,1.84,1.74,1.8,1311548
10/10/2011 16:00:00,1.82,1.88,1.8,1.86,923416
10/11/2011 16:00:00,1.83,1.85,1.81,1.84,576003
10/12/2011 16:00:00,1.82,1.87,1.81,1.85,1123364
10/13/2011 16:00:00,1.84,1.9,1.83,1.86,1043813
10/14/2011 16:00:00,1.87,1.9,1.82,1.87,1400469
10/17/2011 16:00:00,1.86,1.87,1.82,1.83,754439
10/18/2011 16:00:00,1.82,1.9,1.78,1.89,999690
10/19/2011 16:00:00,1.87,1.87,1.82,1.84,792850
10/20/2011 16:00:00,1.83,1.83,1.8,1.82,999647
10/21/2011 16:00:00,1.83,1.89,1.8,1.87,1142550
10/24/2011 16:00:00,1.86,1.93,1.85,1.9,940550
10/25/2011 16:00:00,1.88,1.92,1.85,1.88,654371
10/26/2011 16:00:00,1.88,1.89,1.83,1.87,510479
10/27/2011 16:00:00,1.89,1.93,1.87,1.92,869335
10/28/2011 16:00:00,1.9,2,1.87,1.99,1264993
10/31/2011 16:00:00,1.97,1.97,1.92,1.96,1133969
11/1/2011 16:00:00,1.89,1.93,1.87,1.93,635775
11/2/2011 16:00:00,1.93,1.95,1.88,1.91,875521
11/3/2011 16:00:00,2,2.17,1.97,2.16,2510603
11/4/2011 16:00:00,2.1,2.16,2.03,2.15,3033107
11/7/2011 16:00:00,2.11,2.13,2.05,2.08,1266269
11/8/2011 16:00:00,2.09,2.13,2.05,2.12,1167830
11/9/2011 16:00:00,2.06,2.1,2.02,2.06,953656
11/10/2011 16:00:00,2.06,2.1,2.04,2.09,747273
11/11/2011 16:00:00,2.13,2.3,2.04,2.24,3875123
11/14/2011 16:00:00,2.2,2.24,2.17,2.21,1325656
11/15/2011 16:00:00,2.19,2.29,2.18,2.26,890905
11/16/2011 16:00:00,2.23,2.33,2.23,2.33,1833136
11/17/2011 16:00:00,2.3,2.33,2.21,2.25,1349265
11/18/2011 16:00:00,2.24,2.27,2.17,2.17,902729
11/21/2011 16:00:00,2.16,2.16,2.07,2.12,1031524
11/22/2011 16:00:00,2.12,2.19,2.07,2.14,732518
11/23/2011 16:00:00,2.12,2.14,2.08,2.1,451813
11/25/2011 16:00:00,2.1,2.16,2.07,2.11,239595
11/28/2011 16:00:00,2.13,2.22,2.12,2.17,681124
11/29/2011 16:00:00,2.17,2.2,2.11,2.12,591054
11/30/2011 16:00:00,2.17,2.2,2.15,2.18,760965
12/1/2011 16:00:00,2.17,2.27,2.13,2.17,1030108
12/2/2011 16:00:00,2.19,2.25,2.16,2.22,802718
12/5/2011 16:00:00,2.24,2.33,2.23,2.29,1160050
12/6/2011 16:00:00,2.28,2.33,2.27,2.32,951810
12/7/2011 16:00:00,2.31,2.33,2.25,2.28,674244
12/8/2011 16:00:00,2.06,2.11,1.97,2.06,3305945
12/9/2011 16:00:00,2.04,2.07,2.02,2.07,1239444
12/12/2011 16:00:00,2.03,2.04,2,2.03,758657
12/13/2011 16:00:00,2.04,2.06,1.93,1.96,994015
12/14/2011 16:00:00,1.97,1.98,1.87,1.9,1163840
12/15/2011 16:00:00,1.92,1.94,1.87,1.91,700261
12/16/2011 16:00:00,1.92,1.93,1.87,1.87,1029605
12/19/2011 16:00:00,1.87,1.9,1.82,1.85,986952
12/20/2011 16:00:00,1.87,1.9,1.85,1.86,844381
12/21/2011 16:00:00,1.86,1.87,1.74,1.84,1705807
12/22/2011 16:00:00,1.84,1.87,1.82,1.85,1009802
12/23/2011 16:00:00,1.87,1.87,1.83,1.86,591390
12/27/2011 16:00:00,1.84,1.92,1.84,1.9,777403
12/28/2011 16:00:00,1.93,1.95,1.87,1.9,575138
12/29/2011 16:00:00,1.91,1.96,1.9,1.92,488150
12/30/2011 16:00:00,1.9,1.93,1.88,1.9,339860
1/3/2012 16:00:00,1.93,1.97,1.84,1.87,928052
1/4/2012 16:00:00,1.88,1.91,1.83,1.85,630036
1/5/2012 16:00:00,1.85,1.86,1.79,1.81,1005432
1/6/2012 16:00:00,1.81,1.85,1.76,1.79,986287
1/9/2012 16:00:00,1.8,1.83,1.74,1.82,896951
1/10/2012 16:00:00,1.83,1.85,1.82,1.84,671732
1/11/2012 16:00:00,1.84,1.89,1.82,1.88,672239
1/12/2012 16:00:00,1.9,1.91,1.85,1.88,729300
1/13/2012 16:00:00,1.89,1.9,1.51,1.52,5506439
1/17/2012 16:00:00,1.78,1.82,1.76,1.77,4652386
1/18/2012 16:00:00,1.78,1.79,1.75,1.79,1260183
1/19/2012 16:00:00,1.81,1.85,1.77,1.78,1246222
1/20/2012 16:00:00,1.79,1.8,1.76,1.77,662289
1/23/2012 16:00:00,1.79,1.81,1.77,1.78,594533
1/24/2012 16:00:00,1.78,1.85,1.76,1.83,857914
1/25/2012 16:00:00,1.82,1.87,1.8,1.86,611112
1/26/2012 16:00:00,1.87,1.97,1.87,1.93,1271028
1/27/2012 16:00:00,1.9,1.98,1.9,1.96,748361
1/30/2012 16:00:00,1.97,1.97,1.9,1.97,728979
1/31/2012 16:00:00,1.99,2,1.92,1.94,956713
2/1/2012 16:00:00,1.94,1.98,1.93,1.97,523169
2/2/2012 16:00:00,1.98,2.06,1.97,2.02,805610
2/3/2012 16:00:00,2.03,2.09,2.02,2.08,764418
2/6/2012 16:00:00,2.07,2.13,2.07,2.12,652161
2/7/2012 16:00:00,2.12,2.12,2.05,2.11,1021503
2/8/2012 16:00:00,2.11,2.13,2.09,2.13,623626
2/9/2012 16:00:00,2.13,2.19,2.1,2.17,1277968
2/10/2012 16:00:00,2.15,2.15,1.99,2.07,1874139
2/13/2012 16:00:00,2.1,2.14,2.06,2.1,1157858
2/14/2012 16:00:00,2.12,2.25,2.09,2.21,1811365
2/15/2012 16:00:00,2.21,2.29,2.15,2.24,2764476
2/16/2012 16:00:00,2.23,2.3,2.17,2.28,2219636
2/17/2012 16:00:00,2.27,2.33,2.23,2.33,1376645
2/21/2012 16:00:00,2.32,2.32,2.25,2.3,1135788
2/22/2012 16:00:00,2.3,2.31,2.17,2.28,1654985
2/23/2012 16:00:00,2.27,2.33,2.24,2.3,820345
2/24/2012 16:00:00,2.28,2.3,2.22,2.25,959866
2/27/2012 16:00:00,2.23,2.27,2.2,2.24,605953
2/28/2012 16:00:00,2.24,2.3,2.21,2.25,612183
2/29/2012 16:00:00,2.25,2.27,2.21,2.23,535684
3/1/2012 16:00:00,2.23,2.3,2.22,2.29,703435
3/2/2012 16:00:00,2.29,2.3,2.25,2.27,549971
3/5/2012 16:00:00,2.29,2.29,2.23,2.25,466938
3/6/2012 16:00:00,2.22,2.22,2.17,2.21,573749
3/7/2012 16:00:00,2.21,2.22,2.19,2.21,364831
3/8/2012 16:00:00,2.21,2.23,2.2,2.2,633267
3/9/2012 16:00:00,2.21,2.35,2.21,2.32,1553423
3/12/2012 16:00:00,2.31,2.42,2.31,2.4,1964520
3/13/2012 16:00:00,2.43,2.44,2.37,2.41,1001643
3/14/2012 16:00:00,2.4,2.4,2.32,2.35,851464
3/15/2012 16:00:00,2.35,2.37,2.32,2.33,571596
3/16/2012 16:00:00,2.33,2.39,2.32,2.35,729236
3/19/2012 16:00:00,2.35,2.35,2.3,2.33,1015586
3/20/2012 16:00:00,2.33,2.35,2.3,2.33,567001
3/21/2012 16:00:00,2.33,2.35,2.31,2.34,607103
3/22/2012 16:00:00,2.33,2.34,2.29,2.29,522353
3/23/2012 16:00:00,2.28,2.31,2.21,2.27,1170567
3/26/2012 16:00:00,2.37,2.54,2.34,2.49,3140891
3/27/2012 16:00:00,2.48,2.66,2.47,2.53,2540053
3/28/2012 16:00:00,2.52,2.56,2.47,2.52,954970
3/29/2012 16:00:00,2.55,2.55,2.47,2.49,796335
3/30/2012 16:00:00,2.5,2.53,2.45,2.48,886312
4/2/2012 16:00:00,2.49,2.53,2.44,2.44,1028504
4/3/2012 16:00:00,2.45,2.56,2.44,2.53,1104150
4/4/2012 16:00:00,2.35,2.37,2.31,2.33,4482816
4/5/2012 16:00:00,2.34,2.36,2.29,2.3,1509378
4/9/2012 16:00:00,2.27,2.29,2.21,2.21,1655805
4/10/2012 16:00:00,2.21,2.26,2.14,2.16,1847669
4/11/2012 16:00:00,2.22,2.22,2.13,2.21,1105447
4/12/2012 16:00:00,2.25,2.3,2.19,2.23,1034154
4/13/2012 16:00:00,2.26,2.27,2.19,2.24,649580
4/16/2012 16:00:00,2.23,2.25,2.14,2.15,1099751
4/17/2012 16:00:00,2.16,2.2,2.14,2.15,1115538
4/18/2012 16:00:00,2.14,2.18,2.1,2.18,823096
4/19/2012 16:00:00,2.18,2.23,2.17,2.21,774878
4/20/2012 16:00:00,2.21,2.25,2.2,2.21,821774
4/23/2012 16:00:00,2.19,2.2,2.11,2.13,890715
4/24/2012 16:00:00,2.12,2.15,2.07,2.12,674467
4/25/2012 16:00:00,2.14,2.2,2.14,2.19,712133
4/26/2012 16:00:00,2.2,2.23,2.19,2.23,427619
4/27/2012 16:00:00,2.24,2.24,2.19,2.22,590205
4/30/2012 16:00:00,2.22,2.22,2.17,2.21,413948
5/1/2012 16:00:00,2.21,2.28,2.21,2.25,658947
5/2/2012 16:00:00,2.23,2.29,2.23,2.26,497251
5/3/2012 16:00:00,2.26,2.27,2.14,2.16,842107
5/4/2012 16:00:00,2.15,2.16,2.09,2.12,1247486
5/7/2012 16:00:00,2.13,2.17,2.11,2.16,1157969
5/8/2012 16:00:00,2.17,2.18,1.96,2.01,3097180
5/9/2012 16:00:00,2.02,2.05,1.98,2,1947828
5/10/2012 16:00:00,2.17,2.31,2.16,2.2,5556301
5/11/2012 16:00:00,2.17,2.23,2.14,2.15,1221205
5/14/2012 16:00:00,2.13,2.14,2,2,1380842
5/15/2012 16:00:00,2.02,2.06,1.95,1.96,1585682
5/16/2012 16:00:00,1.97,2.01,1.93,1.95,1257193
5/17/2012 16:00:00,1.95,1.99,1.88,1.9,1149043
5/18/2012 16:00:00,1.89,1.9,1.79,1.84,1616487
5/21/2012 16:00:00,1.84,1.95,1.81,1.92,1475170
5/22/2012 16:00:00,2.01,2.09,2,2.05,2366170
5/23/2012 16:00:00,2.04,2.07,1.97,2.07,1220349
5/24/2012 16:00:00,2.08,2.08,1.98,2.02,1075520
5/25/2012 16:00:00,2.01,2.03,1.95,1.99,757009
5/29/2012 16:00:00,2,2.13,2,2.11,1649917
5/30/2012 16:00:00,2.09,2.09,2.02,2.03,1307141
5/31/2012 16:00:00,2,2.02,1.92,1.97,1118701
6/1/2012 16:00:00,1.9,1.94,1.85,1.88,885710
6/4/2012 16:00:00,1.87,1.89,1.81,1.86,1030834
6/5/2012 16:00:00,1.86,1.89,1.84,1.86,630885
6/6/2012 16:00:00,1.88,1.96,1.88,1.95,910508
6/7/2012 16:00:00,1.99,1.99,1.92,1.93,492015
6/8/2012 16:00:00,1.92,2.01,1.88,2.01,881209
6/11/2012 16:00:00,2.02,2.07,1.93,1.94,635947
6/12/2012 16:00:00,1.95,1.99,1.92,1.98,568994
6/13/2012 16:00:00,1.97,2.04,1.96,1.98,844371
6/14/2012 16:00:00,2.01,2.04,1.91,1.96,872161
6/15/2012 16:00:00,1.96,2,1.92,1.99,646737
6/18/2012 16:00:00,2,2.16,1.97,2.12,1256796
6/19/2012 16:00:00,2.13,2.18,2.1,2.14,911029
6/20/2012 16:00:00,2.23,2.3,2.21,2.25,3422342
6/21/2012 16:00:00,2.28,2.29,2.12,2.15,1891895
6/22/2012 16:00:00,2.17,2.27,2.16,2.25,3047452
6/25/2012 16:00:00,2.26,2.27,2.18,2.21,1503186
6/26/2012 16:00:00,2.14,2.16,2.09,2.11,2613849
6/27/2012 16:00:00,2.13,2.16,2.1,2.13,1047194
6/28/2012 16:00:00,2.13,2.14,2.04,2.09,914040
6/29/2012 16:00:00,2.19,2.19,2.07,2.09,1125704
7/2/2012 16:00:00,2.09,2.12,2.01,2.03,1315534
7/3/2012 16:00:00,2.04,2.07,2.03,2.04,947128
7/5/2012 16:00:00,2.05,2.11,2.05,2.08,1253866
7/6/2012 16:00:00,2.07,2.12,2.05,2.07,784661
7/9/2012 16:00:00,2.06,2.12,2.04,2.1,910409
7/10/2012 16:00:00,2.1,2.17,2.06,2.08,758352
7/11/2012 16:00:00,2.1,2.11,2.07,2.1,638516
7/12/2012 16:00:00,2.09,2.2,2.05,2.18,1125670
7/13/2012 16:00:00,2.2,2.29,2.19,2.28,1304912
7/16/2012 16:00:00,2.29,2.4,2.26,2.4,1743908
7/17/2012 16:00:00,2.33,2.35,2.16,2.22,2569463
7/18/2012 16:00:00,2.1,2.24,2.07,2.14,2882084
7/19/2012 16:00:00,2.18,2.21,2.14,2.15,1435878
7/20/2012 16:00:00,2.14,2.15,2.08,2.12,1568466
7/23/2012 16:00:00,2.07,2.09,2.04,2.04,1386743
7/24/2012 16:00:00,2.04,2.07,1.97,1.99,1500676
7/25/2012 16:00:00,1.99,2,1.92,1.93,2844065
7/26/2012 16:00:00,1.99,2,1.84,1.88,2263005
7/27/2012 16:00:00,1.91,1.98,1.87,1.97,1672968
7/30/2012 16:00:00,1.97,2.02,1.81,1.82,2066040
7/31/2012 16:00:00,1.84,1.86,1.82,1.83,1575060
8/1/2012 16:00:00,1.87,1.87,1.74,1.75,1592217
8/2/2012 16:00:00,1.75,1.79,1.7,1.74,1305016
8/3/2012 16:00:00,1.79,1.84,1.78,1.82,1209470
8/6/2012 16:00:00,1.84,1.91,1.84,1.88,1528169
8/7/2012 16:00:00,1.92,2.06,1.9,2.02,2387304
8/8/2012 16:00:00,1.99,2,1.91,1.94,1308895
8/9/2012 16:00:00,1.97,2,1.94,1.96,672584
8/10/2012 16:00:00,1.95,2,1.95,2,707390
8/13/2012 16:00:00,1.98,2.09,1.94,2.08,870050
8/14/2012 16:00:00,2.05,2.08,1.95,1.96,793336
8/15/2012 16:00:00,1.96,1.98,1.92,1.96,525385
8/16/2012 16:00:00,1.97,2.03,1.97,2.02,668973
8/17/2012 16:00:00,2.02,2.05,2,2,508122
8/20/2012 16:00:00,2.01,2.03,1.94,1.97,1179008
8/21/2012 16:00:00,1.97,2,1.93,1.94,761516
8/22/2012 16:00:00,1.93,2,1.93,2,775490
8/23/2012 16:00:00,2,2.06,1.98,2.05,1470974
8/24/2012 16:00:00,2,2.02,1.96,1.97,1430011
8/27/2012 16:00:00,1.97,1.98,1.88,1.89,1350325
8/28/2012 16:00:00,1.89,1.96,1.87,1.91,1402656
8/29/2012 16:00:00,1.9,1.91,1.87,1.89,838883
8/30/2012 16:00:00,1.91,1.92,1.87,1.89,656307
8/31/2012 16:00:00,1.91,1.92,1.88,1.9,539736
9/4/2012 16:00:00,1.9,1.93,1.86,1.88,752496
9/5/2012 16:00:00,1.87,1.9,1.85,1.86,639227
9/6/2012 16:00:00,1.87,1.93,1.86,1.9,841643
9/7/2012 16:00:00,1.9,1.97,1.9,1.96,953151
9/10/2012 16:00:00,1.95,1.96,1.82,1.82,1484015
9/11/2012 16:00:00,1.85,1.88,1.83,1.85,1014871
9/12/2012 16:00:00,1.86,1.91,1.85,1.89,1145334
9/13/2012 16:00:00,1.9,1.97,1.9,1.97,1486359
9/14/2012 16:00:00,2,2.04,1.98,2.03,1536669
9/17/2012 16:00:00,2.16,2.19,2.1,2.17,3212991
9/18/2012 16:00:00,2.13,2.13,2.05,2.09,1788480
9/19/2012 16:00:00,2.07,2.12,2.06,2.07,1048457
9/20/2012 16:00:00,2.06,2.1,2.05,2.06,912372
9/21/2012 16:00:00,2.07,2.1,1.97,2,1870170
9/24/2012 16:00:00,1.97,2.07,1.96,2.04,1302004
9/25/2012 16:00:00,1.91,1.97,1.84,1.84,5684952
9/26/2012 16:00:00,1.84,1.89,1.83,1.84,1527320
9/27/2012 16:00:00,1.85,1.9,1.84,1.9,1758553
9/28/2012 16:00:00,1.91,1.99,1.91,1.95,4343338
10/1/2012 16:00:00,1.97,1.99,1.93,1.94,884305
10/2/2012 16:00:00,1.95,1.99,1.93,1.99,728969
10/3/2012 16:00:00,1.98,2,1.95,1.95,1055288
10/4/2012 16:00:00,2,2.01,1.91,1.96,1541207
10/5/2012 16:00:00,1.98,1.99,1.91,1.93,938670
10/8/2012 16:00:00,1.92,1.96,1.91,1.95,890006
10/9/2012 16:00:00,1.94,1.94,1.88,1.89,1193479
10/10/2012 16:00:00,1.89,1.91,1.87,1.89,505063
10/11/2012 16:00:00,1.93,1.93,1.88,1.89,450571
10/12/2012 16:00:00,1.89,1.92,1.83,1.84,987535
10/15/2012 16:00:00,1.87,1.87,1.79,1.82,1469167
10/16/2012 16:00:00,1.84,1.87,1.82,1.87,479248
10/17/2012 16:00:00,1.88,1.92,1.85,1.92,667963
10/18/2012 16:00:00,1.93,1.93,1.85,1.87,740947
10/19/2012 16:00:00,1.86,1.88,1.82,1.85,1027302
10/22/2012 16:00:00,1.87,1.87,1.82,1.86,470198
10/23/2012 16:00:00,1.83,1.9,1.82,1.89,749273
10/24/2012 16:00:00,1.9,1.9,1.82,1.83,1016368
10/25/2012 16:00:00,1.85,1.85,1.83,1.83,577686
10/26/2012 16:00:00,1.84,1.85,1.8,1.83,477305
10/31/2012 16:00:00,1.85,1.89,1.82,1.88,775142
11/1/2012 16:00:00,1.88,1.97,1.88,1.95,1024054
11/2/2012 16:00:00,1.95,1.97,1.9,1.93,1030265
11/5/2012 16:00:00,1.99,2.11,1.96,2.1,2049118
11/6/2012 16:00:00,2.04,2.08,2,2.08,2323943
11/7/2012 16:00:00,2.07,2.14,2.05,2.1,1715417
11/8/2012 16:00:00,2.07,2.13,2.06,2.09,1273986
11/9/2012 16:00:00,2.04,2.06,1.99,2.02,863028
11/12/2012 16:00:00,2.02,2.09,2.01,2.07,557651
11/13/2012 16:00:00,2.09,2.13,2.05,2.11,998263
11/14/2012 16:00:00,2.13,2.14,2.08,2.09,871315
11/15/2012 16:00:00,2.09,2.1,2.03,2.05,983941
11/16/2012 16:00:00,2.08,2.13,2.04,2.12,908650
11/19/2012 16:00:00,2.14,2.22,2.12,2.19,1392548
11/20/2012 16:00:00,2.19,2.21,2.13,2.2,922427
11/21/2012 16:00:00,2.17,2.23,2.15,2.16,963133
11/23/2012 16:00:00,2.17,2.19,2.11,2.14,430212
11/26/2012 16:00:00,2.14,2.15,2.11,2.15,496219
11/27/2012 16:00:00,2.14,2.18,2.1,2.14,910770
11/28/2012 16:00:00,2.13,2.29,2.13,2.22,1525299
11/29/2012 16:00:00,2.23,2.27,2.19,2.25,1103315
11/30/2012 16:00:00,2.24,2.29,2.2,2.25,1420284
12/3/2012 16:00:00,2.26,2.33,2.23,2.31,2085753
12/4/2012 16:00:00,2.27,2.32,2.24,2.26,1264211
12/5/2012 16:00:00,2.25,2.28,2.24,2.25,661486
12/6/2012 16:00:00,2.25,2.32,2.23,2.26,660397
12/7/2012 16:00:00,2.29,2.3,2.26,2.28,664586
12/10/2012 16:00:00,2.3,2.32,2.28,2.3,929751
12/11/2012 16:00:00,2.31,2.37,2.3,2.35,1572591
12/12/2012 16:00:00,2.35,2.39,2.33,2.35,2063877
12/13/2012 16:00:00,2.35,2.35,2.18,2.24,2151224
12/14/2012 16:00:00,2.26,2.29,2.24,2.25,1022943
12/17/2012 16:00:00,2.25,2.3,2.25,2.29,824809
12/18/2012 16:00:00,2.28,2.34,2.28,2.31,1554436
12/19/2012 16:00:00,2.32,2.35,2.3,2.31,1298731
12/20/2012 16:00:00,2.3,2.32,2.27,2.3,921194
12/21/2012 16:00:00,2.26,2.28,2.24,2.27,1492306
12/24/2012 16:00:00,2.24,2.29,2.24,2.29,375796
12/26/2012 16:00:00,2.26,2.3,2.23,2.24,601784
12/27/2012 16:00:00,2.23,2.26,2.2,2.25,561085
12/28/2012 16:00:00,2.23,2.24,2.2,2.21,414135
12/31/2012 16:00:00,2.2,2.26,2.2,2.26,594846
1/2/2013 16:00:00,2.33,2.36,2.31,2.36,1194710
1/3/2013 16:00:00,2.35,2.36,2.32,2.32,741941
1/4/2013 16:00:00,2.32,2.32,2.26,2.29,673993
1/7/2013 16:00:00,2.32,2.32,2.26,2.29,441909
1/8/2013 16:00:00,2.3,2.3,2.21,2.25,1283985
1/9/2013 16:00:00,2.27,2.28,2.23,2.24,697979
1/10/2013 16:00:00,2.26,2.27,2.23,2.24,922405
1/11/2013 16:00:00,2.27,2.27,2.14,2.19,1563274
1/14/2013 16:00:00,2.21,2.23,2.19,2.22,925018
1/15/2013 16:00:00,2.21,2.28,2.21,2.26,1624389
1/16/2013 16:00:00,2.26,2.28,2.25,2.27,1378138
1/17/2013 16:00:00,2.28,2.32,2.26,2.29,1436604
1/18/2013 16:00:00,2.32,2.32,2.25,2.3,3555074
1/22/2013 16:00:00,2.3,2.37,2.28,2.35,1920131
1/23/2013 16:00:00,2.33,2.42,2.33,2.4,1564206
1/24/2013 16:00:00,2.4,2.51,2.39,2.47,1970389
1/25/2013 16:00:00,2.47,2.5,2.45,2.47,1287703
1/28/2013 16:00:00,2.46,2.58,2.46,2.54,1985992
1/29/2013 16:00:00,2.53,2.56,2.48,2.53,1426503
1/30/2013 16:00:00,2.52,2.53,2.5,2.5,968098
1/31/2013 16:00:00,2.52,2.52,2.46,2.5,901318
2/1/2013 16:00:00,2.54,2.57,2.51,2.55,1100590
2/4/2013 16:00:00,2.56,2.56,2.51,2.52,1127989
2/5/2013 16:00:00,2.53,2.58,2.51,2.54,1310192
2/6/2013 16:00:00,2.54,2.63,2.53,2.61,1893148
2/7/2013 16:00:00,2.61,2.65,2.6,2.63,1197521
2/8/2013 16:00:00,2.63,2.67,2.61,2.62,1139733
2/11/2013 16:00:00,2.53,2.61,2.5,2.56,3266248
2/12/2013 16:00:00,2.56,2.59,2.49,2.53,2261246
2/13/2013 16:00:00,2.55,2.6,2.54,2.56,967102
2/14/2013 16:00:00,2.58,2.58,2.55,2.55,990640
2/15/2013 16:00:00,2.57,2.57,2.46,2.47,2018269
2/19/2013 16:00:00,2.49,2.62,2.49,2.62,2701340
2/20/2013 16:00:00,2.62,2.64,2.56,2.57,3121910
2/21/2013 16:00:00,2.43,2.49,2.3,2.34,9038212
2/22/2013 16:00:00,2.38,2.43,2.37,2.41,2547831
2/25/2013 16:00:00,2.41,2.45,2.29,2.29,2890772
2/26/2013 16:00:00,2.3,2.33,2.25,2.3,2763050
2/27/2013 16:00:00,2.29,2.36,2.29,2.34,1959129
2/28/2013 16:00:00,2.39,2.41,2.29,2.32,1964893
3/1/2013 16:00:00,2.33,2.34,2.28,2.31,1546600
3/4/2013 16:00:00,2.32,2.39,2.31,2.37,1757660
3/5/2013 16:00:00,2.4,2.46,2.39,2.44,2086969
3/6/2013 16:00:00,2.47,2.53,2.46,2.51,1149925
3/7/2013 16:00:00,2.52,2.58,2.46,2.55,1158354
3/8/2013 16:00:00,2.54,2.63,2.49,2.56,912052
3/11/2013 16:00:00,2.59,2.63,2.58,2.61,1579440
3/12/2013 16:00:00,2.59,2.63,2.59,2.61,1275062
3/13/2013 16:00:00,2.6,2.63,2.59,2.6,821986
3/14/2013 16:00:00,2.59,2.59,2.45,2.46,2024459
3/15/2013 16:00:00,2.44,2.44,2.35,2.35,3279777
3/18/2013 16:00:00,2.35,2.4,2.33,2.34,1316336
3/19/2013 16:00:00,2.35,2.37,2.33,2.34,1098475
3/20/2013 16:00:00,2.35,2.4,2.34,2.4,1423684
3/21/2013 16:00:00,2.4,2.47,2.38,2.4,1146287
3/22/2013 16:00:00,2.41,2.45,2.41,2.44,446235
3/25/2013 16:00:00,2.47,2.57,2.45,2.5,2379354
3/26/2013 16:00:00,2.53,2.55,2.51,2.52,1808137
3/27/2013 16:00:00,2.53,2.56,2.49,2.54,1296283
3/28/2013 16:00:00,2.55,2.55,2.52,2.53,1158652
4/1/2013 16:00:00,2.82,3.11,2.78,2.93,14105873
4/2/2013 16:00:00,2.91,3.03,2.9,2.96,6652374
4/3/2013 16:00:00,2.87,2.9,2.68,2.74,5644995
4/4/2013 16:00:00,2.74,2.82,2.72,2.8,2264867
4/5/2013 16:00:00,2.77,2.8,2.7,2.76,1552389
4/8/2013 16:00:00,2.8,2.84,2.77,2.79,1679001
4/9/2013 16:00:00,2.79,2.79,2.69,2.7,1696036
4/10/2013 16:00:00,2.71,2.8,2.71,2.79,2121088
4/11/2013 16:00:00,2.8,2.97,2.78,2.91,3448081
4/12/2013 16:00:00,2.88,3.01,2.87,2.92,3149372
4/15/2013 16:00:00,2.9,2.92,2.83,2.89,1685984
4/16/2013 16:00:00,2.95,3.08,2.93,3.04,3180438
4/17/2013 16:00:00,3.03,3.06,2.97,3.03,2118428
4/18/2013 16:00:00,3.07,3.17,3.03,3.13,3368700
4/19/2013 16:00:00,3.2,3.33,3.14,3.19,3012136
4/22/2013 16:00:00,3.24,3.35,3.18,3.35,3939327
4/23/2013 16:00:00,3.4,3.53,3.38,3.4,3737550
4/24/2013 16:00:00,3.39,3.4,3.27,3.36,2630108
4/25/2013 16:00:00,3.37,3.49,3.37,3.47,2796207
4/26/2013 16:00:00,3.54,3.58,3.37,3.41,3622430
4/29/2013 16:00:00,3.45,3.67,3.41,3.66,3642206
4/30/2013 16:00:00,3.73,3.88,3.58,3.6,5523948
5/1/2013 16:00:00,3.71,3.73,3.53,3.55,2742778
5/2/2013 16:00:00,3.59,3.68,3.58,3.61,3052333
5/3/2013 16:00:00,3.73,3.76,3.63,3.64,3379403
5/6/2013 16:00:00,3.76,3.98,3.7,3.97,4372799
5/7/2013 16:00:00,4.13,4.16,3.67,3.7,9994549
5/8/2013 16:00:00,3.83,3.88,3.71,3.72,6769859
5/9/2013 16:00:00,4.67,5.05,4.25,4.63,28604970
5/10/2013 16:00:00,4.64,5.4,4.62,5.12,25086430
5/13/2013 16:00:00,5.37,5.87,5.28,5.85,22416816
5/14/2013 16:00:00,6.29,6.47,5.41,5.55,37163896
5/15/2013 16:00:00,5.42,5.79,5.21,5.66,16878700
5/16/2013 16:00:00,6.33,6.33,5.91,6.15,21614002
5/17/2013 16:00:00,6.17,6.3,5.83,6.1,19008450
5/20/2013 16:00:00,6.07,6.17,5.91,6,8348331
5/21/2013 16:00:00,5.9,6,5.69,5.84,9001763
5/22/2013 16:00:00,5.76,6.06,5.7,5.82,8573776
5/23/2013 16:00:00,5.67,6.2,5.54,6.18,12044257
5/24/2013 16:00:00,6.16,6.53,6.13,6.47,16124194
5/28/2013 16:00:00,6.8,7.38,6.69,7.36,19691824
5/29/2013 16:00:00,7.59,7.66,6.6,6.98,25099480
5/30/2013 16:00:00,6.83,7.3,6.75,7,16140554
5/31/2013 16:00:00,7.06,7.1,6.52,6.52,15171929
6/3/2013 16:00:00,6.5,6.51,5.88,6.17,19143476
6/4/2013 16:00:00,6.17,6.43,6.16,6.32,8856045
6/5/2013 16:00:00,6.24,6.53,5.94,6.36,12224731
6/6/2013 16:00:00,6.36,6.62,6.34,6.49,9514406
6/7/2013 16:00:00,6.53,6.86,6.45,6.8,10717217
6/10/2013 16:00:00,6.62,6.83,6.57,6.67,9234215
6/11/2013 16:00:00,6.56,6.58,6.27,6.3,7396040
6/12/2013 16:00:00,6.45,6.7,6.38,6.52,9197523
6/13/2013 16:00:00,6.6,6.62,6.34,6.55,5965124
6/14/2013 16:00:00,6.67,6.83,6.62,6.69,6567421
6/17/2013 16:00:00,6.91,6.98,6.75,6.81,7075640
6/18/2013 16:00:00,6.78,6.93,6.61,6.89,8803563
6/19/2013 16:00:00,6.8,7.11,6.8,6.98,8588734
6/20/2013 16:00:00,6.98,7.14,6.63,6.71,10111221
6/21/2013 16:00:00,6.91,6.91,6.5,6.64,11718527
6/24/2013 16:00:00,6.43,6.86,6.35,6.77,7127020
6/25/2013 16:00:00,6.87,6.95,6.7,6.83,5850832
6/26/2013 16:00:00,6.92,7.06,6.84,7.05,6610159
6/27/2013 16:00:00,7.11,7.35,7.08,7.28,8750826
6/28/2013 16:00:00,7.24,7.3,7.11,7.16,5750431
7/1/2013 16:00:00,7.29,7.85,7.28,7.81,10903601
7/2/2013 16:00:00,7.87,8.13,7.7,7.85,12070315
7/3/2013 16:00:00,7.87,7.95,7.62,7.68,4806662
7/5/2013 16:00:00,7.92,8.02,7.71,8.01,6827497
7/8/2013 16:00:00,8.13,8.15,7.92,8.11,7820816
7/9/2013 16:00:00,8.31,8.35,8.13,8.23,8603207
7/10/2013 16:00:00,8.21,8.22,8.05,8.15,5600012
7/11/2013 16:00:00,8.32,8.41,8.16,8.37,7486958
7/12/2013 16:00:00,8.37,8.66,8.3,8.66,11349186
7/15/2013 16:00:00,8.87,8.88,8.45,8.48,9924336
7/16/2013 16:00:00,8.42,8.42,7.15,7.27,32371868
7/17/2013 16:00:00,7.08,8.11,6.97,8.02,26028948
7/18/2013 16:00:00,8.07,8.18,7.75,7.94,11407358
7/19/2013 16:00:00,7.9,8.04,7.77,7.98,5891439
7/22/2013 16:00:00,8.02,8.45,7.99,8.16,9804810
7/23/2013 16:00:00,8.27,8.37,8.12,8.18,7740469
7/24/2013 16:00:00,8.3,8.3,7.97,8.11,6871372
7/25/2013 16:00:00,8.03,8.32,8.01,8.27,5287144
7/26/2013 16:00:00,8.54,8.71,8.44,8.63,9640703
7/29/2013 16:00:00,8.62,9.02,8.55,8.97,9686072
7/30/2013 16:00:00,9,9.17,8.55,8.78,13130267
7/31/2013 16:00:00,8.84,9,8.76,8.95,6351637
8/1/2013 16:00:00,9,9.1,8.84,9.04,5323599
8/2/2013 16:00:00,9,9.22,8.91,9.2,6269838
8/5/2013 16:00:00,9.34,9.66,9.31,9.65,10200629
8/6/2013 16:00:00,9.66,9.72,9.41,9.48,9261092
8/7/2013 16:00:00,9.46,9.46,8.82,8.95,18212138
8/8/2013 16:00:00,10.3,10.59,10.03,10.23,27246764
8/9/2013 16:00:00,10.2,10.4,10.08,10.2,8936029
8/12/2013 16:00:00,9.96,10.03,9.47,9.83,14912175
8/13/2013 16:00:00,9.97,9.99,9.63,9.7,8748863
8/14/2013 16:00:00,9.51,9.66,9.2,9.29,11693743
8/15/2013 16:00:00,9.1,9.57,9,9.31,10188877
8/16/2013 16:00:00,9.47,9.59,9.4,9.47,7108086
8/19/2013 16:00:00,9.56,9.83,9.52,9.66,8037640
8/20/2013 16:00:00,9.92,9.99,9.8,9.97,6418108
8/21/2013 16:00:00,10,10.02,9.75,9.86,6266262
8/22/2013 16:00:00,9.95,10.5,9.88,10.47,10592391
8/23/2013 16:00:00,10.47,10.82,10.33,10.79,12931842
8/26/2013 16:00:00,11.03,11.53,10.68,10.95,24171096
8/27/2013 16:00:00,10.83,11.25,10.73,11.13,17566816
8/28/2013 16:00:00,11.28,11.43,10.88,11.1,14740006
8/29/2013 16:00:00,10.96,11.18,10.83,11.07,9445720
8/30/2013 16:00:00,11.09,11.28,10.93,11.27,11028358
9/3/2013 16:00:00,11.56,11.58,11.09,11.26,12061100
9/4/2013 16:00:00,11.32,11.44,11.04,11.37,11475647
9/5/2013 16:00:00,11.35,11.43,11.22,11.33,6693202
9/6/2013 16:00:00,11.24,11.31,11.01,11.13,8619630
9/9/2013 16:00:00,10.87,10.97,10.57,10.71,14344473
9/10/2013 16:00:00,10.76,11.17,10.71,11.09,8967786
9/11/2013 16:00:00,11.09,11.19,10.81,10.9,5832476
9/12/2013 16:00:00,10.93,11.12,10.7,11,6159993
9/13/2013 16:00:00,10.84,11.09,10.81,11.04,5409888
9/16/2013 16:00:00,11.2,11.39,11.06,11.11,7592598
9/17/2013 16:00:00,11.04,11.23,10.89,11.08,5500719
9/18/2013 16:00:00,11.14,11.16,10.95,11.08,5439615
9/19/2013 16:00:00,11.38,12.03,11.27,11.86,15594568
9/20/2013 16:00:00,11.93,12.39,11.9,12.23,13401689
9/23/2013 16:00:00,12.3,12.37,11.81,12.07,8191841
9/24/2013 16:00:00,11.96,12.33,11.84,12.16,6282431
9/25/2013 16:00:00,12.23,12.42,12.03,12.35,8252621
9/26/2013 16:00:00,12.45,12.65,12.37,12.58,6621592
9/27/2013 16:00:00,12.5,12.75,12.43,12.73,5923881
9/30/2013 16:00:00,12.6,12.97,12.53,12.89,8934541
10/1/2013 16:00:00,12.93,12.95,12.56,12.87,7761429
10/2/2013 16:00:00,12.57,12.79,11.69,12.06,20775410
10/3/2013 16:00:00,11.67,11.98,11.2,11.55,23816504
10/4/2013 16:00:00,11.75,12.08,11.51,12.07,14413965
10/7/2013 16:00:00,12.16,12.45,12.02,12.2,11485579
10/8/2013 16:00:00,12.29,12.4,11.55,11.65,13757218
10/9/2013 16:00:00,11.64,11.67,10.77,11.25,15316481
10/10/2013 16:00:00,11.54,11.72,11.31,11.53,8883910
10/11/2013 16:00:00,11.49,11.95,11.41,11.91,8311086
10/14/2013 16:00:00,11.66,12.17,11.61,11.98,7769630
10/15/2013 16:00:00,12.35,12.59,12.21,12.26,10978536
10/16/2013 16:00:00,12.31,12.49,12.14,12.24,8205367
10/17/2013 16:00:00,12.24,12.32,12.07,12.19,6704968
10/18/2013 16:00:00,12.28,12.4,12.17,12.23,5930815
10/21/2013 16:00:00,12.22,12.23,11.4,11.51,11532131
10/22/2013 16:00:00,11.37,11.85,11.07,11.44,11394675
10/23/2013 16:00:00,11.26,11.45,10.68,10.97,13327739
10/24/2013 16:00:00,11,11.63,10.86,11.54,10825667
10/25/2013 16:00:00,11.61,11.63,11.12,11.31,7595458
10/28/2013 16:00:00,11.35,11.37,10.81,10.86,7841727
10/29/2013 16:00:00,10.85,11.03,10.2,10.96,14111737
10/30/2013 16:00:00,10.98,11.18,10.54,10.61,8401756
10/31/2013 16:00:00,10.38,10.83,10.22,10.66,9340455
11/1/2013 16:00:00,10.87,11.06,10.69,10.81,7180583
11/4/2013 16:00:00,11,11.69,10.95,11.68,13120374
11/5/2013 16:00:00,11.99,12.1,11.42,11.79,22467100
11/6/2013 16:00:00,10.33,10.72,9.76,10.08,31071726
11/7/2013 16:00:00,9.61,9.71,9.17,9.32,22284744
11/8/2013 16:00:00,9.06,9.37,8.82,9.2,22477860
11/11/2013 16:00:00,9.4,9.69,9.14,9.65,13997591
11/12/2013 16:00:00,9.65,9.65,9.08,9.19,14985162
11/13/2013 16:00:00,9.39,9.49,9.09,9.25,12658272
11/14/2013 16:00:00,9.26,9.36,8.94,9.17,12203700
11/15/2013 16:00:00,9.1,9.2,8.96,9.03,9900176
11/18/2013 16:00:00,9.02,9.03,7.97,8.11,23138242
11/19/2013 16:00:00,7.97,8.6,7.95,8.41,19816154
11/20/2013 16:00:00,8.43,8.5,7.94,8.07,13849554
11/21/2013 16:00:00,8.19,8.32,8.02,8.14,11903803
11/22/2013 16:00:00,8.11,8.18,7.86,8.09,11104146
11/25/2013 16:00:00,8.3,8.39,8.02,8.06,10275348
11/26/2013 16:00:00,7.96,8.18,7.74,8.03,13885522
11/27/2013 16:00:00,8.09,8.46,7.97,8.46,12367634
11/29/2013 16:00:00,8.65,8.71,8.47,8.49,9716219
12/2/2013 16:00:00,8.42,8.57,8.26,8.28,7751211
12/3/2013 16:00:00,8.85,9.66,8.77,9.65,25682404
12/4/2013 16:00:00,9.62,9.63,9.14,9.26,13147688
12/5/2013 16:00:00,9.35,9.56,9.3,9.37,9288415
12/6/2013 16:00:00,9.43,9.5,9.09,9.16,7909596
12/9/2013 16:00:00,9.13,9.45,8.95,9.44,9061485
12/10/2013 16:00:00,9.33,9.72,9.32,9.48,10748234
12/11/2013 16:00:00,9.46,9.54,9.3,9.31,7137842
12/12/2013 16:00:00,9.31,9.88,9.24,9.83,10767791
12/13/2013 16:00:00,9.87,10.12,9.82,9.84,10599775
12/16/2013 16:00:00,9.9,10.03,9.74,9.86,6675276
12/17/2013 16:00:00,9.79,10.31,9.75,10.16,10494969
12/18/2013 16:00:00,10.15,10.33,9.73,9.87,11581897
12/19/2013 16:00:00,9.79,9.8,9.27,9.38,12758613
12/20/2013 16:00:00,9.46,9.62,9.44,9.55,7422537
12/23/2013 16:00:00,9.66,9.75,9.51,9.57,5385506
12/24/2013 16:00:00,10,10.33,9.99,10.09,9941485
12/26/2013 16:00:00,10.33,10.53,10.29,10.37,7129526
12/27/2013 16:00:00,10.35,10.37,10.05,10.07,5469064
12/30/2013 16:00:00,10.07,10.32,10.05,10.16,4472076
12/31/2013 16:00:00,10.16,10.21,9.91,10.03,4266710
1/2/2014 16:00:00,9.99,10.17,9.77,10.01,6195355
1/3/2014 16:00:00,10,10.15,9.91,9.97,4698839
1/6/2014 16:00:00,10,10.03,9.68,9.8,5367320
1/7/2014 16:00:00,9.84,10.03,9.68,9.96,5041806
1/8/2014 16:00:00,9.92,10.25,9.92,10.09,6166674
1/9/2014 16:00:00,10.17,10.23,9.79,9.84,5388905
1/10/2014 16:00:00,9.9,9.93,9.48,9.71,7450531
1/13/2014 16:00:00,9.71,9.8,9.19,9.29,6324647
1/14/2014 16:00:00,9.37,10.8,9.11,10.75,27935828
1/15/2014 16:00:00,11.22,11.48,10.81,10.94,20488981
1/16/2014 16:00:00,10.83,11.51,10.83,11.4,11982099
1/17/2014 16:00:00,11.35,11.55,11.2,11.33,9216028
1/21/2014 16:00:00,11.42,11.82,11.39,11.78,9745765
1/22/2014 16:00:00,11.86,12.02,11.65,11.9,7036758
1/23/2014 16:00:00,11.82,12.16,11.56,12.1,7899515
1/24/2014 16:00:00,11.86,12.03,11.57,11.64,7711296
1/27/2014 16:00:00,11.67,11.86,10.98,11.31,8737773
1/28/2014 16:00:00,11.43,11.93,11.4,11.89,6128237
1/29/2014 16:00:00,11.69,11.94,11.54,11.68,5956817
1/30/2014 16:00:00,11.87,12.32,11.8,12.19,8575210
1/31/2014 16:00:00,11.92,12.4,11.9,12.09,6512951
2/3/2014 16:00:00,12.19,12.33,11.68,11.81,6778609
2/4/2014 16:00:00,12,12.11,11.75,11.92,4690883
2/5/2014 16:00:00,11.89,12.04,11.29,11.63,7275952
2/6/2014 16:00:00,11.76,12.01,11.73,11.89,5847953
2/7/2014 16:00:00,12.07,12.44,11.97,12.44,8964054
2/10/2014 16:00:00,12.62,13.29,12.62,13.1,12989286
2/11/2014 16:00:00,13.26,13.48,12.85,13.11,10734472
2/12/2014 16:00:00,13.05,13.22,12.95,13.02,5181313
2/13/2014 16:00:00,12.89,13.51,12.88,13.31,8174049
2/14/2014 16:00:00,13.2,13.46,13.13,13.22,6173462
2/18/2014 16:00:00,13.67,13.73,13.42,13.58,9355871
2/19/2014 16:00:00,13.58,13.58,12.89,12.91,16419899
2/20/2014 16:00:00,14.33,14.35,13.75,14,18022262
2/21/2014 16:00:00,14.08,14.27,13.95,13.97,7828981
2/24/2014 16:00:00,13.91,14.56,13.89,14.51,8303133
2/25/2014 16:00:00,15.33,17.28,15.23,16.53,32797000
2/26/2014 16:00:00,17.24,17.67,16.5,16.87,24771194
2/27/2014 16:00:00,17.43,17.46,16.56,16.84,17970707
2/28/2014 16:00:00,16.67,16.85,16.17,16.32,14612693
3/3/2014 16:00:00,15.79,16.78,15.67,16.7,13109303
3/4/2014 16:00:00,17.23,17.33,16.86,16.99,8765392
3/5/2014 16:00:00,17.11,17.13,16.79,16.84,5946736
3/6/2014 16:00:00,16.94,17.17,16.63,16.86,7374719
3/7/2014 16:00:00,16.86,16.99,16.29,16.41,7818465
3/10/2014 16:00:00,16.18,16.2,15.74,15.92,7745751
3/11/2014 16:00:00,15.74,16.31,15.5,15.63,8836349
3/12/2014 16:00:00,15.41,16.5,15.41,16.1,9763911
3/13/2014 16:00:00,16.25,16.28,15.6,15.85,6236325
3/14/2014 16:00:00,15.69,15.8,15.22,15.4,8289733
3/17/2014 16:00:00,15.67,15.86,15.37,15.6,5912592
3/18/2014 16:00:00,15.8,16.1,15.67,16,6242349
3/19/2014 16:00:00,16.09,16.1,15.57,15.72,5071327
3/20/2014 16:00:00,15.73,15.95,15.56,15.66,3817905
3/21/2014 16:00:00,15.73,15.75,15.17,15.26,8227311
3/24/2014 16:00:00,15.32,15.33,14.02,14.68,11332947
3/25/2014 16:00:00,14.94,15.14,14.53,14.7,7865375
3/26/2014 16:00:00,14.77,14.84,14.09,14.2,6907306
3/27/2014 16:00:00,14.15,14.24,13.53,13.82,9505307
3/28/2014 16:00:00,14.19,14.45,14.02,14.16,9684761
3/31/2014 16:00:00,14.45,14.45,13.76,13.9,8380023
4/1/2014 16:00:00,13.93,14.54,13.91,14.46,7371422
4/2/2014 16:00:00,14.67,15.39,14.54,15.35,10782251
4/3/2014 16:00:00,15.35,15.72,14.8,15.03,10923734
4/4/2014 16:00:00,15.07,15.22,14.08,14.15,11345618
4/7/2014 16:00:00,13.72,14.41,13.57,13.83,9855478
4/8/2014 16:00:00,14,14.43,13.76,14.36,6889296
4/9/2014 16:00:00,14.47,14.56,14.06,14.46,5157923
4/10/2014 16:00:00,14.45,14.5,13.59,13.61,7211492
4/11/2014 16:00:00,13.38,13.8,13.24,13.59,9071300
4/14/2014 16:00:00,13.84,13.9,12.96,13.21,7703031
4/15/2014 16:00:00,13.27,13.29,12.29,12.93,13667071
4/16/2014 16:00:00,13.13,13.33,12.72,13.27,7205319
4/17/2014 16:00:00,13.31,13.49,12.94,13.21,5929506
4/21/2014 16:00:00,13.14,13.75,12.93,13.63,5266490
4/22/2014 16:00:00,13.76,14.62,13.67,14.58,9809333
4/23/2014 16:00:00,14.42,14.45,13.8,13.87,7295609
4/24/2014 16:00:00,14.05,14.19,13.55,13.86,5504768
4/25/2014 16:00:00,13.47,13.78,13.18,13.32,6996658
4/28/2014 16:00:00,13.33,13.59,12.7,13.23,7041983
4/29/2014 16:00:00,13.21,13.81,13.04,13.79,5787369
4/30/2014 16:00:00,13.57,13.88,13.42,13.86,4443453
5/1/2014 16:00:00,13.81,14.27,13.71,13.85,5444670
5/2/2014 16:00:00,13.91,14.09,13.77,14.06,4091394
5/5/2014 16:00:00,13.96,14.51,13.9,14.44,5152343
5/6/2014 16:00:00,14.44,14.58,13.79,13.82,5636725
5/7/2014 16:00:00,13.98,14.01,13.15,13.42,10179291
5/8/2014 16:00:00,12.15,12.96,11.87,11.91,20056591
5/9/2014 16:00:00,12,12.23,11.81,12.15,8495159
5/12/2014 16:00:00,12.26,12.48,11.99,12.31,7004330
5/13/2014 16:00:00,12.26,12.76,12.2,12.68,7097242
5/14/2014 16:00:00,12.6,12.9,12.47,12.71,5414945
5/15/2014 16:00:00,12.67,12.84,12.35,12.57,6046139
5/16/2014 16:00:00,12.6,12.8,12.51,12.77,4489312
5/19/2014 16:00:00,12.71,13.13,12.67,13.07,4571660
5/20/2014 16:00:00,13.13,13.29,12.87,13.02,5553877
5/21/2014 16:00:00,13.07,13.32,12.99,13.3,5290755
5/22/2014 16:00:00,13.33,13.79,13.3,13.66,6216255
5/23/2014 16:00:00,13.64,13.85,13.5,13.82,4010931
5/27/2014 16:00:00,13.9,14.26,13.85,14.1,5346788
5/28/2014 16:00:00,14,14.18,13.68,14.02,5496278
5/29/2014 16:00:00,14.04,14.17,13.85,14.02,3694596
5/30/2014 16:00:00,14.04,14.32,13.8,13.85,5586068
6/2/2014 16:00:00,13.82,13.96,13.44,13.65,4668115
6/3/2014 16:00:00,13.57,13.87,13.51,13.66,3866182
6/4/2014 16:00:00,13.62,13.75,13.36,13.6,3434502
6/5/2014 16:00:00,13.63,13.95,13.6,13.79,4059285
6/6/2014 16:00:00,13.98,14.05,13.81,13.88,3074900
6/9/2014 16:00:00,13.86,14,13.61,13.69,2813066
6/10/2014 16:00:00,13.63,13.8,13.44,13.49,3522336
6/11/2014 16:00:00,13.43,13.67,13.28,13.63,3980491
6/12/2014 16:00:00,13.67,13.99,13.51,13.57,5997144
6/13/2014 16:00:00,13.63,13.79,13.44,13.76,3546789
6/16/2014 16:00:00,13.75,15.03,13.75,14.97,13246352
6/17/2014 16:00:00,14.93,15.7,14.86,15.44,13304907
6/18/2014 16:00:00,15.43,15.45,15.07,15.14,6947053
6/19/2014 16:00:00,15.26,15.69,15.13,15.19,8801907
6/20/2014 16:00:00,15.22,15.42,15.08,15.31,4908077
6/23/2014 16:00:00,15.3,15.93,15.21,15.81,7800189
6/24/2014 16:00:00,15.92,16.13,15.44,15.5,8081109
6/25/2014 16:00:00,15.54,15.84,15.35,15.79,5803257
6/26/2014 16:00:00,15.81,16.03,15.61,15.71,5122972
6/27/2014 16:00:00,15.65,16,15.63,15.94,5638787
6/30/2014 16:00:00,15.97,16.3,15.93,16,4833602
7/1/2014 16:00:00,16.16,16.23,15.91,15.98,4341242
7/2/2014 16:00:00,16.04,16.16,15.14,15.3,8035072
7/3/2014 16:00:00,15.43,15.46,14.93,15.28,5166716
7/7/2014 16:00:00,15.16,15.32,14.69,14.84,5901080
7/8/2014 16:00:00,14.58,14.73,14.28,14.6,7846165
7/9/2014 16:00:00,14.75,14.95,14.61,14.87,4117729
7/10/2014 16:00:00,14.49,14.81,14.4,14.63,4865246
7/11/2014 16:00:00,14.69,14.77,14.51,14.54,3307113
7/14/2014 16:00:00,14.67,15.25,14.36,15.11,7208573
7/15/2014 16:00:00,15.12,15.18,14.54,14.64,5732031
7/16/2014 16:00:00,14.81,14.99,14.45,14.48,4051097
7/17/2014 16:00:00,14.41,14.7,14.24,14.36,4650956
7/18/2014 16:00:00,14.4,14.75,14.4,14.67,4260618
7/21/2014 16:00:00,14.48,14.88,14.45,14.7,3825251
7/22/2014 16:00:00,14.81,14.89,14.61,14.64,2732485
7/23/2014 16:00:00,14.66,14.98,14.63,14.83,3088731
7/24/2014 16:00:00,14.88,15.01,14.72,14.9,3248410
7/25/2014 16:00:00,14.85,15.13,14.78,14.9,3090383
7/28/2014 16:00:00,14.95,15.47,14.76,14.99,6517611
7/29/2014 16:00:00,15.11,15.22,14.99,15,3387187
7/30/2014 16:00:00,14.8,15.31,14.74,15.26,4927823
7/31/2014 16:00:00,15.29,15.43,14.77,14.89,7749058
8/1/2014 16:00:00,15.08,15.83,15.07,15.55,11898133
8/4/2014 16:00:00,15.63,16.03,15.55,15.9,5967406
8/5/2014 16:00:00,15.83,16.2,15.71,15.9,5388581
8/6/2014 16:00:00,15.93,16.76,15.91,16.6,9249265
8/7/2014 16:00:00,16.67,17.11,16.61,16.83,7478926
8/8/2014 16:00:00,16.74,16.78,16.43,16.54,5099061
8/11/2014 16:00:00,17.01,17.58,17,17.29,8101276
8/12/2014 16:00:00,17.21,17.35,16.97,17.33,6390412
8/13/2014 16:00:00,17.47,17.71,17.31,17.35,6932628
8/14/2014 16:00:00,17.5,17.53,17.24,17.43,4126634
8/15/2014 16:00:00,17.46,17.47,17.23,17.47,3867874
8/18/2014 16:00:00,17.55,17.82,17.32,17.33,5849231
8/19/2014 16:00:00,17.26,17.29,16.77,17.12,5340136
8/20/2014 16:00:00,16.97,17.25,16.87,17.05,3027863
8/21/2014 16:00:00,17.1,17.25,16.88,16.96,2919241
8/22/2014 16:00:00,17,17.13,16.84,17.12,2836959
8/25/2014 16:00:00,17.21,17.58,17.21,17.5,4318053
8/26/2014 16:00:00,17.66,17.7,17.44,17.45,3822572
8/27/2014 16:00:00,17.57,17.62,17.35,17.55,2990532
8/28/2014 16:00:00,17.46,17.63,17.44,17.59,2854737
8/29/2014 16:00:00,17.91,18.13,17.83,17.98,6453958
9/2/2014 16:00:00,18.34,18.99,18.29,18.94,9852351
9/3/2014 16:00:00,19.17,19.2,18.67,18.75,6779735
9/4/2014 16:00:00,18.93,19.43,18.69,19.07,8341749
9/5/2014 16:00:00,18.84,18.86,18.17,18.49,11176167
9/8/2014 16:00:00,18.51,18.99,18.5,18.81,5505040
9/9/2014 16:00:00,18.87,19.03,18.47,18.57,4567958
9/10/2014 16:00:00,18.63,18.76,18.24,18.74,3785988
9/11/2014 16:00:00,18.7,18.99,18.58,18.69,3768584
9/12/2014 16:00:00,18.7,18.83,18.47,18.61,3328302
9/15/2014 16:00:00,18.28,18.29,16.61,16.92,16464952
9/16/2014 16:00:00,17.01,17.5,16.83,17.38,8303972
9/17/2014 16:00:00,17.49,17.65,17.3,17.43,5179923
9/18/2014 16:00:00,17.56,17.71,17.49,17.59,3699314
9/19/2014 16:00:00,17.2,17.43,17.02,17.29,6811714
9/22/2014 16:00:00,17,17.07,16.31,16.67,8222963
9/23/2014 16:00:00,16.35,16.92,16.33,16.69,5660048
9/24/2014 16:00:00,16.74,16.86,16.47,16.81,3754376
9/25/2014 16:00:00,16.83,17,16.41,16.46,4843712
9/26/2014 16:00:00,16.55,16.65,16.4,16.44,3798841
9/29/2014 16:00:00,16.27,16.58,16.09,16.35,4854687
9/30/2014 16:00:00,16.46,16.51,16.01,16.18,4248127
10/1/2014 16:00:00,16.15,16.18,15.71,16.02,5946510
10/2/2014 16:00:00,16.68,16.85,16.36,16.76,9002001
10/3/2014 16:00:00,16.87,17.1,16.74,17.01,5408665
10/6/2014 16:00:00,17.28,17.5,17.19,17.37,7719055
10/7/2014 16:00:00,17.23,17.43,17.05,17.3,4491569
10/8/2014 16:00:00,17.35,17.53,16.84,17.29,5062615
10/9/2014 16:00:00,17.48,17.7,16.96,17.13,7361316
10/10/2014 16:00:00,16.31,16.39,15.68,15.79,12898275
10/13/2014 16:00:00,15.91,15.93,14.73,14.97,11276552
10/14/2014 16:00:00,15.22,15.5,14.87,15.14,7112339
10/15/2014 16:00:00,14.67,15.4,14.49,15.31,9151648
10/16/2014 16:00:00,14.64,15.33,14.61,15.09,5404565
10/17/2014 16:00:00,15.56,15.65,15.1,15.17,10551850
10/20/2014 16:00:00,15.11,15.49,15.03,15.36,3499686
10/21/2014 16:00:00,15.62,15.69,15.39,15.69,4130345
10/22/2014 16:00:00,15.55,15.83,15.37,15.41,4123397
10/23/2014 16:00:00,15.64,15.75,15.47,15.69,3499882
10/24/2014 16:00:00,15.76,15.85,15.41,15.68,3466927
10/27/2014 16:00:00,15.62,15.64,14.69,14.78,9553348
10/28/2014 16:00:00,15.31,16.31,15.22,16.18,10516297
10/29/2014 16:00:00,16.08,16.1,15.71,15.87,4967640
10/30/2014 16:00:00,15.87,16.03,15.67,15.91,3228371
10/31/2014 16:00:00,16.17,16.21,15.92,16.11,3775327
11/3/2014 16:00:00,16.2,16.5,16.09,16.17,4207268
11/4/2014 16:00:00,16.03,16.16,15.77,15.93,3682572
11/5/2014 16:00:00,16.09,16.09,15.37,15.4,9045925
11/6/2014 16:00:00,15.65,16.45,15.23,16.08,15354717
11/7/2014 16:00:00,16.15,16.19,15.81,16.01,5161023
11/10/2014 16:00:00,15.94,16.19,15.79,16.13,4577208
11/11/2014 16:00:00,16.15,16.79,16.13,16.74,7952565
11/12/2014 16:00:00,16.64,16.82,16.37,16.61,5870818
11/13/2014 16:00:00,16.7,17.05,16.68,16.78,6236036
11/14/2014 16:00:00,16.67,17.26,16.57,17.25,6101145
11/17/2014 16:00:00,17.17,17.27,16.8,16.93,4025695
11/18/2014 16:00:00,17.06,17.33,17.03,17.18,4474294
11/19/2014 16:00:00,16.71,16.79,16.37,16.52,7918486
11/20/2014 16:00:00,16.53,16.73,16.4,16.58,3587220
11/21/2014 16:00:00,16.81,16.85,16.14,16.19,7485059
11/24/2014 16:00:00,16.34,16.51,16.04,16.45,4789708
11/25/2014 16:00:00,16.49,16.65,16.41,16.54,3159804
11/26/2014 16:00:00,16.56,16.6,16.44,16.56,1981819
11/28/2014 16:00:00,16.36,16.45,16.17,16.3,2119688
12/1/2014 16:00:00,16.08,16.16,15.27,15.44,8619351
12/2/2014 16:00:00,15.64,15.66,15.2,15.43,5887046
12/3/2014 16:00:00,15.08,15.31,15.03,15.29,5307733
12/4/2014 16:00:00,15.25,15.39,15.19,15.22,3879208
12/5/2014 16:00:00,15.25,15.29,14.82,14.91,6063619
12/8/2014 16:00:00,14.77,14.99,14.16,14.29,9225619
12/9/2014 16:00:00,13.96,14.52,13.62,14.46,9431502
12/10/2014 16:00:00,14.28,14.45,13.85,13.99,7314139
12/11/2014 16:00:00,14.04,14.36,13.88,13.93,6694398
12/12/2014 16:00:00,13.65,14.11,13.63,13.8,7173782
12/15/2014 16:00:00,13.95,13.99,13.51,13.6,5218252
12/16/2014 16:00:00,13.38,13.58,13.02,13.19,8426105
12/17/2014 16:00:00,12.87,13.78,12.84,13.72,7367834
12/18/2014 16:00:00,14.15,14.56,14.12,14.55,7483349
12/19/2014 16:00:00,14.68,14.69,14.3,14.62,6910461
12/22/2014 16:00:00,14.67,14.94,14.55,14.84,4806917
12/23/2014 16:00:00,14.92,14.95,14.63,14.73,4513321
12/24/2014 16:00:00,14.65,14.83,14.62,14.82,1333518
12/26/2014 16:00:00,14.77,15.23,14.77,15.19,3327016
12/29/2014 16:00:00,15.13,15.19,14.93,15.05,2811828
12/30/2014 16:00:00,14.93,15.04,14.76,14.82,2903242
12/31/2014 16:00:00,14.87,15.05,14.82,14.83,2402097
1/2/2015 16:00:00,14.84,14.88,14.22,14.62,4764443
1/5/2015 16:00:00,14.3,14.43,13.81,14.01,5368477
1/6/2015 16:00:00,14,14.28,13.61,14.09,6261936
1/7/2015 16:00:00,14.23,14.32,13.99,14.06,2968390
1/8/2015 16:00:00,14.19,14.25,14,14.04,3442509
1/9/2015 16:00:00,13.92,14,13.66,13.78,4668295
1/12/2015 16:00:00,13.54,13.63,13.28,13.48,5950280
1/13/2015 16:00:00,13.55,13.84,13.39,13.62,4477320
1/14/2015 16:00:00,12.39,13.01,12.33,12.85,11551855
1/15/2015 16:00:00,12.97,13.05,12.67,12.79,5216524
1/16/2015 16:00:00,12.71,12.97,12.64,12.87,3603158
1/20/2015 16:00:00,12.92,12.94,12.47,12.8,4503182
1/21/2015 16:00:00,12.64,13.25,12.63,13.1,4153043
1/22/2015 16:00:00,13.13,13.55,13.01,13.44,4116905
1/23/2015 16:00:00,13.35,13.57,13.22,13.42,3442371
1/26/2015 16:00:00,13.43,13.91,13.4,13.77,3234522
1/27/2015 16:00:00,13.63,13.87,13.55,13.73,2781024
1/28/2015 16:00:00,13.75,13.76,13.23,13.29,3149606
1/29/2015 16:00:00,13.41,13.73,13.1,13.68,3548106
1/30/2015 16:00:00,13.59,13.83,13.53,13.57,3006959
2/2/2015 16:00:00,13.6,14.13,13.55,14.06,4149186
2/3/2015 16:00:00,14.21,14.69,14.08,14.56,4826244
2/4/2015 16:00:00,14.55,14.77,14.45,14.57,3305377
2/5/2015 16:00:00,14.66,15.03,14.64,14.73,3522947
2/6/2015 16:00:00,14.8,14.89,14.43,14.49,3243931
2/9/2015 16:00:00,14.36,14.53,14.13,14.5,3472423
2/10/2015 16:00:00,14.5,14.7,14.33,14.42,5390542
2/11/2015 16:00:00,14.15,14.32,13.82,14.19,9769102
2/12/2015 16:00:00,12.9,13.54,12.89,13.53,15649607
2/13/2015 16:00:00,13.53,13.73,13.39,13.58,6191003
2/17/2015 16:00:00,13.51,13.71,13.43,13.62,3979647
2/18/2015 16:00:00,13.6,13.74,13.51,13.63,2713598
2/19/2015 16:00:00,13.67,14.16,13.58,14.11,5154148
2/20/2015 16:00:00,14.05,14.51,13.99,14.47,5982089
2/23/2015 16:00:00,14.33,14.55,13.76,13.82,8499775
2/24/2015 16:00:00,13.82,13.82,13.45,13.61,6603560
2/25/2015 16:00:00,13.66,13.81,13.51,13.58,3909520
2/26/2015 16:00:00,13.6,14.07,13.48,13.81,6472855
2/27/2015 16:00:00,13.8,13.9,13.52,13.56,3882084
3/2/2015 16:00:00,13.51,13.56,13.06,13.16,7922065
3/3/2015 16:00:00,13.12,13.35,13.02,13.3,4432329
3/4/2015 16:00:00,13.27,13.5,13.15,13.5,4221962
3/5/2015 16:00:00,13.52,13.75,13.34,13.38,4877015
3/6/2015 16:00:00,13.28,13.38,12.81,12.93,6712438
3/9/2015 16:00:00,12.96,12.97,12.55,12.73,6736724
3/10/2015 16:00:00,12.56,12.9,12.51,12.69,5579691
3/11/2015 16:00:00,12.74,13.08,12.73,12.92,4974871
3/12/2015 16:00:00,12.92,12.96,12.65,12.74,4149294
3/13/2015 16:00:00,12.59,12.78,12.49,12.58,5434298
3/16/2015 16:00:00,12.8,13.06,12.65,13.05,5628783
3/17/2015 16:00:00,13.02,13.25,12.93,12.98,4894052
3/18/2015 16:00:00,13,13.39,12.87,13.38,4820936
3/19/2015 16:00:00,13.46,13.64,12.97,13.04,8475244
3/20/2015 16:00:00,13.16,13.27,13.04,13.21,4269467
3/23/2015 16:00:00,13.23,13.37,13.16,13.31,2631626
3/24/2015 16:00:00,13.44,13.59,13.32,13.45,3649860
3/25/2015 16:00:00,13.23,13.24,12.85,12.95,5730389
3/26/2015 16:00:00,12.93,12.99,12.65,12.69,4127956
3/27/2015 16:00:00,12.6,12.62,12.09,12.33,8604947
3/30/2015 16:00:00,12.39,12.82,12.12,12.7,10089516
3/31/2015 16:00:00,12.9,12.92,12.56,12.58,5026569
4/1/2015 16:00:00,12.58,12.82,12.4,12.51,3794621
4/2/2015 16:00:00,12.68,12.88,12.67,12.73,5010368
4/6/2015 16:00:00,13.2,13.85,13.17,13.54,12455811
4/7/2015 16:00:00,13.5,13.67,13.41,13.55,4347864
4/8/2015 16:00:00,13.88,14.06,13.72,13.84,6303117
4/9/2015 16:00:00,13.88,14.02,13.74,14.01,3800225
4/10/2015 16:00:00,13.99,14.11,13.93,14.06,4067676
4/13/2015 16:00:00,14.03,14.2,13.94,13.99,3758230
4/14/2015 16:00:00,13.9,13.97,13.7,13.83,3025963
4/15/2015 16:00:00,13.8,13.97,13.77,13.86,1952378
4/16/2015 16:00:00,13.84,13.94,13.75,13.78,1659059
4/17/2015 16:00:00,13.67,13.79,13.57,13.79,2469926
4/20/2015 16:00:00,13.79,13.86,13.59,13.68,2559251
4/21/2015 16:00:00,13.72,14.05,13.62,13.96,3432541
4/22/2015 16:00:00,14.17,14.79,14.11,14.63,7863037
4/23/2015 16:00:00,14.54,14.77,14.48,14.57,4411184
4/24/2015 16:00:00,14.7,14.72,14.53,14.56,2427843
4/27/2015 16:00:00,14.84,15.92,14.8,15.44,11672627
4/28/2015 16:00:00,15.65,15.7,15.2,15.37,6085379
4/29/2015 16:00:00,15.34,15.66,15.18,15.5,3936077
4/30/2015 16:00:00,15.36,15.53,15.01,15.07,3911857
5/1/2015 16:00:00,15.32,15.45,14.69,15.07,5281689
5/4/2015 16:00:00,15.21,15.65,15.14,15.37,4434596
5/5/2015 16:00:00,15.85,15.97,15.28,15.53,5796873
5/6/2015 16:00:00,15.6,15.63,15.21,15.36,5270933
5/7/2015 16:00:00,14.73,15.83,14.68,15.79,9455909
5/8/2015 16:00:00,15.73,15.89,15.58,15.77,4668236
5/11/2015 16:00:00,15.75,16.19,15.69,15.97,5672262
5/12/2015 16:00:00,16.01,16.42,15.88,16.32,6363429
5/13/2015 16:00:00,16.51,16.55,16.15,16.21,5440165
5/14/2015 16:00:00,16.32,16.33,16.08,16.27,2895936
5/15/2015 16:00:00,16.26,16.63,16.17,16.59,4527563
5/18/2015 16:00:00,16.46,16.66,16.4,16.58,3353212
5/19/2015 16:00:00,16.56,16.73,16.41,16.48,3674231
5/20/2015 16:00:00,16.47,16.52,16.09,16.29,3755569
5/21/2015 16:00:00,16.21,16.44,16.16,16.37,1970643
5/22/2015 16:00:00,16.36,16.57,16.33,16.52,2223089
5/26/2015 16:00:00,16.51,16.8,16.43,16.5,3498682
5/27/2015 16:00:00,16.57,16.63,16.37,16.5,3408200
5/28/2015 16:00:00,16.47,16.79,16.34,16.76,3647283
5/29/2015 16:00:00,16.72,16.86,16.63,16.72,3789283
6/1/2015 16:00:00,16.75,16.77,16.5,16.63,2505057
6/2/2015 16:00:00,16.59,16.63,16.42,16.56,2134809
6/3/2015 16:00:00,16.53,16.71,16.47,16.6,1781505
6/4/2015 16:00:00,16.5,16.62,16.38,16.39,2453615
6/5/2015 16:00:00,16.41,16.65,16.38,16.61,3022026
6/8/2015 16:00:00,16.72,17.25,16.69,17.09,5016997
6/9/2015 16:00:00,17.03,17.18,16.94,17.07,2611146
6/10/2015 16:00:00,16.79,16.93,16.57,16.71,3454453
6/11/2015 16:00:00,16.88,16.96,16.7,16.76,2044058
6/12/2015 16:00:00,16.68,16.9,16.68,16.71,1422335
6/15/2015 16:00:00,16.65,16.75,16.4,16.69,2186175
6/16/2015 16:00:00,16.68,16.9,16.61,16.87,1984678
6/17/2015 16:00:00,16.81,17.62,16.8,17.36,5512920
6/18/2015 16:00:00,17.46,17.56,17.33,17.46,2782703
6/19/2015 16:00:00,17.48,17.59,17.34,17.5,2463013
6/22/2015 16:00:00,17.48,17.63,17.05,17.32,4561079
6/23/2015 16:00:00,17.35,17.87,17.24,17.84,3870818
6/24/2015 16:00:00,17.8,17.82,17.58,17.68,2412293
6/25/2015 16:00:00,17.77,18.09,17.68,17.92,2849204
6/26/2015 16:00:00,17.94,17.94,17.73,17.81,3838434
6/29/2015 16:00:00,17.46,17.73,17.38,17.47,3478909
6/30/2015 16:00:00,17.65,18.06,17.6,17.88,3086935
7/1/2015 16:00:00,18.08,18.17,17.86,17.94,2101224
7/2/2015 16:00:00,18.68,18.83,18.22,18.67,7163930
7/6/2015 16:00:00,18.59,18.78,18.42,18.65,4121933
7/7/2015 16:00:00,18.33,18.35,17.38,17.86,6105126
7/8/2015 16:00:00,17.29,17.39,16.95,17,6221077
7/9/2015 16:00:00,17.27,17.53,17.12,17.19,3334077
7/10/2015 16:00:00,17.48,17.53,17.19,17.28,2610858
7/13/2015 16:00:00,17.48,17.5,17.07,17.48,2960319
7/14/2015 16:00:00,17.47,17.73,17.37,17.71,1907641
7/15/2015 16:00:00,17.78,17.83,17.47,17.54,2021621
7/16/2015 16:00:00,17.61,17.81,17.54,17.78,1615961
7/17/2015 16:00:00,18.17,18.37,17.88,18.31,5004099
7/20/2015 16:00:00,18.33,19.11,18.17,18.82,4978454
7/21/2015 16:00:00,18,18.23,17.77,17.78,6108686
7/22/2015 16:00:00,17.42,17.96,17.39,17.86,3104960
7/23/2015 16:00:00,17.98,17.99,17.68,17.81,2227239
7/24/2015 16:00:00,17.83,18.07,17.59,17.69,2836498
7/27/2015 16:00:00,17.5,17.63,16.72,16.87,4694192
7/28/2015 16:00:00,17.05,17.69,16.79,17.65,3895808
7/29/2015 16:00:00,17.62,17.86,17.47,17.59,2790095
7/30/2015 16:00:00,17.51,17.8,17.47,17.79,2034560
7/31/2015 16:00:00,17.84,17.96,17.67,17.74,2222552
8/3/2015 16:00:00,17.75,17.78,17.14,17.33,2553474
8/4/2015 16:00:00,17.33,17.78,17.22,17.75,2352530
8/5/2015 16:00:00,17.57,18.07,17.36,18.01,6214319
8/6/2015 16:00:00,16.64,17,15.74,16.41,14623754
8/7/2015 16:00:00,16.24,16.25,15.89,16.17,5073390
8/10/2015 16:00:00,15.88,16.2,15.74,16.08,4185860
8/11/2015 16:00:00,15.81,15.95,15.63,15.82,4264939
8/12/2015 16:00:00,15.67,15.98,15.52,15.88,3739157
8/13/2015 16:00:00,15.99,16.43,15.94,16.17,4689182
8/14/2015 16:00:00,16.48,16.53,16.12,16.21,4364810
8/17/2015 16:00:00,17.04,17.11,16.7,17,7176690
8/18/2015 16:00:00,17.03,17.4,16.9,17.38,4195035
8/19/2015 16:00:00,17.36,17.38,17,17.02,3604282
8/20/2015 16:00:00,16.8,16.97,16.13,16.15,4905757
8/21/2015 16:00:00,15.73,16.25,15.37,15.38,6590234
8/24/2015 16:00:00,13.52,15.43,13,14.59,9581585
8/25/2015 16:00:00,15.37,15.39,14.61,14.67,4327294
8/26/2015 16:00:00,15.2,15.2,14.37,14.99,4963042
8/27/2015 16:00:00,15.4,16.32,15.39,16.2,7655959
8/28/2015 16:00:00,16.12,16.76,16.1,16.57,5513673
8/31/2015 16:00:00,16.37,17,16.37,16.6,4700232
9/1/2015 16:00:00,16.02,16.4,15.8,15.91,5454765
9/2/2015 16:00:00,16.35,16.53,15.99,16.51,4629174
9/3/2015 16:00:00,16.8,16.81,16.33,16.37,4194772
9/4/2015 16:00:00,16.06,16.27,15.88,16.13,3689153
9/8/2015 16:00:00,16.34,16.61,16.27,16.54,3138231
9/9/2015 16:00:00,16.8,16.95,16.55,16.59,3390788
9/10/2015 16:00:00,16.48,16.71,16.36,16.57,2709024
9/11/2015 16:00:00,16.51,16.68,16.32,16.68,2350844
9/14/2015 16:00:00,16.74,16.95,16.64,16.88,2890851
9/15/2015 16:00:00,16.85,16.97,16.63,16.9,2933466
9/16/2015 16:00:00,16.87,17.53,16.86,17.48,4417081
9/17/2015 16:00:00,17.6,17.7,17.38,17.47,3585812
9/18/2015 16:00:00,17.2,17.59,17.17,17.37,3763064
9/21/2015 16:00:00,17.6,18.1,17.05,17.61,6120155
9/22/2015 16:00:00,17.27,17.51,17.06,17.4,3664353
9/23/2015 16:00:00,17.46,17.47,17.17,17.4,2600778
9/24/2015 16:00:00,17.3,17.56,17.08,17.54,3448191
9/25/2015 16:00:00,17.77,17.79,17.08,17.13,3773392
9/28/2015 16:00:00,17.16,17.32,16.44,16.56,4901057
9/29/2015 16:00:00,16.7,16.98,16.36,16.44,3703154
9/30/2015 16:00:00,16.8,16.83,16.16,16.56,4929582
10/1/2015 16:00:00,16.5,16.57,15.81,15.99,4572964
10/2/2015 16:00:00,15.71,16.51,15.66,16.5,4423982
10/5/2015 16:00:00,16.59,16.66,16.28,16.41,3689865
10/6/2015 16:00:00,16,16.2,15.71,16.1,5235897
10/7/2015 16:00:00,15.78,15.85,15.27,15.46,6813959
10/8/2015 16:00:00,15.34,15.38,14.75,15.11,6133216
10/9/2015 16:00:00,14.73,14.96,14.56,14.71,6158370
10/12/2015 16:00:00,14.87,14.87,14.35,14.37,3836303
10/13/2015 16:00:00,14.22,14.83,14.08,14.62,5171535
10/14/2015 16:00:00,14.71,14.73,14.36,14.46,3104446
10/15/2015 16:00:00,14.43,14.78,14.25,14.75,2844233
10/16/2015 16:00:00,14.87,15.37,14.86,15.13,4334493
10/19/2015 16:00:00,15.1,15.41,15,15.21,2507895
10/20/2015 16:00:00,15.18,15.24,13.47,14.2,14900047
10/21/2015 16:00:00,14.13,14.32,13.92,14.01,4183471
10/22/2015 16:00:00,14.1,14.38,13.96,14.11,2825159
10/23/2015 16:00:00,14.33,14.36,13.85,13.94,4235462
10/26/2015 16:00:00,14.09,14.39,14,14.35,3391438
10/27/2015 16:00:00,14.32,14.47,13.83,14.02,3519449
10/28/2015 16:00:00,14.09,14.23,13.89,14.2,2728593
10/29/2015 16:00:00,14.12,14.25,14.04,14.11,1805032
10/30/2015 16:00:00,14.03,14.11,13.59,13.8,4438901
11/2/2015 16:00:00,13.93,14.39,13.81,14.25,3927944
11/3/2015 16:00:00,14.26,14.3,13.85,13.89,8332486
11/4/2015 16:00:00,15.13,15.52,15.01,15.44,12726366
11/5/2015 16:00:00,15.37,15.64,15.28,15.45,4496843
11/6/2015 16:00:00,15.38,15.56,15.3,15.49,2445293
11/9/2015 16:00:00,15.53,15.53,14.95,15.02,3850860
11/10/2015 16:00:00,14.9,14.91,14.41,14.43,4617007
11/11/2015 16:00:00,14.52,14.63,14.24,14.61,3347806
11/12/2015 16:00:00,14.52,14.6,14.18,14.2,2915900
11/13/2015 16:00:00,14.2,14.2,13.77,13.81,3430327
11/16/2015 16:00:00,13.74,14.33,13.72,14.29,2925395
11/17/2015 16:00:00,14.35,14.4,14.09,14.27,2148679
11/18/2015 16:00:00,14.3,14.76,14.17,14.74,2811900
11/19/2015 16:00:00,14.7,15.08,14.69,14.79,2504375
11/20/2015 16:00:00,14.9,15,14.24,14.67,4400722
11/23/2015 16:00:00,14.49,14.61,14.31,14.52,2526199
11/24/2015 16:00:00,14.36,14.73,14.33,14.55,2480293
11/25/2015 16:00:00,14.76,15.39,14.69,15.31,3990779
11/27/2015 16:00:00,15.4,15.48,15.13,15.44,1949353
11/30/2015 16:00:00,15.45,15.62,15.27,15.35,2659813
12/1/2015 16:00:00,15.4,15.87,15.4,15.81,3733955
12/2/2015 16:00:00,15.8,15.91,15.42,15.47,2981468
12/3/2015 16:00:00,15.7,15.83,15.33,15.51,2939564
12/4/2015 16:00:00,15.5,15.55,15.18,15.36,2573603
12/7/2015 16:00:00,15.18,15.71,15.08,15.41,3144223
12/8/2015 16:00:00,15.17,15.25,14.95,15.11,2687636
12/9/2015 16:00:00,15.11,15.17,14.71,14.97,3057753
12/10/2015 16:00:00,14.98,15.23,14.91,15.14,2071692
12/11/2015 16:00:00,15.02,15.05,14.44,14.47,3268726
12/14/2015 16:00:00,14.5,14.73,14.32,14.57,2831518
12/15/2015 16:00:00,14.79,14.81,14.53,14.74,2244424
12/16/2015 16:00:00,14.81,15.66,14.72,15.63,5104341
12/17/2015 16:00:00,15.6,15.85,15.32,15.56,3298638
12/18/2015 16:00:00,15.53,15.73,15.29,15.36,3014170
12/21/2015 16:00:00,15.45,15.72,15.41,15.5,1953174
12/22/2015 16:00:00,15.67,15.77,15.31,15.33,1961495
12/23/2015 16:00:00,15.48,15.56,15.21,15.31,1554979
12/24/2015 16:00:00,15.37,15.46,15.22,15.37,710277
12/28/2015 16:00:00,15.43,15.47,15.04,15.26,1901304
12/29/2015 16:00:00,15.34,15.85,15.3,15.81,2406290
12/30/2015 16:00:00,15.77,16.24,15.71,15.87,3697921
12/31/2015 16:00:00,15.9,16.23,15.89,16,2715038
1/4/2016 16:00:00,15.38,15.43,14.6,14.89,6827146
1/5/2016 16:00:00,15.09,15.13,14.67,14.9,3186752
1/6/2016 16:00:00,14.67,14.67,14.4,14.6,3779128
1/7/2016 16:00:00,14.28,14.56,14.24,14.38,3554251
1/8/2016 16:00:00,14.52,14.7,14.05,14.07,3628058
1/11/2016 16:00:00,14.27,14.3,13.53,13.86,4091422
1/12/2016 16:00:00,14.11,14.25,13.69,14,3091917
1/13/2016 16:00:00,14.13,14.18,13.33,13.35,4126416
1/14/2016 16:00:00,13.48,14,12.89,13.75,6490741
1/15/2016 16:00:00,13.26,13.67,13.15,13.67,5578640
1/19/2016 16:00:00,13.91,14.03,13.39,13.65,4038676
1/20/2016 16:00:00,13.29,13.42,12.75,13.25,5838608
1/21/2016 16:00:00,13.44,13.55,13,13.33,3166159
1/22/2016 16:00:00,13.65,13.7,13.27,13.5,3124055
1/25/2016 16:00:00,13.34,13.57,13.06,13.09,2698739
1/26/2016 16:00:00,13.11,13.19,12.59,12.9,4964180
1/27/2016 16:00:00,12.83,12.88,12.38,12.54,3617221
1/28/2016 16:00:00,12.72,12.75,12.16,12.65,4592754
1/29/2016 16:00:00,12.66,12.92,12.54,12.75,2852289
2/1/2016 16:00:00,12.58,13.3,12.18,13.13,5297639
2/2/2016 16:00:00,12.83,12.87,12.02,12.19,5773637
2/3/2016 16:00:00,12.24,12.26,11.35,11.57,7931362
2/4/2016 16:00:00,11.38,11.73,11.13,11.69,4385366
2/5/2016 16:00:00,11.42,11.53,10.52,10.84,9437591
2/8/2016 16:00:00,10.47,10.48,9.73,9.87,9312988
2/9/2016 16:00:00,9.49,10.65,9.4,9.88,8651648
2/10/2016 16:00:00,10.03,10.33,9.45,9.58,10406513
2/11/2016 16:00:00,10.13,10.88,9.8,10.03,14252364
2/12/2016 16:00:00,10.33,10.47,9.58,10.07,7235783
2/16/2016 16:00:00,10.58,10.86,10.27,10.34,5593794
2/17/2016 16:00:00,10.6,11.29,10.45,11.25,5825159
2/18/2016 16:00:00,11.49,11.53,10.98,11.12,3887574
2/19/2016 16:00:00,10.91,11.17,10.83,11.11,2959390
2/22/2016 16:00:00,11.34,11.93,11.32,11.85,5060051
2/23/2016 16:00:00,11.74,12.12,11.58,11.81,5984374
2/24/2016 16:00:00,11.52,11.97,11.19,11.93,5395609
2/25/2016 16:00:00,11.91,12.57,11.68,12.5,5750741
2/26/2016 16:00:00,12.58,12.8,12.33,12.69,6065117
2/29/2016 16:00:00,12.83,13.09,12.61,12.8,4498997
3/1/2016 16:00:00,12.95,13.06,12.18,12.42,6712159
3/2/2016 16:00:00,12.25,12.57,12.1,12.56,4862396
3/3/2016 16:00:00,12.55,13.16,12.28,13.05,4829018
3/4/2016 16:00:00,13.2,13.6,13.17,13.4,6489058
3/7/2016 16:00:00,13.18,13.98,13.16,13.69,5337072
3/8/2016 16:00:00,13.57,13.83,13.48,13.51,4178693
3/9/2016 16:00:00,13.63,13.96,13.52,13.91,3208554
3/10/2016 16:00:00,14,14.22,13.38,13.68,5192523
3/11/2016 16:00:00,13.86,13.96,13.69,13.83,3343077
3/14/2016 16:00:00,14.18,14.45,14.04,14.34,4065706
3/15/2016 16:00:00,14.28,14.6,14.1,14.56,3180452
3/16/2016 16:00:00,14.53,14.84,14.47,14.8,3516703
3/17/2016 16:00:00,14.76,15.23,14.67,15.09,1094018
3/18/2016 16:00:00,15.27,15.63,15.2,15.52,4711793
3/21/2016 16:00:00,15.69,15.99,15.67,15.89,5307822
3/22/2016 16:00:00,15.81,15.93,15.5,15.62,4315988
3/23/2016 16:00:00,15.49,15.65,14.8,14.84,4948841
3/24/2016 16:00:00,14.39,15.26,14.33,15.18,4960900
3/28/2016 16:00:00,15.44,15.65,15,15.35,3925685
3/29/2016 16:00:00,15.33,15.49,15.02,15.34,4014330
3/30/2016 16:00:00,15.67,15.7,15.1,15.13,4032982
3/31/2016 16:00:00,15.29,15.83,15,15.32,8012872
4/1/2016 16:00:00,16.32,16.53,15.55,15.84,15997509
4/4/2016 16:00:00,16.61,16.81,16.24,16.47,13475327
4/5/2016 16:00:00,16.03,17.1,16,17.03,9948699
4/6/2016 16:00:00,16.93,17.85,16.9,17.69,11705479
4/7/2016 16:00:00,17.76,17.96,16.97,17.15,8856171
4/8/2016 16:00:00,17.37,17.39,16.53,16.67,7363935
4/11/2016 16:00:00,16.73,17.27,16.35,16.66,9161693
4/12/2016 16:00:00,16.63,16.79,16.24,16.52,5763208
4/13/2016 16:00:00,16.57,17.03,16.49,16.97,4925595
4/14/2016 16:00:00,16.87,17.12,16.74,16.79,4132185
4/15/2016 16:00:00,16.75,16.97,16.61,16.97,3752366
4/18/2016 16:00:00,16.82,17.22,16.78,16.93,4271362
4/19/2016 16:00:00,16.87,16.96,16.08,16.49,6357526
4/20/2016 16:00:00,16.42,16.91,16.1,16.66,5194051
4/21/2016 16:00:00,16.6,16.73,16.46,16.55,2783059
4/22/2016 16:00:00,16.59,16.93,16.38,16.92,3786327
4/25/2016 16:00:00,16.87,17.16,16.72,16.79,3670348
4/26/2016 16:00:00,16.8,17.05,16.63,16.92,3223839
4/27/2016 16:00:00,16.85,17,16.63,16.76,3205808
4/28/2016 16:00:00,16.66,16.9,16.5,16.51,2518990
4/29/2016 16:00:00,16.54,16.56,15.85,16.05,5413787
5/2/2016 16:00:00,16.1,16.21,15.65,16.12,3843935
5/3/2016 16:00:00,15.82,15.93,15.44,15.49,4302222
5/4/2016 16:00:00,15.35,15.63,14.69,14.84,8700459
5/5/2016 16:00:00,15.23,15.24,13.99,14.1,11254827
5/6/2016 16:00:00,14.06,14.42,13.87,14.33,5685237
5/9/2016 16:00:00,14.38,14.41,13.79,13.93,4776383
5/10/2016 16:00:00,13.84,13.96,13.67,13.91,4070617
5/11/2016 16:00:00,13.84,14.37,13.74,13.93,5161864
5/12/2016 16:00:00,14.1,14.11,13.58,13.82,3650475
5/13/2016 16:00:00,13.85,14.08,13.78,13.84,2822781
5/16/2016 16:00:00,13.88,14.21,13.86,13.89,2949396
5/17/2016 16:00:00,13.94,13.99,13.6,13.64,2843597
5/18/2016 16:00:00,13.94,14.35,13.85,14.08,5617519
5/19/2016 16:00:00,14.24,14.45,13.82,14.35,6866321
5/20/2016 16:00:00,14.47,14.7,14.42,14.69,9007076
5/23/2016 16:00:00,14.66,14.84,14.39,14.41,5102479
5/24/2016 16:00:00,14.44,14.58,14.35,14.53,3013843
5/25/2016 16:00:00,14.53,14.76,14.43,14.64,3132615
5/26/2016 16:00:00,14.7,15.02,14.6,15.01,4072424
5/27/2016 16:00:00,15,15.06,14.72,14.87,3650272
5/31/2016 16:00:00,14.87,14.98,14.77,14.88,2789002
6/1/2016 16:00:00,14.77,14.83,14.46,14.64,2982695
6/2/2016 16:00:00,14.64,14.66,14.47,14.6,2032832
6/3/2016 16:00:00,14.67,14.8,14.53,14.6,2228970
6/6/2016 16:00:00,14.53,14.73,14.36,14.71,2249508
6/7/2016 16:00:00,14.82,15.63,14.77,15.49,6213573
6/8/2016 16:00:00,15.59,16.06,15.51,15.7,5971995
6/9/2016 16:00:00,15.67,15.69,15.14,15.29,4492075
6/10/2016 16:00:00,15.16,15.2,14.56,14.59,6026603
6/13/2016 16:00:00,14.63,15.05,14.51,14.52,4193022
6/14/2016 16:00:00,14.59,14.81,14.17,14.33,3580167
6/15/2016 16:00:00,14.46,14.79,14.34,14.51,2908522
6/16/2016 16:00:00,14.49,14.54,14.23,14.53,2440259
6/17/2016 16:00:00,14.52,14.67,14.3,14.36,3112620
6/20/2016 16:00:00,14.63,14.92,14.55,14.65,3555471
6/21/2016 16:00:00,14.71,14.84,14.59,14.64,4529005
6/22/2016 16:00:00,13.3,13.73,13.05,13.11,23742414
6/23/2016 16:00:00,13.05,13.17,12.81,13.09,10130748
6/24/2016 16:00:00,12.67,13.01,12.65,12.88,7026516
6/27/2016 16:00:00,12.72,13.25,12.52,13.24,7220323
6/28/2016 16:00:00,13.46,13.6,13.29,13.45,6212422
6/29/2016 16:00:00,13.68,14.12,13.53,14.01,5994908
6/30/2016 16:00:00,14.2,14.23,13.93,14.15,4843111
7/1/2016 16:00:00,13.74,14.55,13.73,14.43,5399951
7/5/2016 16:00:00,13.98,14.3,13.87,14.27,5175345
7/6/2016 16:00:00,14,14.35,13.93,14.3,4919855
7/7/2016 16:00:00,14.21,14.54,14.2,14.4,3612022
7/8/2016 16:00:00,14.52,14.65,14.3,14.45,4074785
7/11/2016 16:00:00,14.66,15.12,14.63,14.99,5429823
7/12/2016 16:00:00,14.94,15.17,14.88,14.98,4576165
7/13/2016 16:00:00,15.03,15.04,14.69,14.84,3567062
7/14/2016 16:00:00,14.87,15,14.74,14.77,2675834
7/15/2016 16:00:00,14.83,14.85,14.64,14.69,2234247
7/18/2016 16:00:00,14.64,15.14,14.55,15.08,3412055
7/19/2016 16:00:00,15,15.27,14.98,15.02,3115065
7/20/2016 16:00:00,15.1,15.32,15,15.22,2568498
7/21/2016 16:00:00,15.07,15.19,14.61,14.7,4428651
7/22/2016 16:00:00,14.8,14.97,14.59,14.82,2579692
7/25/2016 16:00:00,14.82,15.43,14.76,15.33,4490683
7/26/2016 16:00:00,15.18,15.33,15.02,15.3,3430042
7/27/2016 16:00:00,15.29,15.56,15.13,15.23,2889007
7/28/2016 16:00:00,15.2,15.38,15.11,15.37,2419059
7/29/2016 16:00:00,15.38,15.69,15.35,15.65,3070813
8/1/2016 16:00:00,15.7,15.78,15.29,15.33,4016284
8/2/2016 16:00:00,15.29,15.32,14.76,15.15,3934432
8/3/2016 16:00:00,15.16,15.31,14.95,15.05,3887759
8/4/2016 16:00:00,15.05,15.39,14.8,15.37,4146997
8/5/2016 16:00:00,15.33,15.47,15.16,15.34,3205215
8/8/2016 16:00:00,15.2,15.31,15.07,15.08,2263584
8/9/2016 16:00:00,15.12,15.44,15.11,15.27,2207833
8/10/2016 16:00:00,15.22,15.32,14.97,15.04,2338301
8/11/2016 16:00:00,15.08,15.17,14.89,14.99,1880936
8/12/2016 16:00:00,15.03,15.11,14.94,15.04,1813540
8/15/2016 16:00:00,15.07,15.3,15,15.04,2034328
8/16/2016 16:00:00,15.03,15.15,14.89,14.91,2267147
8/17/2016 16:00:00,14.96,14.99,14.85,14.88,1787127
8/18/2016 16:00:00,14.92,15.04,14.82,14.9,1714467
8/19/2016 16:00:00,14.9,15.01,14.84,15,1659530
8/22/2016 16:00:00,14.94,15.01,14.85,14.86,2065493
8/23/2016 16:00:00,14.95,15.23,14.85,14.99,4784418
8/24/2016 16:00:00,15.14,15.14,14.81,14.84,2570693
8/25/2016 16:00:00,14.87,14.92,14.72,14.73,1762519
8/26/2016 16:00:00,14.81,14.86,14.59,14.67,2238992
8/29/2016 16:00:00,14.68,14.69,14.33,14.35,3266334
8/30/2016 16:00:00,14.41,14.41,14.03,14.09,3168862
8/31/2016 16:00:00,14.03,14.17,13.91,14.13,3276548
9/1/2016 16:00:00,13.93,14.07,13.37,13.38,7943138
9/2/2016 16:00:00,13.49,13.55,13.08,13.19,5977413
9/6/2016 16:00:00,13.27,13.55,13.27,13.52,4390572
9/7/2016 16:00:00,13.7,13.77,13.38,13.45,3640923
9/8/2016 16:00:00,13.3,13.33,13.09,13.16,3377946
9/9/2016 16:00:00,13.27,13.33,12.91,12.96,3756992
9/12/2016 16:00:00,13,13.42,12.94,13.22,3715161
9/13/2016 16:00:00,13.14,13.23,12.9,13.07,3589379
9/14/2016 16:00:00,13.05,13.19,12.99,13.09,2259231
9/15/2016 16:00:00,13.1,13.5,13.09,13.36,3085115
9/16/2016 16:00:00,13.36,13.71,13.27,13.69,3107808
9/19/2016 16:00:00,13.8,13.96,13.67,13.76,2299498
9/20/2016 16:00:00,13.79,13.85,13.59,13.64,2410488
9/21/2016 16:00:00,13.76,13.8,13.44,13.68,2633503
9/22/2016 16:00:00,13.76,13.82,13.53,13.76,2382902
9/23/2016 16:00:00,13.73,14.01,13.71,13.83,2905229
9/26/2016 16:00:00,13.77,14.07,13.77,13.93,2394358
9/27/2016 16:00:00,13.98,14,13.64,13.72,3373180
9/28/2016 16:00:00,13.83,13.88,13.68,13.75,2088374
9/29/2016 16:00:00,13.71,13.82,13.37,13.38,2727029
9/30/2016 16:00:00,13.48,13.67,13.3,13.6,2586273
10/3/2016 16:00:00,14.15,14.38,13.88,14.25,5999892
10/4/2016 16:00:00,14.21,14.22,13.92,14.09,3541481
10/5/2016 16:00:00,14.15,14.21,13.87,13.9,1877534
10/6/2016 16:00:00,13.5,13.61,13.35,13.4,4703402
10/7/2016 16:00:00,13.4,13.42,13.05,13.11,3493018
10/10/2016 16:00:00,13.42,13.61,13.31,13.4,3316297
10/11/2016 16:00:00,13.46,13.48,13.22,13.34,2328422
10/12/2016 16:00:00,13.4,13.59,13.36,13.43,1970689
10/13/2016 16:00:00,13.37,13.39,13.14,13.35,2495413
10/14/2016 16:00:00,13.38,13.43,13.09,13.1,4269850
10/17/2016 16:00:00,13.14,13.23,12.8,12.93,4554080
10/18/2016 16:00:00,13.07,13.3,12.88,13.27,5680475
10/19/2016 16:00:00,13.32,13.78,13.2,13.57,6991183
10/20/2016 16:00:00,13.47,13.53,13.14,13.27,5072877
10/21/2016 16:00:00,13.24,13.44,13.16,13.34,2943402
10/24/2016 16:00:00,13.4,13.6,13.35,13.52,2751562
10/25/2016 16:00:00,13.53,13.65,13.41,13.49,2445014
10/26/2016 16:00:00,13.4,13.55,13.34,13.48,5632841
10/27/2016 16:00:00,14.09,14.25,13.44,13.6,13093744
10/28/2016 16:00:00,13.6,13.69,13.32,13.33,4280141
10/31/2016 16:00:00,13.5,13.5,13.05,13.18,4692273
11/1/2016 16:00:00,13.2,13.23,12.54,12.72,7060036
11/2/2016 16:00:00,12.67,12.85,12.5,12.53,4253382
11/3/2016 16:00:00,12.6,12.76,12.47,12.49,2653023
11/4/2016 16:00:00,12.6,12.9,12.4,12.7,5146043
11/7/2016 16:00:00,12.91,12.95,12.67,12.88,3870112
11/8/2016 16:00:00,12.92,13.17,12.75,13,3267580
11/9/2016 16:00:00,12.46,12.8,12.26,12.67,8173065
11/10/2016 16:00:00,12.74,12.77,12.03,12.36,6750341
11/11/2016 16:00:00,12.28,12.59,12.2,12.57,3988504
11/14/2016 16:00:00,12.53,12.55,11.88,12.1,6552205
11/15/2016 16:00:00,12.19,12.43,12.14,12.25,3902018
11/16/2016 16:00:00,12.18,12.32,12.08,12.26,3434437
11/17/2016 16:00:00,12.23,12.63,12.14,12.58,4887067
11/18/2016 16:00:00,12.71,12.87,12.33,12.33,5210347
11/21/2016 16:00:00,12.34,12.59,12.29,12.3,4361043
11/22/2016 16:00:00,12.39,12.76,12.25,12.74,5603361
11/23/2016 16:00:00,12.71,13.04,12.6,12.88,4891893
11/25/2016 16:00:00,12.91,13.15,12.91,13.11,2366098
11/28/2016 16:00:00,13.03,13.29,12.97,13.07,4529182
11/29/2016 16:00:00,13.04,13.12,12.63,12.64,4439256
11/30/2016 16:00:00,12.73,12.79,12.5,12.63,3547104
12/1/2016 16:00:00,12.55,12.57,12.07,12.13,5126401
12/2/2016 16:00:00,12.19,12.33,12,12.1,4042324
12/5/2016 16:00:00,12.17,12.59,12.17,12.45,4072239
12/6/2016 16:00:00,12.37,12.44,12.18,12.39,3391622
12/7/2016 16:00:00,12.41,12.89,12.33,12.88,5461851
12/8/2016 16:00:00,12.8,12.83,12.64,12.82,3194148
12/9/2016 16:00:00,12.72,12.92,12.72,12.81,2722505
12/12/2016 16:00:00,12.85,12.96,12.74,12.83,2438876
12/13/2016 16:00:00,12.88,13.42,12.87,13.21,6823884
12/14/2016 16:00:00,13.25,13.53,13.12,13.25,4150927
12/15/2016 16:00:00,13.23,13.38,13.16,13.17,3219567
12/16/2016 16:00:00,13.21,13.51,13.17,13.5,3796889
12/19/2016 16:00:00,13.5,13.63,13.32,13.52,3488071
12/20/2016 16:00:00,13.54,13.93,13.5,13.92,4689071
12/21/2016 16:00:00,13.9,14.15,13.83,13.85,5207622
12/22/2016 16:00:00,13.88,14,13.77,13.9,3111108
12/23/2016 16:00:00,13.87,14.23,13.85,14.22,4670464
12/27/2016 16:00:00,14.33,14.82,14.29,14.64,5915732
12/28/2016 16:00:00,14.77,14.92,14.48,14.65,3782456
12/29/2016 16:00:00,14.57,14.61,14.27,14.31,4044968
12/30/2016 16:00:00,14.42,14.5,14.11,14.25,4642620
1/3/2017 16:00:00,14.32,14.69,14.06,14.47,5923254
1/4/2017 16:00:00,14.32,15.2,14.29,15.13,11213471
1/5/2017 16:00:00,15.09,15.17,14.8,15.12,5911695
1/6/2017 16:00:00,15.13,15.35,15.03,15.27,5527893
1/9/2017 16:00:00,15.26,15.46,15.2,15.42,3979484
1/10/2017 16:00:00,15.47,15.47,15.13,15.32,3659955
1/11/2017 16:00:00,15.27,15.33,15.11,15.32,3650825
1/12/2017 16:00:00,15.27,15.38,15.04,15.31,3790229
1/13/2017 16:00:00,15.33,15.86,15.31,15.85,6092960
1/17/2017 16:00:00,15.78,16,15.62,15.71,4617522
1/18/2017 16:00:00,15.78,15.98,15.71,15.89,3768967
1/19/2017 16:00:00,16.48,16.58,16.05,16.25,7732303
1/20/2017 16:00:00,16.36,16.4,16.2,16.32,4204275
1/23/2017 16:00:00,16.39,16.73,16.37,16.59,6262938
1/24/2017 16:00:00,16.67,16.99,16.64,16.97,4965451
1/25/2017 16:00:00,17.15,17.23,16.79,16.96,5146361
1/26/2017 16:00:00,16.95,17.05,16.72,16.83,3152123
1/27/2017 16:00:00,16.76,16.87,16.57,16.86,3166336
1/30/2017 16:00:00,16.84,17.02,16.47,16.71,3801074
1/31/2017 16:00:00,16.62,17.06,16.51,16.8,4116104
2/1/2017 16:00:00,16.87,16.88,16.6,16.62,3958829
2/2/2017 16:00:00,16.56,16.83,16.51,16.77,2499775
2/3/2017 16:00:00,16.79,16.81,16.65,16.76,2186723
2/6/2017 16:00:00,16.73,17.19,16.71,17.18,3562517
2/7/2017 16:00:00,17.21,17.33,17.09,17.17,4244775
2/8/2017 16:00:00,17.16,17.56,17.08,17.47,3933014
2/9/2017 16:00:00,17.75,18.08,17.74,17.95,7820222
2/10/2017 16:00:00,17.99,18.06,17.74,17.95,3619739
2/13/2017 16:00:00,18.05,18.72,18.03,18.71,7029605
2/14/2017 16:00:00,18.6,19.16,18.57,18.73,7345224
2/15/2017 16:00:00,18.67,18.82,18.43,18.65,4947856
2/16/2017 16:00:00,18.51,18.67,17.9,17.93,7077322
2/17/2017 16:00:00,17.72,18.19,17.61,18.15,6257149
2/21/2017 16:00:00,18.36,18.76,18.27,18.49,5676747
2/22/2017 16:00:00,18.69,18.9,18.17,18.23,8754975
2/23/2017 16:00:00,17.6,17.64,17.04,17.07,14915249
2/24/2017 16:00:00,16.84,17.22,16.68,17.13,8171626
2/27/2017 16:00:00,16.54,16.56,16.13,16.42,11460810
2/28/2017 16:00:00,16.28,16.73,16.26,16.67,6078145
3/1/2017 16:00:00,16.95,16.99,16.61,16.67,4809488
3/2/2017 16:00:00,16.65,16.89,16.55,16.7,3351833
3/3/2017 16:00:00,16.72,16.79,16.6,16.77,2929234
3/6/2017 16:00:00,16.53,16.78,16.5,16.75,3355500
3/7/2017 16:00:00,16.79,16.93,16.55,16.57,3459470
3/8/2017 16:00:00,16.47,16.67,16.35,16.46,3728649
3/9/2017 16:00:00,16.51,16.58,16.2,16.33,3879293
3/10/2017 16:00:00,16.41,16.43,16.2,16.25,3066272
3/13/2017 16:00:00,16.29,16.46,16.19,16.41,3022625
3/14/2017 16:00:00,16.41,17.21,16.4,17.2,7598446
3/15/2017 16:00:00,17.13,17.4,16.95,17.05,5330806
3/16/2017 16:00:00,17.49,17.72,17.27,17.47,7132153
3/17/2017 16:00:00,17.6,17.69,17.41,17.43,6497496
3/20/2017 16:00:00,17.37,17.64,17.25,17.46,3614294
3/21/2017 16:00:00,17.52,17.65,16.68,16.71,6908554
3/22/2017 16:00:00,16.77,17,16.7,17,4059297
3/23/2017 16:00:00,17.03,17.18,16.89,16.99,3320245
3/24/2017 16:00:00,17.05,17.59,17,17.54,5647253
3/27/2017 16:00:00,17.37,18.04,17.32,18.01,6230795
3/28/2017 16:00:00,18.47,18.71,18.33,18.5,7987604
3/29/2017 16:00:00,18.56,18.64,18.37,18.49,3676157
3/30/2017 16:00:00,18.54,18.8,18.48,18.53,4148426
3/31/2017 16:00:00,18.58,18.65,18.42,18.55,3294640
4/3/2017 16:00:00,19.13,19.93,18.97,19.9,13888618
4/4/2017 16:00:00,19.79,20.32,19.64,20.25,10134556
4/5/2017 16:00:00,20.14,20.33,19.61,19.67,7880938
4/6/2017 16:00:00,19.79,20.13,19.61,19.91,5520588
4/7/2017 16:00:00,19.83,20.18,19.81,20.17,4579613
4/10/2017 16:00:00,20.61,20.92,20.58,20.83,7664458
4/11/2017 16:00:00,20.89,20.9,20.37,20.58,5724577
4/12/2017 16:00:00,20.42,20.56,19.75,19.79,6050682
4/13/2017 16:00:00,19.78,20.49,19.69,20.27,9284634
4/17/2017 16:00:00,20.18,20.27,19.91,20.1,4138736
4/18/2017 16:00:00,19.98,20.06,19.86,20.02,3035698
4/19/2017 16:00:00,20.16,20.44,20.14,20.37,3898024
4/20/2017 16:00:00,20.43,20.61,20.02,20.17,6149352
4/21/2017 16:00:00,20.13,20.43,20.03,20.37,4509756
4/24/2017 16:00:00,20.61,20.7,20.4,20.54,5083505
4/25/2017 16:00:00,20.53,20.93,20.39,20.92,6737708
4/26/2017 16:00:00,20.82,20.97,20.6,20.68,4695044
4/27/2017 16:00:00,20.78,20.87,20.5,20.58,3468569
4/28/2017 16:00:00,20.66,20.99,20.53,20.94,4505478
5/1/2017 16:00:00,20.99,21.82,20.99,21.52,8829565
5/2/2017 16:00:00,21.6,21.84,21.1,21.26,5382777
5/3/2017 16:00:00,21.18,21.44,20.7,20.73,7133365
5/4/2017 16:00:00,20.5,20.52,19.38,19.7,14152008
5/5/2017 16:00:00,19.87,20.57,19.79,20.56,8177347
5/8/2017 16:00:00,20.73,20.92,20.39,20.48,7006471
5/9/2017 16:00:00,20.63,21.47,20.61,21.42,9676537
5/10/2017 16:00:00,21.44,21.7,21.21,21.68,5741607
5/11/2017 16:00:00,21.56,21.73,21.31,21.54,4753819
5/12/2017 16:00:00,21.7,21.8,21.44,21.65,4121612
5/15/2017 16:00:00,21.23,21.35,20.84,21.06,7622004
5/16/2017 16:00:00,21.17,21.34,21.01,21.13,4152484
5/17/2017 16:00:00,20.96,20.98,20.37,20.41,6711940
5/18/2017 16:00:00,20.47,20.93,20.35,20.87,5653801
5/19/2017 16:00:00,21.03,21.1,20.68,20.72,4687572
5/22/2017 16:00:00,20.85,20.96,20.45,20.69,4329178
5/23/2017 16:00:00,20.7,20.72,20.23,20.26,4318354
5/24/2017 16:00:00,20.43,20.73,20.36,20.68,5041692
5/25/2017 16:00:00,20.73,21.13,20.52,21.12,5013963
5/26/2017 16:00:00,21.15,21.7,21.09,21.68,7802199
5/30/2017 16:00:00,21.73,22.42,21.72,22.34,7782916
5/31/2017 16:00:00,22.51,22.86,22.34,22.73,9963444
6/1/2017 16:00:00,22.93,22.99,22.49,22.69,7607996
6/2/2017 16:00:00,22.65,22.86,22.4,22.66,5590239
6/5/2017 16:00:00,22.57,23.23,22.28,23.15,6784368
6/6/2017 16:00:00,22.98,23.97,22.66,23.52,11086798
6/7/2017 16:00:00,23.76,24.03,23.68,23.98,9397959
6/8/2017 16:00:00,24.25,24.79,24.01,24.67,9061496
6/9/2017 16:00:00,24.96,25.12,23.65,23.82,17261435
6/12/2017 16:00:00,23.87,24.3,23.37,23.93,10517660
6/13/2017 16:00:00,24.51,25.07,24.44,25.06,11807920
6/14/2017 16:00:00,25.41,25.62,25.09,25.38,12818429
6/15/2017 16:00:00,24.83,25.03,24.43,25.02,10426469
6/16/2017 16:00:00,25.2,25.2,24.67,24.76,6730973
6/19/2017 16:00:00,25,25.11,24.52,24.65,6549332
6/20/2017 16:00:00,25.11,25.26,24.65,24.82,7438701
6/21/2017 16:00:00,24.96,25.13,24.53,25.09,4923210
6/22/2017 16:00:00,25.2,25.67,24.9,25.51,7529778
6/23/2017 16:00:00,25.5,25.8,25.29,25.56,6445758
6/26/2017 16:00:00,25.78,25.8,24.87,25.17,6604099
6/27/2017 16:00:00,25.09,25.09,24.13,24.16,6996399
6/28/2017 16:00:00,24.45,24.78,24.17,24.75,6302463
6/29/2017 16:00:00,24.71,24.73,23.61,24.05,8221038
6/30/2017 16:00:00,24.25,24.45,23.97,24.11,5848521
7/3/2017 16:00:00,24.68,24.76,23.43,23.51,6305401
7/5/2017 16:00:00,23.15,23.15,21.76,21.81,17046701
7/6/2017 16:00:00,21.15,21.39,20.42,20.59,19324495
7/7/2017 16:00:00,20.9,21.13,20.49,20.88,14176915
7/10/2017 16:00:00,20.86,21.2,20.21,21.07,13820889
7/11/2017 16:00:00,21.07,21.82,20.95,21.81,11559402
7/12/2017 16:00:00,22.03,22.21,21.63,21.97,10346127
7/13/2017 16:00:00,22.01,22.11,21.33,21.56,8594466
7/14/2017 16:00:00,21.55,21.89,21.41,21.85,5625211
7/17/2017 16:00:00,21.7,21.81,20.9,21.3,9876912
7/18/2017 16:00:00,21.17,21.94,21.04,21.88,6373720
7/19/2017 16:00:00,21.88,22.11,21.55,21.68,6357014
7/20/2017 16:00:00,21.79,22.01,21.61,21.99,5166188
7/21/2017 16:00:00,21.96,22.08,21.72,21.89,4901606
7/24/2017 16:00:00,22.02,22.89,22,22.83,8637082
7/25/2017 16:00:00,23,23.04,22.28,22.64,6989197
7/26/2017 16:00:00,22.69,23.03,22.54,22.92,4820790
7/27/2017 16:00:00,23.07,23.17,21.75,22.3,8302405
7/28/2017 16:00:00,22.46,22.64,22.17,22.34,4880414
7/31/2017 16:00:00,22.37,22.77,21.4,21.56,8535136
8/1/2017 16:00:00,21.53,21.63,21.08,21.3,8303102
8/2/2017 16:00:00,21.26,21.81,20.75,21.73,13091462
8/3/2017 16:00:00,23.02,23.33,22.88,23.14,13535033
8/4/2017 16:00:00,23.13,23.82,22.89,23.79,9268909
8/7/2017 16:00:00,23.82,23.97,23.52,23.68,6324480
8/8/2017 16:00:00,23.84,24.57,23.83,24.35,7449837
8/9/2017 16:00:00,24.07,24.67,23.93,24.24,6892096
8/10/2017 16:00:00,24.11,24.44,23.64,23.69,7092858
8/11/2017 16:00:00,23.8,24.08,23.57,23.86,4365783
8/14/2017 16:00:00,24.31,24.51,24.17,24.25,4519186
8/15/2017 16:00:00,24.35,24.37,23.96,24.16,3085088
8/16/2017 16:00:00,24.2,24.43,24.17,24.19,3413773
8/17/2017 16:00:00,24.08,24.22,23.44,23.46,5027660
8/18/2017 16:00:00,23.53,23.6,23.05,23.16,5408183
8/21/2017 16:00:00,23.05,23.05,22.12,22.52,6495424
8/22/2017 16:00:00,22.74,22.82,22.49,22.76,4321966
8/23/2017 16:00:00,22.6,23.57,22.55,23.52,4954504
8/24/2017 16:00:00,23.5,23.78,23.32,23.53,4584687
8/25/2017 16:00:00,23.62,23.71,23.15,23.2,3483956
8/28/2017 16:00:00,23.15,23.16,22.65,23.04,3763956
8/29/2017 16:00:00,22.63,23.27,22.58,23.16,4073675
8/30/2017 16:00:00,23.31,23.56,23.13,23.55,3412943
8/31/2017 16:00:00,23.57,23.9,23.52,23.73,4072795
9/1/2017 16:00:00,23.74,23.84,23.58,23.69,3049546
9/5/2017 16:00:00,23.59,23.7,23.06,23.31,3848382
9/6/2017 16:00:00,23.3,23.4,22.77,22.97,4091351
9/7/2017 16:00:00,23.07,23.5,22.9,23.37,4239213
9/8/2017 16:00:00,23.27,23.32,22.82,22.89,3263508
9/11/2017 16:00:00,23.42,24.25,23.33,24.25,7667055
9/12/2017 16:00:00,24.3,24.58,24.03,24.18,5972907
9/13/2017 16:00:00,24.25,24.54,23.97,24.42,4185231
9/14/2017 16:00:00,24.29,25.2,24.18,25.18,7202524
9/15/2017 16:00:00,24.97,25.33,24.85,25.32,5420496
9/18/2017 16:00:00,25.35,25.97,25.18,25.67,7187980
9/19/2017 16:00:00,25.33,25.49,24.9,25.01,6451886
9/20/2017 16:00:00,24.87,25.22,24.74,24.93,4919052
9/21/2017 16:00:00,24.99,25.12,24.3,24.43,4618190
9/22/2017 16:00:00,24.43,24.66,23.39,23.41,8159418
9/25/2017 16:00:00,23.54,23.83,22.86,23,7605946
9/26/2017 16:00:00,23.4,23.42,22.73,23.02,7156274
9/27/2017 16:00:00,23.33,23.43,22.7,22.73,6060330
9/28/2017 16:00:00,22.66,22.85,22.36,22.64,5319617
9/29/2017 16:00:00,22.79,22.98,22.57,22.74,5107082
10/2/2017 16:00:00,22.83,22.91,22.37,22.77,5286774
10/3/2017 16:00:00,22.39,23.24,22.09,23.21,10153596
10/4/2017 16:00:00,23.42,23.91,23.31,23.67,8163543
10/5/2017 16:00:00,23.73,23.83,23.42,23.69,4171675
10/6/2017 16:00:00,23.54,24.01,23.48,23.79,4297474
10/9/2017 16:00:00,23.31,23.45,22.84,22.86,7493654
10/10/2017 16:00:00,23.12,23.71,23.04,23.71,6978495
10/11/2017 16:00:00,23.59,23.84,23.41,23.64,4500831
10/12/2017 16:00:00,23.53,23.99,23.51,23.71,4087048
10/13/2017 16:00:00,23.8,23.9,23.58,23.7,3540533
10/16/2017 16:00:00,23.58,23.63,23.14,23.37,5375486
10/17/2017 16:00:00,23.39,23.75,23.34,23.72,3293345
10/18/2017 16:00:00,23.73,24.2,23.61,23.98,4939074
10/19/2017 16:00:00,23.7,23.81,23.21,23.45,5061843
10/20/2017 16:00:00,23.51,23.64,22.96,23.01,4930395
10/23/2017 16:00:00,23.33,23.33,22.42,22.47,5747346
10/24/2017 16:00:00,22.59,22.85,22.41,22.49,4491672
10/25/2017 16:00:00,22.45,22.5,21.57,21.72,8594073
10/26/2017 16:00:00,21.85,22.02,21.55,21.74,5023500
10/27/2017 16:00:00,21.32,21.64,21.11,21.39,6979704
10/30/2017 16:00:00,21.28,21.59,21.15,21.34,4254378
10/31/2017 16:00:00,21.35,22.13,21.35,22.1,5672347
11/1/2017 16:00:00,22.15,22.17,21.35,21.41,8457336
11/2/2017 16:00:00,20.01,20.58,19.51,19.95,19791416
11/3/2017 16:00:00,19.97,20.42,19.68,20.41,8893974
11/6/2017 16:00:00,20.47,20.5,19.93,20.19,6486009
11/7/2017 16:00:00,20.07,20.43,20,20.4,5294274
11/8/2017 16:00:00,20.37,20.46,20.09,20.29,4725271
11/9/2017 16:00:00,20.17,20.3,19.75,20.2,5447147
11/10/2017 16:00:00,20.17,20.56,20.12,20.2,4625429
11/13/2017 16:00:00,20.01,21.12,19.94,21.03,7584944
11/14/2017 16:00:00,21,21.09,20.46,20.58,5676076
11/15/2017 16:00:00,20.4,20.83,20.1,20.75,5978665
11/16/2017 16:00:00,20.93,21.21,20.75,20.83,5822073
11/17/2017 16:00:00,21.71,21.78,20.88,21,13735139
11/20/2017 16:00:00,20.92,21.03,20.32,20.58,8247650
11/21/2017 16:00:00,20.72,21.22,20.58,21.19,7261273
11/22/2017 16:00:00,21.12,21.16,20.79,20.84,4917636
11/24/2017 13:00:00,20.92,21.09,20.73,21.04,3244065
11/27/2017 16:00:00,20.88,21.16,20.63,21.12,4555894
11/28/2017 16:00:00,21.09,21.33,20.93,21.17,4949491
11/29/2017 16:00:00,21.15,21.2,20.08,20.5,8767398
11/30/2017 16:00:00,20.57,20.71,20.3,20.59,4351587
12/1/2017 16:00:00,20.36,20.69,20.34,20.44,4292868
12/4/2017 16:00:00,20.43,20.55,20.04,20.35,5835140
12/5/2017 16:00:00,20.13,20.53,20.07,20.25,4646520
12/6/2017 16:00:00,20.01,20.89,20,20.88,7195341
12/7/2017 16:00:00,20.8,21.24,20.74,20.75,4780597
12/8/2017 16:00:00,20.97,21.13,20.75,21.01,3468458
12/11/2017 16:00:00,20.98,21.93,20.92,21.93,7937981
12/12/2017 16:00:00,22.03,22.76,22,22.74,8733199
12/13/2017 16:00:00,22.73,22.95,22.43,22.6,6221461
12/14/2017 16:00:00,22.73,23.16,22.46,22.53,5799916
12/15/2017 16:00:00,22.8,22.93,22.38,22.9,6933199
12/18/2017 16:00:00,22.99,23.12,22.51,22.59,5476166
12/19/2017 16:00:00,22.68,22.77,22.02,22.07,6824971
12/20/2017 16:00:00,22.18,22.21,21.67,21.93,5953800
12/21/2017 16:00:00,21.97,22.25,21.81,22.11,4385222
12/22/2017 16:00:00,21.97,22.06,21.65,21.68,4215807
12/26/2017 16:00:00,21.59,21.6,21.11,21.15,4378413
12/27/2017 16:00:00,21.07,21.18,20.72,20.78,4712111
12/28/2017 16:00:00,20.78,21.05,20.64,21.02,4316347
12/29/2017 16:00:00,21.08,21.09,20.67,20.76,3777155
1/2/2018 16:00:00,20.8,21.47,20.73,21.37,4352241
1/3/2018 16:00:00,21.4,21.68,21.04,21.15,4521527
1/4/2018 16:00:00,20.86,21.24,20.38,20.97,9946304
1/5/2018 16:00:00,21.11,21.15,20.8,21.11,4591180
1/8/2018 16:00:00,21.07,22.47,21.03,22.43,9859435
1/9/2018 16:00:00,22.34,22.59,21.83,22.25,7146631
1/10/2018 16:00:00,22.15,22.47,22,22.32,4309926
1/11/2018 16:00:00,22.35,22.99,22.22,22.53,6645484
1/12/2018 16:00:00,22.58,22.69,22.24,22.41,4825059
1/16/2018 16:00:00,22.5,23,22.32,22.67,6474251
1/17/2018 16:00:00,22.7,23.27,22.65,23.14,7103505
1/18/2018 16:00:00,23.04,23.49,22.92,22.97,5685845
1/19/2018 16:00:00,23,23.37,22.84,23.33,4888303
1/22/2018 16:00:00,23.29,23.86,23.28,23.44,6210360
1/23/2018 16:00:00,24,24.03,23.4,23.52,5465414
1/24/2018 16:00:00,23.64,23.65,22.9,23.06,5287478
1/25/2018 16:00:00,23.22,23.28,22.43,22.51,6740303
1/26/2018 16:00:00,22.77,22.93,22.38,22.86,4539356
1/29/2018 16:00:00,22.66,23.39,22.55,23.3,4747149
1/30/2018 16:00:00,23.01,23.22,22.81,23.05,4717700
1/31/2018 16:00:00,23.17,23.75,23.01,23.62,6214069
2/1/2018 16:00:00,23.4,23.98,23.24,23.28,4197687
2/2/2018 16:00:00,23.23,23.46,22.7,22.92,3704836
2/5/2018 16:00:00,22.53,22.96,22.2,22.21,4464147
2/6/2018 16:00:00,21.68,22.41,21.57,22.26,5088438
2/7/2018 16:00:00,22.6,23.07,22.38,23,6969239
2/8/2018 16:00:00,22.89,23.24,20.97,21.02,10314573
2/9/2018 16:00:00,21.33,21.4,19.65,20.69,12933721
2/12/2018 16:00:00,21.08,21.21,20.42,21.05,6227822
2/13/2018 16:00:00,21,21.61,20.83,21.58,4560231
2/14/2018 16:00:00,21.39,21.74,21.23,21.49,3950743
2/15/2018 16:00:00,21.63,22.27,21.49,22.27,5912917
2/16/2018 16:00:00,22.17,22.87,22.11,22.37,5642637
2/20/2018 16:00:00,22.3,22.72,22.1,22.32,4009435
2/21/2018 16:00:00,22.4,22.65,22.21,22.22,3219649
2/22/2018 16:00:00,22.37,23.16,22.32,23.08,6969808
2/23/2018 16:00:00,23.19,23.67,23.14,23.47,5817387
2/26/2018 16:00:00,23.57,23.93,23.49,23.83,4339985
2/27/2018 16:00:00,23.75,24,23.33,23.4,4797419
2/28/2018 16:00:00,23.5,23.68,22.81,22.87,6069658
3/1/2018 16:00:00,23,23.24,22,22.06,6885601
3/2/2018 16:00:00,21.8,22.35,21.53,22.34,5092829
3/5/2018 16:00:00,22.16,22.52,21.95,22.22,3823769
3/6/2018 16:00:00,22.25,22.42,21.8,21.88,4285744
3/7/2018 16:00:00,21.7,22.17,21.45,22.15,5007297
3/8/2018 16:00:00,22.19,22.22,21.75,21.94,3566244
3/9/2018 16:00:00,21.61,21.9,21.49,21.81,5506764
3/12/2018 16:00:00,21.91,23.15,21.77,23.03,8264035
3/13/2018 16:00:00,22.99,23.01,22.42,22.79,5965805
3/14/2018 16:00:00,22.45,22.65,21.6,21.78,7967370
3/15/2018 16:00:00,21.96,22.19,21.41,21.71,6564801
3/16/2018 16:00:00,21.73,21.83,21.27,21.42,6117279
3/19/2018 16:00:00,21.1,21.38,20.64,20.9,7484294
3/20/2018 16:00:00,20.99,21.08,20.58,20.7,4764293
3/21/2018 16:00:00,20.68,21.5,20.68,21.1,5958411
3/22/2018 16:00:00,20.93,21.25,20.55,20.61,4939771
3/23/2018 16:00:00,20.75,20.77,20.03,20.1,6654899
3/26/2018 16:00:00,20.49,20.51,19.42,20.28,8375175
3/27/2018 16:00:00,20.27,20.28,18.48,18.61,13872029
3/28/2018 16:00:00,17.64,17.91,16.81,17.19,21001437
3/29/2018 16:00:00,17.1,18.06,16.55,17.74,15170749
4/2/2018 16:00:00,17.08,17.36,16.31,16.83,16113968
4/3/2018 16:00:00,17.99,18.22,16.97,17.84,18844384
4/4/2018 16:00:00,16.85,19.22,16.8,19.13,19896746
4/5/2018 16:00:00,19.29,20.42,19.21,20.38,19121101
4/6/2018 16:00:00,20.07,20.62,19.7,19.95,13520286
4/9/2018 16:00:00,20.02,20.63,19.28,19.31,10249805
4/10/2018 16:00:00,19.93,20.47,19.58,20.31,11024259
4/11/2018 16:00:00,20.05,20.6,19.98,20.06,7482945
4/12/2018 16:00:00,20.15,20.26,19.58,19.61,7608769
4/13/2018 16:00:00,20.24,20.26,19.73,20.02,7327223
4/16/2018 16:00:00,19.93,19.98,19.27,19.41,6338488
4/17/2018 16:00:00,19.26,19.48,18.83,19.18,7000023
4/18/2018 16:00:00,19.41,20.02,19.21,19.56,6557700
4/19/2018 16:00:00,19.41,20.07,19.24,20.01,6090599
4/20/2018 16:00:00,19.68,20,19.32,19.35,5627928
4/23/2018 16:00:00,19.42,19.44,18.82,18.89,4893378
4/24/2018 16:00:00,19,19.14,18.56,18.9,5685308
4/25/2018 16:00:00,18.9,19.01,18.48,18.71,4013574
4/26/2018 16:00:00,18.58,19.05,18.43,19.03,4356013
4/27/2018 16:00:00,19.02,19.63,18.92,19.61,4364626
4/30/2018 16:00:00,19.57,19.92,19.5,19.59,4228172
5/1/2018 16:00:00,19.57,20.05,19.55,19.99,4625603
5/2/2018 16:00:00,19.9,20.46,19.85,20.08,8970370
5/3/2018 16:00:00,18.59,19.2,18.35,18.96,17352130
5/4/2018 16:00:00,18.87,19.79,18.63,19.61,8569354
5/7/2018 16:00:00,19.83,20.4,19.68,20.18,8678224
5/8/2018 16:00:00,20.05,20.52,19.93,20.13,5930000
5/9/2018 16:00:00,20.03,20.47,20,20.46,5727365
5/10/2018 16:00:00,20.5,20.87,20.27,20.33,5651561
5/11/2018 16:00:00,20.51,20.59,19.94,20.07,4679649
5/14/2018 16:00:00,20.22,20.33,19.44,19.46,7286804
5/15/2018 16:00:00,19,19.13,18.7,18.95,9519173
5/16/2018 16:00:00,18.92,19.25,18.77,19.1,5674019
5/17/2018 16:00:00,19.06,19.28,18.93,18.97,4420612
5/18/2018 16:00:00,19.06,19.28,18.93,18.97,27062
5/21/2018 16:00:00,18.76,19.43,18.75,18.97,9182571
5/22/2018 16:00:00,19.18,19.2,18.23,18.33,8945756
5/23/2018 16:00:00,18.52,18.66,18.27,18.6,5985053
5/24/2018 16:00:00,18.56,18.74,18.33,18.52,4176708
5/25/2018 16:00:00,18.51,18.64,18.37,18.59,3875082
5/29/2018 16:00:00,18.57,19.1,18.41,18.92,5666640
5/30/2018 16:00:00,18.89,19.67,18.77,19.45,7489686
5/31/2018 16:00:00,19.15,19.36,18.86,18.98,5919721
6/1/2018 16:00:00,19.06,19.46,18.92,19.45,5424386
6/4/2018 16:00:00,19.62,19.93,19.57,19.78,4797810
6/5/2018 16:00:00,19.85,19.85,19.12,19.41,5995157
6/6/2018 16:00:00,20.03,21.48,19.83,21.3,18767269
6/7/2018 16:00:00,21.08,22,20.91,21.07,14345271
6/8/2018 16:00:00,21.27,21.63,21.14,21.18,8205202
6/11/2018 16:00:00,21.5,22.31,21.5,22.14,13183473
6/12/2018 16:00:00,22.98,23.66,22.53,22.85,22347403
6/13/2018 16:00:00,23.11,23.15,22.65,22.99,9469804
6/14/2018 16:00:00,23.18,23.92,23.11,23.85,10981023
6/15/2018 16:00:00,23.59,24.31,23.42,23.88,10848254
6/18/2018 16:00:00,23.69,24.92,23.63,24.72,12073226
6/19/2018 16:00:00,24.34,24.67,23.08,23.5,12761903
6/20/2018 16:00:00,23.87,24.29,23.47,24.15,8383656
6/21/2018 16:00:00,24.13,24.41,23.08,23.17,7967145
6/22/2018 16:00:00,23.44,23.48,22.13,22.24,10266059
6/25/2018 16:00:00,22.01,22.56,21.83,22.2,6931304
6/26/2018 16:00:00,22.4,22.9,21.72,22.8,7452487
6/27/2018 16:00:00,23,23.39,22.63,22.97,8333727
6/28/2018 16:00:00,23.24,23.8,23.07,23.33,8398005
6/29/2018 16:00:00,23.56,23.59,22.83,22.86,6492396
7/2/2018 16:00:00,24,24.32,21.99,22.34,18759765
7/3/2018 13:00:00,22.12,22.17,20.65,20.72,12282638
7/5/2018 16:00:00,20.92,20.96,19.75,20.61,17476374
7/6/2018 16:00:00,20.33,20.8,20.13,20.59,8865451
7/9/2018 16:00:00,20.8,21.23,20.53,21.23,7596753
7/10/2018 16:00:00,21.64,21.85,21.28,21.5,9471498
7/11/2018 16:00:00,21.05,21.46,21,21.26,4884076
7/12/2018 16:00:00,21.43,21.55,20.85,21.11,5721166
7/13/2018 16:00:00,21.04,21.31,20.62,21.26,5875770
7/16/2018 16:00:00,20.78,21.01,20.42,20.67,7818655
7/17/2018 16:00:00,20.59,21.65,20.57,21.51,6996232
7/18/2018 16:00:00,21.67,21.7,21.08,21.59,5624211
7/19/2018 16:00:00,21.09,21.57,20.93,21.35,5915345
7/20/2018 16:00:00,21.42,21.55,20.78,20.91,5166547
7/23/2018 16:00:00,20.12,20.37,19.52,20.21,10992947
7/24/2018 16:00:00,20.29,20.51,19.5,19.83,9590784
7/25/2018 16:00:00,19.78,20.64,19.63,20.58,7094180
7/26/2018 16:00:00,20.32,20.71,20.24,20.44,4630522
7/27/2018 16:00:00,20.48,20.51,19.69,19.81,5703326
7/30/2018 16:00:00,19.73,19.74,19.08,19.34,6814072
7/31/2018 16:00:00,19.48,19.89,19.27,19.88,5076916
8/1/2018 16:00:00,19.87,20.2,19.53,20.06,10129430
8/2/2018 16:00:00,21.9,23.33,21.54,23.3,23214962
8/3/2018 16:00:00,23.19,23.67,22.84,23.21,13656486
8/6/2018 16:00:00,23.03,23.67,22.79,22.8,8564331
8/7/2018 16:00:00,22.92,25.83,22.61,25.3,30875768
8/8/2018 16:00:00,24.61,25.51,24.47,24.69,24571163
8/9/2018 16:00:00,24.37,24.47,23.05,23.5,17183811
8/10/2018 16:00:00,23.6,24,23.07,23.7,11552044
8/13/2018 16:00:00,24.08,24.21,23.27,23.76,10463881
8/14/2018 16:00:00,23.9,23.95,23.14,23.18,6986427
8/15/2018 16:00:00,22.79,22.97,22.14,22.58,9101258
8/16/2018 16:00:00,22.66,22.82,22.25,22.36,6064033
8/17/2018 16:00:00,21.57,21.78,20.24,20.37,18958612
8/20/2018 16:00:00,19.45,20.57,19.21,20.56,17402335
8/21/2018 16:00:00,20.71,21.65,20.6,21.46,13172230
8/22/2018 16:00:00,21.39,21.59,20.98,21.44,5945955
8/23/2018 16:00:00,21.28,21.82,21.21,21.34,5147286
8/24/2018 16:00:00,21.38,21.59,21.29,21.52,3602564
8/27/2018 16:00:00,21.2,21.5,20.59,21.28,13079288
8/28/2018 16:00:00,21.23,21.26,20.75,20.79,7649091
8/29/2018 16:00:00,20.68,20.79,20.25,20.33,7447392
8/30/2018 16:00:00,20.15,20.31,19.85,20.21,7216706
8/31/2018 16:00:00,20.13,20.35,19.91,20.11,5375104
9/4/2018 16:00:00,19.8,19.88,19.2,19.26,8350469
9/5/2018 16:00:00,19,19.12,18.48,18.72,7720821
9/6/2018 16:00:00,18.99,19.41,18.59,18.73,7480760
9/7/2018 16:00:00,17.34,17.89,16.82,17.55,22491931
9/10/2018 16:00:00,18.22,19.07,18.07,19.03,14283528
9/11/2018 16:00:00,18.63,18.8,18.24,18.63,9169989
9/12/2018 16:00:00,18.76,19.5,18.58,19.37,10015427
9/13/2018 16:00:00,19.2,19.67,19.01,19.3,6340336
9/14/2018 16:00:00,19.25,19.82,19.1,19.68,6765612
9/17/2018 16:00:00,19.34,20.06,19.21,19.66,6887577
9/18/2018 16:00:00,19.78,20.18,18.37,19,16547522
9/19/2018 16:00:00,18.7,20,18.7,19.93,8294917
9/20/2018 16:00:00,20.24,20.4,19.56,19.89,7349422
9/21/2018 16:00:00,19.85,20.04,19.69,19.94,5050478
9/24/2018 16:00:00,19.9,20.2,19.57,19.98,4842961
9/25/2018 16:00:00,20,20.31,19.77,20.07,4481729
9/26/2018 16:00:00,20.13,20.93,20.07,20.64,7843216
9/27/2018 16:00:00,20.86,21,20.46,20.5,8509084
9/28/2018 16:00:00,18.02,18.53,17.37,17.65,33649694
10/1/2018 16:00:00,20.38,20.76,20.07,20.71,21777597
10/2/2018 16:00:00,20.93,21.12,19.94,20.07,11743511
10/3/2018 16:00:00,20.22,20.31,19.44,19.65,7994988
10/4/2018 16:00:00,19.6,19.6,18.51,18.79,9814212
10/5/2018 16:00:00,18.31,18.33,17.33,17.46,17944537
10/8/2018 16:00:00,17.63,17.85,16.6,16.7,13472653
10/9/2018 16:00:00,17.02,17.78,16.89,17.52,12060574
10/10/2018 16:00:00,17.64,17.7,16.52,17.13,12815278
10/11/2018 16:00:00,17.17,17.48,16.6,16.82,8167738
10/12/2018 16:00:00,17.4,17.47,16.8,17.25,7201404
10/15/2018 16:00:00,17.27,17.55,16.97,17.31,6199965
10/16/2018 16:00:00,17.71,18.49,17.48,18.44,9526401
10/17/2018 16:00:00,18.83,18.85,17.72,18.12,8655542
10/18/2018 16:00:00,17.95,18.07,17.53,17.59,5421184
10/19/2018 16:00:00,17.83,17.98,16.9,17.33,9375549
10/22/2018 16:00:00,17.38,17.46,16.84,17.4,5600260
10/23/2018 16:00:00,17.59,19.86,17.47,19.61,19027753
10/24/2018 16:00:00,20.07,20.3,19.05,19.23,20058258
10/25/2018 16:00:00,21.15,21.4,20.07,20.99,20840724
10/26/2018 16:00:00,20.55,22.66,20.44,22.06,27425520
10/29/2018 16:00:00,22.5,23.14,21.77,22.32,14486027
10/30/2018 16:00:00,21.89,22.53,21.48,21.99,9126704
10/31/2018 16:00:00,22.17,22.8,21.94,22.49,7624348
11/1/2018 16:00:00,22.55,23.19,22.32,22.95,8000132
11/2/2018 16:00:00,22.92,23.28,22.73,23.09,7807971
11/5/2018 16:00:00,22.7,22.93,22.01,22.76,7831048
11/6/2018 16:00:00,22.6,23.25,22.41,22.74,6762889
11/7/2018 16:00:00,22.89,23.41,22.72,23.21,7374522
11/8/2018 16:00:00,23.23,23.84,23.23,23.43,7090674
11/9/2018 16:00:00,23.27,23.6,23.02,23.37,5098846
11/12/2018 16:00:00,23.22,23.32,22.02,22.09,6941523
11/13/2018 16:00:00,22.21,22.98,22.15,22.58,5448597
11/14/2018 16:00:00,22.85,23.14,22.48,22.93,5040287
11/15/2018 16:00:00,22.82,23.24,22.6,23.23,4625719
11/16/2018 16:00:00,23.01,23.71,23.01,23.62,7206191
11/19/2018 16:00:00,23.76,24.45,23.53,23.56,9708871
11/20/2018 16:00:00,22.78,23.32,22.24,23.17,8004709
11/21/2018 16:00:00,23.47,23.54,22.49,22.55,4686808
11/23/2018 13:00:00,22.29,22.5,21.7,21.72,4202642
11/26/2018 16:00:00,21.67,23.08,21.67,23.07,7992141
11/27/2018 16:00:00,22.67,23.13,22.37,22.93,6358300
11/28/2018 16:00:00,23.07,23.22,22.81,23.19,4127578
11/29/2018 16:00:00,23.13,23.17,22.64,22.74,3080724
11/30/2018 16:00:00,22.79,23.44,22.55,23.37,5628895
12/3/2018 16:00:00,24,24.4,23.47,23.9,8306511
12/4/2018 16:00:00,23.74,24.58,23.47,23.98,8461945
12/6/2018 16:00:00,23.73,24.49,23.38,24.2,7842508
12/7/2018 16:00:00,24.6,25.3,23.84,23.86,11511177
12/10/2018 16:00:00,24,24.4,23.54,24.34,6613455
12/11/2018 16:00:00,24.66,24.81,24.02,24.45,6308769
12/12/2018 16:00:00,24.63,24.79,24.34,24.44,5027048
12/13/2018 16:00:00,24.68,25.16,24.45,25.12,7365854
12/14/2018 16:00:00,25,25.19,24.29,24.38,6337555
12/17/2018 16:00:00,24.13,24.38,22.93,23.23,7674008
12/18/2018 16:00:00,23.37,23.44,22.25,22.47,7099999
12/19/2018 16:00:00,22.51,23.13,21.98,22.2,8274181
12/20/2018 16:00:00,21.8,22.02,20.79,21.03,9071858
12/21/2018 16:00:00,21.16,21.56,20.83,21.32,8016801
12/24/2018 13:00:00,20.9,20.97,19.68,19.69,5559913
12/26/2018 16:00:00,20,21.8,19.61,21.74,8163138
12/27/2018 16:00:00,21.32,21.48,20.1,21.08,8575133
12/28/2018 16:00:00,21.54,22.42,21.23,22.26,9938992
12/31/2018 16:00:00,22.52,22.61,21.68,22.19,6302338
1/2/2019 16:00:00,20.41,21.01,19.92,20.67,11658648
1/3/2019 16:00:00,20.47,20.63,19.83,20.02,6965184
1/4/2019 16:00:00,20.4,21.2,20.18,21.18,7394116
1/7/2019 16:00:00,21.45,22.45,21.18,22.33,7551225
1/8/2019 16:00:00,22.8,22.93,21.8,22.36,7008516
1/9/2019 16:00:00,22.37,22.9,22.1,22.57,5432945
1/10/2019 16:00:00,22.29,23.03,22.12,23,6056354
1/11/2019 16:00:00,22.81,23.23,22.58,23.15,5039052
1/14/2019 16:00:00,22.83,22.83,22.27,22.29,5247284
1/15/2019 16:00:00,22.33,23.25,22.3,22.96,6056590
1/16/2019 16:00:00,22.99,23.47,22.9,23.07,4691739
1/17/2019 16:00:00,23.08,23.43,22.94,23.15,3676733
1/18/2019 16:00:00,21.53,21.81,19.98,20.15,24150763
1/22/2019 16:00:00,20.32,20.53,19.7,19.93,12066741
1/23/2019 16:00:00,19.5,19.63,18.78,19.17,12529993
1/24/2019 16:00:00,18.87,19.58,18.62,19.43,8012155
1/25/2019 16:00:00,19.63,19.9,19.3,19.8,7258078
1/28/2019 16:00:00,19.53,19.83,19.18,19.76,6423279
1/29/2019 16:00:00,19.68,19.9,19.45,19.83,4621692
1/30/2019 16:00:00,20.03,20.6,19.9,20.58,11250318
1/31/2019 16:00:00,20.07,20.77,19.6,20.47,12569245
2/1/2019 16:00:00,20.36,21.07,20.23,20.81,7283441
2/4/2019 16:00:00,20.87,21.02,20.13,20.86,7352082
2/5/2019 16:00:00,20.83,21.5,20.82,21.42,6742765
2/6/2019 16:00:00,21.31,21.62,21.04,21.15,5038546
2/7/2019 16:00:00,20.89,20.98,20.2,20.5,6520611
2/8/2019 16:00:00,20.46,20.5,19.9,20.39,5844212
2/11/2019 16:00:00,20.77,21.24,20.7,20.86,7129713
2/12/2019 16:00:00,21.08,21.21,20.64,20.79,5517570
2/13/2019 16:00:00,20.82,20.85,20.37,20.54,5141617
2/14/2019 16:00:00,20.23,20.45,20.07,20.25,5200832
2/15/2019 16:00:00,20.3,20.53,20.26,20.53,3904947
2/19/2019 16:00:00,20.44,20.77,20.36,20.38,4168443
2/20/2019 16:00:00,20.29,20.42,19.93,20.17,7142117
2/21/2019 16:00:00,20.12,20.22,19.37,19.42,8909182
2/22/2019 16:00:00,19.63,19.77,19.47,19.65,5740558
2/25/2019 16:00:00,19.86,20.19,19.8,19.92,6626522
2/26/2019 16:00:00,19.48,20.13,19.25,19.86,8582535
2/27/2019 16:00:00,20.12,21.09,20.04,20.98,11183908
2/28/2019 16:00:00,21.26,21.33,20.72,21.33,10520653
3/1/2019 16:00:00,20.46,20.48,19.46,19.65,22911375
3/4/2019 16:00:00,19.87,19.93,18.85,19.02,17096818
3/5/2019 16:00:00,18.8,18.93,18.01,18.44,18764740
3/6/2019 16:00:00,18.43,18.77,18.29,18.42,10335485
3/7/2019 16:00:00,18.59,18.98,18.28,18.44,9442483
3/8/2019 16:00:00,18.46,19.04,18.39,18.94,8819625
3/11/2019 16:00:00,18.9,19.42,18.7,19.39,7392278
3/12/2019 16:00:00,19.1,19.2,18.74,18.89,7504137
3/13/2019 16:00:00,18.93,19.47,18.85,19.26,6844719
3/14/2019 16:00:00,19.5,19.69,19.22,19.33,7103447
3/15/2019 16:00:00,18.9,18.91,18.29,18.36,14785531
3/18/2019 16:00:00,18.4,18.54,17.82,17.97,10280980
3/19/2019 16:00:00,17.83,18.22,17.56,17.83,11800630
3/20/2019 16:00:00,17.98,18.33,17.75,18.24,6908224
3/21/2019 16:00:00,18.17,18.43,17.9,18.27,5947098
3/22/2019 16:00:00,18.17,18.19,17.6,17.64,8745609
3/25/2019 16:00:00,17.31,17.55,16.96,17.36,10215029
3/26/2019 16:00:00,17.63,18.02,17.63,17.85,7350948
3/27/2019 16:00:00,17.92,18.36,17.88,18.32,8779166
3/28/2019 16:00:00,18.48,18.69,18.34,18.57,6774093
3/29/2019 16:00:00,18.58,18.68,18.3,18.66,5991338
4/1/2019 16:00:00,18.84,19.28,18.75,19.28,8110439
4/2/2019 16:00:00,19.22,19.3,18.93,19.06,5478940
4/3/2019 16:00:00,19.15,19.74,19.14,19.45,7929864
4/4/2019 16:00:00,17.46,18.08,17.37,17.85,23720729
4/5/2019 16:00:00,17.99,18.41,17.74,18.33,13038257
4/8/2019 16:00:00,18.51,18.74,18.03,18.21,10410436
4/9/2019 16:00:00,18.11,18.33,17.97,18.15,5904031
4/10/2019 16:00:00,18.45,18.56,18.19,18.4,7061314
4/11/2019 16:00:00,17.89,18.03,17.71,17.89,9835927
4/12/2019 16:00:00,18.01,18.13,17.79,17.85,6745974
4/15/2019 16:00:00,17.91,17.93,17.24,17.76,10038579
4/16/2019 16:00:00,17.72,18.33,17.65,18.22,7272930
4/17/2019 16:00:00,18.32,18.32,17.9,18.08,5126468
4/18/2019 16:00:00,18.08,18.32,17.98,18.22,5876325
4/22/2019 16:00:00,17.93,17.98,17.5,17.52,12147141
4/23/2019 16:00:00,17.34,17.71,17.05,17.59,10943859
4/24/2019 16:00:00,17.59,17.69,17.2,17.24,10727454
4/25/2019 16:00:00,17,17.27,16.4,16.51,21849393
4/26/2019 16:00:00,16.43,16.45,15.41,15.68,22360709
4/29/2019 16:00:00,15.72,16.27,15.48,16.1,16714476
4/30/2019 16:00:00,16.14,16.28,15.8,15.91,9464628
5/1/2019 16:00:00,15.92,16,15.43,15.6,10704354
5/2/2019 16:00:00,16.37,16.48,15.85,16.27,18159339
5/3/2019 16:00:00,16.26,17.11,16.23,17,23706771
5/6/2019 16:00:00,16.67,17.22,16.57,17.02,10833943
5/7/2019 16:00:00,17.12,17.15,16.34,16.47,10131408
5/8/2019 16:00:00,16.46,16.71,16.28,16.32,6176440
5/9/2019 16:00:00,16.13,16.25,15.8,16.13,6711382
5/10/2019 16:00:00,15.98,16.13,15.73,15.97,7008336
5/13/2019 16:00:00,15.47,15.5,14.97,15.13,10834796
5/14/2019 16:00:00,15.29,15.63,15.2,15.49,7252412
5/15/2019 16:00:00,15.29,15.5,15.02,15.46,7295976
5/16/2019 16:00:00,15.3,15.4,15.1,15.22,7483273
5/17/2019 16:00:00,14.8,14.82,13.93,14.07,17786666
5/20/2019 16:00:00,13.52,13.73,13.02,13.69,20526195
5/21/2019 16:00:00,13.18,13.83,13.07,13.67,18003899
5/22/2019 16:00:00,13.27,13.6,12.79,12.85,18685187
5/23/2019 16:00:00,12.96,13.3,12.41,13.03,26547142
5/24/2019 16:00:00,13.32,13.33,12.58,12.71,14136572
5/28/2019 16:00:00,12.75,13,12.52,12.58,10312901
5/29/2019 16:00:00,12.47,12.83,12.34,12.66,11968638
5/30/2019 16:00:00,12.58,12.82,12.47,12.55,7926475
5/31/2019 16:00:00,12.34,12.66,12.27,12.34,10406732
6/3/2019 16:00:00,12.37,12.45,11.8,11.93,13064410
6/4/2019 16:00:00,12.07,12.93,11.97,12.91,13807522
6/5/2019 16:00:00,13.25,13.42,12.79,13.11,13510756
6/6/2019 16:00:00,13.63,14.07,13.45,13.73,20242151
6/7/2019 16:00:00,13.67,14.06,13.57,13.63,16003527
6/10/2019 16:00:00,14.02,14.46,13.93,14.19,10585039
6/11/2019 16:00:00,14.61,14.73,14.23,14.47,11653537
6/12/2019 16:00:00,14.86,14.89,13.93,13.95,15197544
6/13/2019 16:00:00,14.03,14.33,13.83,14.26,8168260
6/14/2019 16:00:00,14.08,14.44,14.03,14.33,7433402
6/17/2019 16:00:00,14.37,15.13,14.28,15,12316803
6/18/2019 16:00:00,15.25,15.65,14.84,14.98,12715788
6/19/2019 16:00:00,15.01,15.18,14.74,15.1,6575135
6/20/2019 16:00:00,14.87,15.13,14.42,14.64,11863462
6/21/2019 16:00:00,14.41,14.81,14.37,14.79,8202078
6/24/2019 16:00:00,14.88,15.06,14.73,14.91,5750771
6/25/2019 16:00:00,14.96,15.02,14.63,14.65,6182071
6/26/2019 16:00:00,14.69,15.15,14.54,14.62,8507208
6/27/2019 16:00:00,14.63,14.86,14.49,14.86,6339710
6/28/2019 16:00:00,14.73,15.01,14.72,14.9,6851384
7/1/2019 16:00:00,15.35,15.54,15.09,15.14,8237964
7/2/2019 16:00:00,15.26,15.28,14.81,14.97,9259027
7/3/2019 13:00:00,15.96,16.1,15.63,15.66,14201148
7/5/2019 16:00:00,15.64,15.7,15.39,15.54,7065738
7/8/2019 16:00:00,15.42,15.48,15.24,15.36,5880542
7/9/2019 16:00:00,15.26,15.4,15.15,15.34,6190835
7/10/2019 16:00:00,15.61,15.93,15.54,15.93,9145736
7/11/2019 16:00:00,15.88,16.1,15.72,15.91,7514430
7/12/2019 16:00:00,15.98,16.36,15.98,16.34,9200521
7/15/2019 16:00:00,16.53,16.96,16.32,16.9,11000092
7/16/2019 16:00:00,16.62,16.9,16.53,16.83,8148989
7/17/2019 16:00:00,17.04,17.22,16.89,16.99,9764727
7/18/2019 16:00:00,17,17.05,16.79,16.9,4764483
7/19/2019 16:00:00,17.05,17.33,16.97,17.21,7048410
7/22/2019 16:00:00,17.25,17.48,16.95,17.05,6846273
7/23/2019 16:00:00,17.11,17.37,16.97,17.34,5023121
7/24/2019 16:00:00,17.28,17.74,17.21,17.66,11072835
7/25/2019 16:00:00,15.57,15.63,15.04,15.25,22418252
7/26/2019 16:00:00,15.13,15.35,14.82,15.2,10027697
7/29/2019 16:00:00,15.14,15.73,15.07,15.72,9273331
7/30/2019 16:00:00,15.53,16.22,15.48,16.15,8109014
7/31/2019 16:00:00,16.2,16.45,15.78,16.11,9178208
8/1/2019 16:00:00,16.18,16.3,15.45,15.59,8259516
8/2/2019 16:00:00,15.42,15.75,15.28,15.62,6136481
8/5/2019 16:00:00,15.31,15.42,15.05,15.22,7028279
8/6/2019 16:00:00,15.46,15.5,15.05,15.38,5564200
8/7/2019 16:00:00,15.1,15.57,15.05,15.56,4776500
8/8/2019 16:00:00,15.63,15.99,15.51,15.89,5274349
8/9/2019 16:00:00,15.74,15.93,15.59,15.67,3898244
8/12/2019 16:00:00,15.53,15.72,15.25,15.27,4663937
8/13/2019 16:00:00,15.25,15.73,15.17,15.67,4868998
8/14/2019 16:00:00,15.41,15.43,14.45,14.64,9562591
8/15/2019 16:00:00,14.72,14.77,14.1,14.38,8231952
8/16/2019 16:00:00,14.44,14.82,14.4,14.66,5207376
8/19/2019 16:00:00,14.95,15.19,14.78,15.12,5311748
8/20/2019 16:00:00,15.17,15.27,14.97,15.06,4170527
8/21/2019 16:00:00,14.8,14.88,14.51,14.72,7799744
8/22/2019 16:00:00,14.85,15.03,14.55,14.81,6564964
8/23/2019 16:00:00,14.66,14.74,14.07,14.09,8559704
8/26/2019 16:00:00,14.24,14.33,14.1,14.33,5054414
8/27/2019 16:00:00,14.38,14.59,14.14,14.27,5420727
8/28/2019 16:00:00,14.25,14.48,14.15,14.37,3238625
8/29/2019 16:00:00,14.6,14.89,14.53,14.78,5183104
8/30/2019 16:00:00,15.28,15.5,14.95,15.04,9327775
9/3/2019 16:00:00,14.94,15.26,14.88,15,5360546
9/4/2019 16:00:00,15.13,15.23,14.61,14.71,5768696
9/5/2019 16:00:00,14.83,15.32,14.72,15.31,7403322
9/6/2019 16:00:00,15.15,15.31,15.01,15.16,4189372
9/9/2019 16:00:00,15.33,15.58,15.28,15.45,4802669
9/10/2019 16:00:00,15.39,15.7,15.26,15.7,4883714
9/11/2019 16:00:00,15.83,16.54,15.73,16.47,10042777
9/12/2019 16:00:00,16.51,16.9,16.29,16.39,8581210
9/13/2019 16:00:00,16.46,16.56,16.32,16.35,5313145
9/16/2019 16:00:00,16.4,16.5,16.08,16.19,4728096
9/17/2019 16:00:00,16.16,16.37,16.02,16.32,3946909
9/18/2019 16:00:00,16.33,16.54,16.16,16.23,4228103
9/19/2019 16:00:00,16.4,16.53,16.32,16.44,4883135
9/20/2019 16:00:00,16.43,16.46,15.88,16.04,6506264
9/23/2019 16:00:00,16,16.35,15.95,16.08,4391630
9/24/2019 16:00:00,16.1,16.13,14.84,14.88,12941112
9/25/2019 16:00:00,14.97,15.27,14.56,15.25,9444286
9/26/2019 16:00:00,15.38,16.22,15.16,16.17,12078785
9/27/2019 16:00:00,16.15,16.58,15.92,16.14,11123179
9/30/2019 16:00:00,16.2,16.27,15.74,16.06,5946161
10/1/2019 16:00:00,16.1,16.4,15.94,16.31,6196290
10/2/2019 16:00:00,16.22,16.31,15.96,16.21,6256548
10/3/2019 16:00:00,15.46,15.63,14.95,15.54,15137763
10/4/2019 16:00:00,15.44,15.65,15.2,15.43,8021180
10/7/2019 16:00:00,15.32,15.9,15.24,15.85,8086957
10/8/2019 16:00:00,15.72,16.26,15.63,16,8702338
10/9/2019 16:00:00,16.09,16.49,16.04,16.3,6935033
10/10/2019 16:00:00,16.35,16.62,16.11,16.32,6313417
10/11/2019 16:00:00,16.48,16.74,16.45,16.53,8488159
10/14/2019 16:00:00,16.53,17.24,16.48,17.13,10226863
10/15/2019 16:00:00,17.18,17.33,16.94,17.19,6479456
10/16/2019 16:00:00,17.16,17.47,17.13,17.32,6704303
10/17/2019 16:00:00,17.5,17.65,17.34,17.46,4779043
10/18/2019 16:00:00,17.38,17.52,17.01,17.13,5753666
10/21/2019 16:00:00,17.22,17.3,16.68,16.9,5108101
10/22/2019 16:00:00,16.95,17.22,16.72,17.04,4625095
10/23/2019 16:00:00,16.97,17.08,16.76,16.98,11216182
10/24/2019 16:00:00,19.89,20.33,19.28,19.98,29819231
10/25/2019 16:00:00,19.85,22,19.74,21.88,30006091
10/28/2019 16:00:00,21.84,22.72,21.51,21.85,18870286
10/29/2019 16:00:00,21.33,21.62,20.98,21.08,12684267
10/30/2019 16:00:00,20.87,21.25,20.66,21,9641810
10/31/2019 16:00:00,20.87,21.27,20.87,20.99,5066956
11/1/2019 16:00:00,21.09,21.1,20.65,20.89,6383929
11/4/2019 16:00:00,20.99,21.46,20.62,21.16,8787040
11/5/2019 16:00:00,21.31,21.57,21.07,21.15,6943417
11/6/2019 16:00:00,21.2,21.78,20.97,21.77,7940932
11/7/2019 16:00:00,21.94,22.77,21.87,22.37,14467348
11/8/2019 16:00:00,22.3,22.5,22.17,22.48,6074221
11/11/2019 16:00:00,22.93,23.28,22.8,23.01,9993689
11/12/2019 16:00:00,23.13,23.36,22.94,23.33,7359383
11/13/2019 16:00:00,23.67,23.76,23.01,23.07,8467863
11/14/2019 16:00:00,23.07,23.59,22.86,23.29,6471703
11/15/2019 16:00:00,23.38,23.52,23.22,23.48,4812563
11/18/2019 16:00:00,23.53,23.54,23.07,23.33,4408505
11/19/2019 16:00:00,23.45,24,23.19,23.97,7736078
11/20/2019 16:00:00,24,24.08,23.3,23.48,6733965
11/21/2019 16:00:00,23.63,24.06,23.6,23.66,6110013
11/22/2019 16:00:00,22.68,22.73,22,22.2,16870642
11/25/2019 16:00:00,22.95,22.97,22.3,22.42,12345765
11/26/2019 16:00:00,22.35,22.37,21.81,21.93,7956239
11/27/2019 16:00:00,22.07,22.26,21.9,22.09,5563459
11/29/2019 13:00:00,22.07,22.08,21.83,22,2465629
12/2/2019 16:00:00,21.96,22.43,21.91,22.32,6081986
12/3/2019 16:00:00,22.17,22.53,22.15,22.41,6613476
12/4/2019 16:00:00,22.52,22.52,22.19,22.2,5536255
12/5/2019 16:00:00,22.19,22.29,21.82,22.02,3736976
12/6/2019 16:00:00,22.33,22.59,22.32,22.39,7618937
12/9/2019 16:00:00,22.44,22.96,22.34,22.64,9040217
12/10/2019 16:00:00,22.66,23.38,22.62,23.26,8839951
12/11/2019 16:00:00,23.46,23.81,23.41,23.51,6919162
12/12/2019 16:00:00,23.66,24.18,23.55,23.98,7776211
12/13/2019 16:00:00,24.07,24.35,23.64,23.89,6574281
12/16/2019 16:00:00,24.17,25.57,24.17,25.43,18220940
12/17/2019 16:00:00,25.27,25.7,25.06,25.27,8503775
12/18/2019 16:00:00,25.38,26.35,25.37,26.21,14136392
12/19/2019 16:00:00,26.49,27.12,26.43,26.94,18120307
12/20/2019 16:00:00,27.35,27.53,26.68,27.04,14785206
12/23/2019 16:00:00,27.45,28.13,27.33,27.95,13332821
12/24/2019 13:00:00,27.89,28.36,27.51,28.35,8054720
12/26/2019 16:00:00,28.53,28.9,28.42,28.73,10648289
12/27/2019 16:00:00,29,29.02,28.41,28.69,9956827
12/30/2019 16:00:00,28.59,28.6,27.28,27.65,12601265
12/31/2019 16:00:00,27,28.09,26.81,27.89,10292456
1/2/2020 16:00:00,28.3,28.71,28.11,28.68,9558386
1/3/2020 16:00:00,29.37,30.27,29.13,29.53,17794697
1/6/2020 16:00:00,29.36,30.1,29.33,30.1,10157499
1/7/2020 16:00:00,30.76,31.44,30.22,31.27,18209138
1/8/2020 16:00:00,31.58,33.23,31.22,32.81,31199393
1/9/2020 16:00:00,33.14,33.25,31.52,32.09,28463186
1/10/2020 16:00:00,32.12,32.33,31.58,31.88,12976832
1/13/2020 16:00:00,32.9,35.04,32.8,34.99,26634547
1/14/2020 16:00:00,36.28,36.49,34.99,35.86,29061377
1/15/2020 16:00:00,35.32,35.86,34.45,34.57,17368831
1/16/2020 16:00:00,32.92,34.3,32.81,34.23,21736653
1/17/2020 16:00:00,33.84,34.38,33.54,34.03,13629073
1/21/2020 16:00:00,35.35,36.57,35.23,36.48,17803471
1/22/2020 16:00:00,38.13,39.63,37.27,37.97,31369028
1/23/2020 16:00:00,37.62,38.8,37.04,38.15,19651042
1/24/2020 16:00:00,38.04,38.26,36.95,37.65,14353600
1/27/2020 16:00:00,36.13,37.63,35.95,37.2,13608068
1/28/2020 16:00:00,37.9,38.45,37.21,37.79,11788493
1/29/2020 16:00:00,38.38,39.32,37.83,38.73,18216672
1/30/2020 16:00:00,42.16,43.39,41.2,42.72,29005676
1/31/2020 16:00:00,42.67,43.53,42.17,43.37,15719266
2/3/2020 16:00:00,44.91,52.41,44.9,52,47233495
2/4/2020 16:00:00,58.86,64.6,55.59,59.14,60938758
2/5/2020 16:00:00,54.88,56.4,46.94,48.98,48423837
2/6/2020 16:00:00,46.66,53.06,45.8,49.93,39880752
2/7/2020 16:00:00,48.7,51.32,48.67,49.87,17063521
2/10/2020 16:00:00,53.33,54.67,50.16,51.42,24689163
2/11/2020 16:00:00,51.25,52.23,50.53,51.63,11697473
2/12/2020 16:00:00,51.86,52.65,50.89,51.15,12022470
2/13/2020 16:00:00,49.46,54.53,49,53.6,26289348
2/14/2020 16:00:00,52.48,54.2,52.37,53.34,15693711
2/18/2020 16:00:00,56.11,57.33,55.49,57.23,16698369
2/19/2020 16:00:00,61.57,62.99,60.07,61.16,25422958
2/20/2020 16:00:00,60.8,60.8,57.33,59.96,17634893
2/21/2020 16:00:00,60.47,60.87,58.7,60.07,14339446
2/24/2020 16:00:00,55.93,57.57,54.81,55.59,15192163
2/25/2020 16:00:00,56.6,57.11,52.47,53.33,17290481
2/26/2020 16:00:00,52.17,54.22,51.74,51.92,14153843
2/27/2020 16:00:00,48.67,49.32,44.6,45.27,24277160
2/28/2020 16:00:00,41.98,46.03,40.77,44.53,24564171
3/2/2020 16:00:00,47.42,49.58,45.78,49.57,20194991
3/3/2020 16:00:00,53.67,53.8,47.74,49.7,25784003
3/4/2020 16:00:00,50.93,51.1,48.32,49.97,15048977
3/5/2020 16:00:00,48.25,49.72,47.87,48.3,10852657
3/6/2020 16:00:00,46,47.13,45.62,46.9,12662918
3/9/2020 16:00:00,40.36,44.2,40.33,40.53,17073740
3/10/2020 16:00:00,43.96,44.53,40.53,43.02,15594443
3/11/2020 16:00:00,42.68,43.57,40.87,42.28,13413587
3/12/2020 16:00:00,38.73,39.63,36.42,37.37,18909052
3/13/2020 16:00:00,39.67,40.5,33.47,36.44,22640254
3/16/2020 16:00:00,31.3,32.99,29.48,29.67,20489464
3/17/2020 16:00:00,29.33,31.46,26.4,28.68,23994580
3/18/2020 16:00:00,25.93,26.99,23.37,24.08,23786162
3/19/2020 16:00:00,24.98,30.13,23.9,28.51,30195460
3/20/2020 16:00:00,29.21,31.8,28.39,28.5,28285502
3/23/2020 16:00:00,28.91,29.47,27.37,28.95,16454549
3/24/2020 16:00:00,31.82,34.25,31.6,33.67,22895170
3/25/2020 16:00:00,36.35,37.13,34.07,35.95,21222745
3/26/2020 16:00:00,36.49,37.33,34.15,35.21,17422082
3/27/2020 16:00:00,33.67,35.05,32.94,34.29,14377408
3/30/2020 16:00:00,34.02,34.44,32.75,33.48,11998067
3/31/2020 16:00:00,33.42,36.2,33.13,34.93,17771485
4/1/2020 16:00:00,33.6,34.26,31.67,32.1,13353180
4/2/2020 16:00:00,32.07,32.95,29.76,30.3,19858427
4/3/2020 16:00:00,33.97,34.37,31.23,32,22562076
4/6/2020 16:00:00,34.08,34.73,33.2,34.42,14901836
4/7/2020 16:00:00,36.33,37.67,35.49,36.36,17919784
4/8/2020 16:00:00,36.95,37.15,35.56,36.59,12656024
4/9/2020 16:00:00,37.47,38.35,37.14,38.2,13650000
4/13/2020 16:00:00,39.34,43.47,38.7,43.4,22475421
4/14/2020 16:00:00,46.6,49.46,46.16,47.33,30576511
4/15/2020 16:00:00,49.47,50.21,47.33,48.66,23577001
4/16/2020 16:00:00,47.8,50.63,47.11,49.68,20657862
4/17/2020 16:00:00,51.49,51.66,49.84,50.26,13128237
4/20/2020 16:00:00,48.85,51.04,47.48,49.76,14746577
4/21/2020 16:00:00,48.67,50.22,44.92,45.78,20209093
4/22/2020 16:00:00,46.93,48.93,45.91,48.81,14224831
4/23/2020 16:00:00,48.51,48.93,46.88,47.04,13236697
4/24/2020 16:00:00,47.39,48.72,46.55,48.34,13237612
4/27/2020 16:00:00,49.17,53.3,49,53.25,20681442
4/28/2020 16:00:00,53.04,53.67,50.45,51.27,15221964
4/29/2020 16:00:00,52.68,53.55,52.21,53.37,16215982
4/30/2020 16:00:00,57.01,57.99,50.9,52.13,28471854
5/1/2020 16:00:00,50.33,51.52,45.54,46.75,32531807
5/4/2020 16:00:00,46.73,50.8,46.53,50.75,19237090
5/5/2020 16:00:00,52.65,53.26,50.81,51.21,16991656
5/6/2020 16:00:00,51.77,52.65,50.74,52.17,11123231
5/7/2020 16:00:00,51.81,53.09,51.49,52,11527686
5/8/2020 16:00:00,52.92,54.93,52.47,54.63,16130087
5/11/2020 16:00:00,52.7,54.93,52.33,54.09,16519601
5/12/2020 16:00:00,55.13,56.22,53.87,53.96,15906905
5/13/2020 16:00:00,54.72,55.07,50.89,52.73,19065491
5/14/2020 16:00:00,52,53.56,50.93,53.56,13682188
5/15/2020 16:00:00,52.69,53.67,52.44,53.28,10518428
5/18/2020 16:00:00,55.19,55.65,53.59,54.24,11698102
5/19/2020 16:00:00,54.34,54.8,53.74,53.87,9636522
5/20/2020 16:00:00,54.7,55.07,54.12,54.37,7309271
5/21/2020 16:00:00,54.4,55.5,53.07,55.17,12254584
5/22/2020 16:00:00,54.81,55.45,54.13,54.46,9987475
5/26/2020 16:00:00,55.63,55.64,54.38,54.59,8089736
5/27/2020 16:00:00,54.72,55.18,52.33,54.68,11549530
5/28/2020 16:00:00,54.23,54.98,53.45,53.72,7275774
5/29/2020 16:00:00,53.92,55.67,53.61,55.67,11812489
6/1/2020 16:00:00,57.2,59.93,56.94,59.87,15085297
6/2/2020 16:00:00,59.65,60.58,58.07,58.77,13565596
6/3/2020 16:00:00,59.21,59.86,58.67,58.86,7949469
6/4/2020 16:00:00,59.33,59.72,57.23,57.63,8887713
6/5/2020 16:00:00,58.52,59.1,57.75,59.04,7811917
6/8/2020 16:00:00,61.27,63.33,60.61,63.33,14174727
6/9/2020 16:00:00,62.67,63.63,61.6,62.71,11388154
6/10/2020 16:00:00,66.13,68.5,65.5,68.34,18563413
6/11/2020 16:00:00,66.01,67.93,64.8,64.86,15916482
6/12/2020 16:00:00,65.33,65.87,60.84,62.35,16763374
6/15/2020 16:00:00,61.19,66.59,60.57,66.06,15697178
6/16/2020 16:00:00,67.46,67.53,64.16,65.48,14051078
6/17/2020 16:00:00,65.85,67,65.5,66.12,9890800
6/18/2020 16:00:00,66.87,67.95,66.3,66.93,9751936
6/19/2020 16:00:00,67.52,67.73,66.09,66.73,8679749
6/22/2020 16:00:00,66.66,67.26,66,66.29,6362350
6/23/2020 16:00:00,66.59,67.47,66.27,66.79,6365271
6/24/2020 16:00:00,66.27,66.73,63.54,64.06,10959593
6/25/2020 16:00:00,63.62,65.73,62.48,65.73,9254549
6/26/2020 16:00:00,66.32,66.33,63.66,63.98,8854908
6/29/2020 16:00:00,64.6,67.33,63.23,67.29,9026404
6/30/2020 16:00:00,67.1,72.51,66.92,71.99,16918501
7/1/2020 16:00:00,72.2,75.69,72.03,74.64,13326896
7/2/2020 16:00:00,81.43,81.87,79.04,80.58,17250115
7/6/2020 16:00:00,85.11,91.85,84.4,91.44,20569864
7/7/2020 16:00:00,93.67,95.3,89.11,92.66,21489661
7/8/2020 16:00:00,93.67,94.48,87.42,91.06,16311312
7/9/2020 16:00:00,93.13,93.9,90.09,92.95,11717598
7/10/2020 16:00:00,93.07,103.26,91.73,102.98,23337553
7/13/2020 16:00:00,110.6,119.67,98.07,99.8,38985362
7/14/2020 16:00:00,103.73,106,95.4,101.12,23418140
7/15/2020 16:00:00,102.87,103.33,97.13,103.07,16367829
7/16/2020 16:00:00,98.48,102.11,97.73,100.04,14300785
7/17/2020 16:00:00,100.9,102.5,99.33,100.06,9329972
7/20/2020 16:00:00,101.27,110,99.2,109.53,17121367
7/21/2020 16:00:00,109.33,111.67,103.87,104.56,16157280
7/22/2020 16:00:00,106.6,108.43,104.13,106.16,14161080
7/23/2020 16:00:00,111.93,112.6,98.72,100.87,24328504
7/24/2020 16:00:00,94.4,97.67,91.1,94.47,19396616
7/27/2020 16:00:00,95.67,103.2,94.2,102.64,16048669
7/28/2020 16:00:00,100.27,104.31,98.29,98.43,15808700
7/29/2020 16:00:00,100.07,102.32,99.13,99.94,9426893
7/30/2020 16:00:00,99.2,100.88,98.07,99.17,7621039
7/31/2020 16:00:00,101,101.14,94.73,95.38,12246960
8/3/2020 16:00:00,96.61,100.65,96.29,99,8809346
8/4/2020 16:00:00,99.67,101.83,97.47,99.13,8414990
8/5/2020 16:00:00,99.53,99.99,97.89,99,4978015
8/6/2020 16:00:00,99.39,101.15,98.48,99.31,5992313
8/7/2020 16:00:00,99.97,99.98,94.33,96.85,8896420
8/10/2020 16:00:00,96.53,97.17,92.39,94.57,7522264
8/11/2020 16:00:00,93.07,94.67,91,91.63,8625834
8/12/2020 16:00:00,98,105.67,95.67,103.65,21898834
8/13/2020 16:00:00,107.4,110.08,104.48,108.07,20425308
8/14/2020 16:00:00,111,111.25,108.44,110.05,12577614
8/17/2020 16:00:00,111.8,123.06,111.52,122.38,20242323
8/18/2020 16:00:00,126.6,128.26,123.01,125.81,16474491
8/19/2020 16:00:00,124.33,127.4,122.75,125.24,12205331
8/20/2020 16:00:00,124.05,134.8,123.8,133.46,20611796
8/21/2020 16:00:00,136.32,139.7,135,136.67,21489559
8/24/2020 16:00:00,141.75,141.93,128.5,134.28,20063621
8/25/2020 16:00:00,131.66,135.2,131.2,134.89,10658893
8/26/2020 16:00:00,137.33,144.4,136.91,143.54,14239382
8/27/2020 16:00:00,145.36,153.04,142.83,149.25,23693043
8/28/2020 16:00:00,153.01,154.57,145.77,147.56,20081176
8/31/2020 16:00:00,148.2,166.71,146.7,166.11,118374406
9/1/2020 16:00:00,167.38,167.5,156.84,158.35,90119419
9/2/2020 16:00:00,159.66,159.68,135.04,149.12,96176128
9/3/2020 16:00:00,135.74,143.93,134,135.67,87596086
9/4/2020 16:00:00,134.27,142.67,124.01,139.44,110321885
9/8/2020 16:00:00,118.67,122.91,109.96,110.07,115465691
9/9/2020 16:00:00,118.87,123,113.84,122.09,79465769
9/10/2020 16:00:00,128.74,133,120.19,123.78,84930608
9/11/2020 16:00:00,127.31,127.5,120.17,124.24,60717459
9/14/2020 16:00:00,126.98,140,124.43,139.87,83020608
9/15/2020 16:00:00,145.52,153.98,143.57,149.92,97298228
9/16/2020 16:00:00,146.62,152.6,145.1,147.25,72546760
9/17/2020 16:00:00,138.53,145.93,136,141.14,76779163
9/18/2020 16:00:00,149.31,150.33,142.93,147.38,86406819
9/21/2020 16:00:00,151.04,151.89,135.69,149.8,109476800
9/22/2020 16:00:00,143.2,145.92,139.2,141.41,79580795
9/23/2020 16:00:00,135.05,137.38,125.29,126.79,95074176
9/24/2020 16:00:00,121.27,133.17,117.1,129.26,96561061
9/25/2020 16:00:00,131.16,136.24,130.43,135.78,67208459
9/28/2020 16:00:00,141.54,142.69,138.52,140.4,49719561
9/29/2020 16:00:00,138.67,142.83,137.2,139.69,50341404
9/30/2020 16:00:00,140.44,144.64,140.16,143,48145566
10/1/2020 16:00:00,146.92,149.63,144.81,149.39,50741454
10/2/2020 16:00:00,140.46,146.38,138.33,138.36,71430025
10/5/2020 16:00:00,141.12,144.55,139.78,141.89,44722786
10/6/2020 16:00:00,141.26,142.93,135.35,137.99,49146259
10/7/2020 16:00:00,139.96,143.3,137.95,141.77,43127709
10/8/2020 16:00:00,146.15,146.33,141.77,141.97,40421116
10/9/2020 16:00:00,143.38,144.86,142.15,144.67,28925656
10/12/2020 16:00:00,147.33,149.58,146.19,147.43,38791133
10/13/2020 16:00:00,147.78,149.63,145.53,148.88,34463665
10/14/2020 16:00:00,149.93,155.3,149.12,153.77,48045394
10/15/2020 16:00:00,150.1,152.19,147.5,149.63,35672354
10/16/2020 16:00:00,151.48,151.98,146.28,146.56,32775879
10/19/2020 16:00:00,148.75,149,142.96,143.61,36287843
10/20/2020 16:00:00,143.92,143.92,139.68,140.65,31656289
10/21/2020 16:00:00,140.9,144.32,140.42,140.88,32370461
10/22/2020 16:00:00,147.31,148.41,141.5,141.93,39993191
10/23/2020 16:00:00,140.61,140.96,135.79,140.21,33716980
10/26/2020 16:00:00,137.21,141.92,136.67,140.09,28239161
10/27/2020 16:00:00,141.25,143.5,140.03,141.56,22686506
10/28/2020 16:00:00,138.83,139.53,135.33,135.34,25451409
10/29/2020 16:00:00,136.65,139.35,135.49,136.94,22655308
10/30/2020 16:00:00,135.63,135.86,126.37,129.35,42587639
11/2/2020 16:00:00,131.33,135.66,130.77,133.5,29021118
11/3/2020 16:00:00,136.58,142.59,135.56,141.3,34351715
11/4/2020 16:00:00,143.54,145.13,139.03,140.33,32143057
11/5/2020 16:00:00,142.77,146.67,141.33,146.03,28414523
11/6/2020 16:00:00,145.37,145.52,141.43,143.32,21706014
11/9/2020 16:00:00,146.5,150.83,140.33,140.42,34833025
11/10/2020 16:00:00,140.03,140.03,132.01,136.79,30284224
11/11/2020 16:00:00,138.82,139.57,136.86,139.04,17357722
11/12/2020 16:00:00,138.35,141,136.51,137.25,19940500
11/13/2020 16:00:00,136.95,137.51,133.89,136.17,19830351
11/16/2020 16:00:00,136.31,137.48,134.7,136.03,26838635
11/17/2020 16:00:00,153.39,154,144.34,147.2,61188281
11/18/2020 16:00:00,149.45,165.33,147.83,162.21,78044024
11/19/2020 16:00:00,164,169.54,162.52,166.42,62475346
11/20/2020 16:00:00,166,167.5,163.02,163.2,32911922
11/23/2020 16:00:00,167.83,175.33,167.26,173.95,50260304
11/24/2020 16:00:00,180.13,186.66,175.4,185.13,53648494
11/25/2020 16:00:00,183.35,191.33,181.79,191.33,48930162
11/27/2020 13:00:00,193.72,199.59,192.82,195.25,37561078
11/30/2020 16:00:00,200.74,202.6,184.84,189.2,63003052
12/1/2020 16:00:00,199.2,199.28,190.68,194.92,40382832
12/2/2020 16:00:00,185.48,190.51,180.4,189.61,47775653
12/3/2020 16:00:00,196.67,199.66,194.14,197.79,42552003
12/4/2020 16:00:00,197,199.68,195.17,199.68,29401314
12/7/2020 16:00:00,201.64,216.26,201.02,213.92,56309709
12/8/2020 16:00:00,208.5,217.09,206.17,216.63,64265029
12/9/2020 16:00:00,217.9,218.11,196,201.49,71291190
12/10/2020 16:00:00,191.46,209.25,188.78,209.02,67083153
12/11/2020 16:00:00,205,208,198.93,203.33,46474974
12/14/2020 16:00:00,206.33,214.25,203.4,213.28,52040649
12/15/2020 16:00:00,214.43,215.63,207.93,211.08,45223559
12/16/2020 16:00:00,209.41,210.83,201.67,207.59,42095813
12/17/2020 16:00:00,209.4,219.61,206.5,218.63,56270144
12/18/2020 16:00:00,222.97,231.67,209.51,231.67,222126194
12/21/2020 16:00:00,222.08,222.83,215.36,216.62,58045264
12/22/2020 16:00:00,216,216.63,204.74,213.45,51861644
12/23/2020 16:00:00,210.73,217.17,207.52,215.33,33172972
12/24/2020 13:00:00,214.33,222.03,213.67,220.59,22865568
12/28/2020 16:00:00,224.84,227.13,220.27,221.23,32278561
12/29/2020 16:00:00,220.33,223.3,218.33,222,22910811
12/30/2020 16:00:00,224,232.2,222.79,231.59,42846021
12/31/2020 16:00:00,233.33,239.57,230.37,235.22,49649928
1/4/2021 16:00:00,239.82,248.16,239.06,243.26,48638189
1/5/2021 16:00:00,241.22,246.95,239.73,245.04,32245165
1/6/2021 16:00:00,252.83,258,249.7,251.99,44699965
1/7/2021 16:00:00,259.21,272.33,258.4,272.01,51498948
1/8/2021 16:00:00,285.33,294.83,279.46,293.34,75055528
1/11/2021 16:00:00,283.13,284.81,267.87,270.4,59554146
1/12/2021 16:00:00,277,289.33,275.78,283.15,46270720
1/13/2021 16:00:00,284.25,286.82,277.33,284.8,33312496
1/14/2021 16:00:00,281.13,287.67,279.58,281.67,31266327
1/15/2021 16:00:00,284,286.63,273.03,275.39,38777596
1/19/2021 16:00:00,279.27,283.33,277.67,281.52,25366980
1/20/2021 16:00:00,286.25,286.5,279.09,283.48,25665883
1/21/2021 16:00:00,285,285.24,280.47,281.66,20598133
1/22/2021 16:00:00,278.1,282.67,276.21,282.21,20066497
1/25/2021 16:00:00,285,300.13,279.61,293.6,41173397
1/26/2021 16:00:00,297.13,298.63,290.53,294.36,23131603
1/27/2021 16:00:00,290.12,297.17,286.22,288.05,27333955
1/28/2021 16:00:00,273.33,282.67,267,278.48,26378048
1/29/2021 16:00:00,276.67,280.8,260.03,264.51,34990754
2/1/2021 16:00:00,271.43,280.67,265.19,279.94,25391385
2/2/2021 16:00:00,281.56,293.5,280.73,290.93,24346213
2/3/2021 16:00:00,292.34,292.69,284.35,284.9,18343510
2/4/2021 16:00:00,285,285.5,277.81,283.33,15812661
2/5/2021 16:00:00,281.67,288.26,279.66,284.08,18566637
2/8/2021 16:00:00,289.89,292.59,284.92,287.81,20161719
2/9/2021 16:00:00,285.04,286.6,280.58,283.15,15157651
2/10/2021 16:00:00,281.21,281.61,266.67,268.27,36216090
2/11/2021 16:00:00,270.81,276.63,267.24,270.55,21622753
2/12/2021 16:00:00,267.09,272.44,261.78,272.04,23768313
2/16/2021 16:00:00,272.67,273.67,264.15,265.41,19802324
2/17/2021 16:00:00,259.7,266.61,254,266.05,26078898
2/18/2021 16:00:00,260.3,264.9,258.76,262.46,17957058
2/19/2021 16:00:00,265,265.6,259.12,260.43,18958255
2/22/2021 16:00:00,254.21,256.17,236.73,238.17,37269716
2/23/2021 16:00:00,220.71,237.87,206.33,232.95,66606882
2/24/2021 16:00:00,237.28,248.33,231.39,247.34,36766950
2/25/2021 16:00:00,242.05,245.74,223.53,227.41,39023855
2/26/2021 16:00:00,233.33,235.57,219.84,225.17,41089173
3/1/2021 16:00:00,230.04,290.67,228.35,239.48,27136239
3/2/2021 16:00:00,239.43,240.37,228.33,228.81,23732158
3/3/2021 16:00:00,229.33,233.57,217.24,217.73,30207960
3/4/2021 16:00:00,218.6,291.31,200,207.15,65919530
3/5/2021 16:00:00,208.69,209.28,179.83,199.32,89396459
3/8/2021 16:00:00,200.18,206.71,186.26,187.67,51786958
3/9/2021 16:00:00,202.73,226.03,198.4,224.53,67523328
3/10/2021 16:00:00,233.43,239.28,218.35,222.69,60605672
3/11/2021 16:00:00,233.13,234.17,225.73,233.2,36253892
3/12/2021 16:00:00,223.33,231.63,222.05,231.24,33583840
3/15/2021 16:00:00,231.36,237.73,228.01,235.98,29423479
3/16/2021 16:00:00,234.45,235.97,223.67,225.63,32195672
3/17/2021 16:00:00,218.96,234.58,217,233.94,40372453
3/18/2021 16:00:00,228.1,229.74,217.33,217.72,33369022
3/19/2021 16:00:00,215.53,219.08,208.21,218.29,42893978
3/22/2021 16:00:00,228.2,233.21,222.92,223.33,39512221
3/23/2021 16:00:00,225.26,225.93,219.17,220.72,30491870
3/24/2021 16:00:00,222.64,222.67,210.04,210.09,33795174
3/25/2021 16:00:00,204.33,215.17,203.17,213.46,39224850
3/26/2021 16:00:00,213.96,214.61,199.96,206.24,33852827
3/29/2021 16:00:00,205.21,205.49,198.67,203.76,28636985
3/30/2021 16:00:00,200.58,212.55,197,211.87,39432359
3/31/2021 16:00:00,215.54,224,213.7,222.64,33337288
4/1/2021 16:00:00,229.46,230.81,219.81,220.58,35298378
4/5/2021 16:00:00,235.9,236.05,228.23,230.35,41842767
4/6/2021 16:00:00,230.1,232.18,227.12,230.54,28271839
4/7/2021 16:00:00,229,230.46,222.61,223.66,26309433
4/8/2021 16:00:00,225.79,229.85,223.88,227.93,23924329
4/9/2021 16:00:00,225.92,226.99,223.14,225.67,21437087
4/12/2021 16:00:00,228.57,234.93,227.36,233.99,29135670
4/13/2021 16:00:00,237.57,254.33,236.89,254.11,44652808
4/14/2021 16:00:00,256.9,260.26,242.68,244.08,49017434
4/15/2021 16:00:00,247.7,247.9,240.44,246.28,27848900
4/16/2021 16:00:00,242.88,249.8,241.53,246.59,27979526
4/19/2021 16:00:00,239.87,241.8,230.6,238.21,39686226
4/20/2021 16:00:00,239.14,245.75,236.9,239.66,35609038
4/21/2021 16:00:00,234.92,248.28,232.67,248.04,31215514
4/22/2021 16:00:00,247.17,251.26,239.35,239.9,35590255
4/23/2021 16:00:00,239.93,245.79,238.49,243.13,28413889
4/26/2021 16:00:00,247,249.77,244.2,246.07,31038502
4/27/2021 16:00:00,239.32,241.33,234.45,234.91,29436995
4/28/2021 16:00:00,232.14,236.17,231.2,231.47,22271047
4/29/2021 16:00:00,233.17,234.08,222.83,225.67,28845449
4/30/2021 16:00:00,222.53,238.49,222.05,236.48,40758722
5/3/2021 16:00:00,234.6,235.33,226.83,228.3,27043143
5/4/2021 16:00:00,226.31,227.82,219.23,224.53,29739319
5/5/2021 16:00:00,227.02,228.43,222.45,223.65,21901894
5/6/2021 16:00:00,226.92,227.01,216.67,221.18,27784619
5/7/2021 16:00:00,221.93,230,220.07,224.12,23469172
5/10/2021 16:00:00,221.63,221.68,209.2,209.68,31392417
5/11/2021 16:00:00,199.75,209.03,198.53,205.73,46503896
5/12/2021 16:00:00,200.83,206.8,195.59,196.63,33823646
5/13/2021 16:00:00,200.52,202.15,186.55,190.56,44184916
5/14/2021 16:00:00,194.47,197.62,190.15,196.58,33370856
5/17/2021 16:00:00,191.85,196.58,187.07,192.28,32390360
5/18/2021 16:00:00,189.33,198.75,187.79,192.62,36830567
5/19/2021 16:00:00,184.18,188.74,182.33,187.82,39578395
5/20/2021 16:00:00,191.67,196.28,190.36,195.59,30821119
5/21/2021 16:00:00,198.7,198.89,193.33,193.63,26030595
5/24/2021 16:00:00,193.87,204.83,191.22,202.15,34558089
5/25/2021 16:00:00,202.44,204.66,198.57,201.56,28005933
5/26/2021 16:00:00,202.52,208.72,200.5,206.38,28639305
5/27/2021 16:00:00,206.75,210.38,205.4,210.28,26370593
5/28/2021 16:00:00,209.5,211.86,207.46,208.41,22737038
6/1/2021 16:00:00,209.27,211.27,206.85,207.97,18084890
6/2/2021 16:00:00,206.71,207.79,199.71,201.71,23302779
6/3/2021 16:00:00,200.6,201.52,190.41,190.95,30111893
6/4/2021 16:00:00,193.24,200.2,192.4,199.68,24036896
6/7/2021 16:00:00,197.28,203.33,194.29,201.71,22543682
6/8/2021 16:00:00,207.67,207.7,198.5,201.2,26053405
6/9/2021 16:00:00,200.72,203.93,199.21,199.59,16584566
6/10/2021 16:00:00,201.29,205.53,200.17,203.37,23919606
6/11/2021 16:00:00,203.41,204.19,200.51,203.3,16205303
6/14/2021 16:00:00,204.08,208.5,203.06,205.9,20423983
6/15/2021 16:00:00,205.56,205.6,199.41,199.79,17764145
6/16/2021 16:00:00,199.18,202.83,197.83,201.62,22144127
6/17/2021 16:00:00,200.63,207.16,200.45,205.53,22701350
6/18/2021 16:00:00,204.46,209.45,203.93,207.77,24560905
6/21/2021 16:00:00,208.16,210.46,202.96,206.94,24812741
6/22/2021 16:00:00,206.08,209.52,205.17,207.9,19158892
6/23/2021 16:00:00,210.67,219.07,210.01,218.86,31099228
6/24/2021 16:00:00,225,232.54,222.54,226.61,45982386
6/25/2021 16:00:00,229.86,231.27,222.9,223.96,32496707
6/28/2021 16:00:00,223.88,231.57,223.44,229.57,21628159
6/29/2021 16:00:00,228.22,229.17,225.3,226.92,17381313
6/30/2021 16:00:00,226.59,230.94,226.05,226.57,18924862
7/1/2021 16:00:00,227.97,229.33,224.27,225.97,18634522
7/2/2021 16:00:00,226.33,233.33,224.42,226.3,27097374
7/6/2021 16:00:00,227.24,228,217.13,219.86,23284450
7/7/2021 16:00:00,221.42,221.9,212.77,214.88,18791960
7/8/2021 16:00:00,209.46,218.14,206.82,217.6,22773316
7/9/2021 16:00:00,217.73,219.64,214.9,218.98,18140548
7/12/2021 16:00:00,220.73,229.08,220.72,228.57,25927042
7/13/2021 16:00:00,228.77,231.09,222.1,222.85,20966092
7/14/2021 16:00:00,223.58,226.2,217.61,217.79,21641190
7/15/2021 16:00:00,219.46,222.05,212.63,216.87,20209571
7/16/2021 16:00:00,218.23,218.9,214.07,214.74,16370970
7/19/2021 16:00:00,209.96,215.73,207.1,215.41,21297090
7/20/2021 16:00:00,217.33,220.8,213.5,220.17,15487127
7/21/2021 16:00:00,219.87,221.62,216.76,218.43,13953338
7/22/2021 16:00:00,218.81,220.72,214.87,216.42,15105727
7/23/2021 16:00:00,215.45,216.27,212.43,214.46,14604944
7/26/2021 16:00:00,216.99,222.73,215.7,219.21,25336556
7/27/2021 16:00:00,221.13,222.17,209.08,214.93,32813290
7/28/2021 16:00:00,215.67,218.32,213.13,215.66,16006596
7/29/2021 16:00:00,216.6,227.9,216.27,225.78,30394637
7/30/2021 16:00:00,223.92,232.51,223,229.07,29656411
8/2/2021 16:00:00,233.33,242.31,232.8,236.56,33615765
8/3/2021 16:00:00,239.67,240.88,233.67,236.58,21620253
8/4/2021 16:00:00,237,241.63,236.31,236.97,17002647
8/5/2021 16:00:00,238.67,240.32,237.14,238.21,12919637
8/6/2021 16:00:00,237.3,238.78,232.54,233.03,15623049
8/9/2021 16:00:00,236.72,239.68,235.04,237.92,14715349
8/10/2021 16:00:00,238,238.86,233.96,236.66,13432305
8/11/2021 16:00:00,237.57,238.39,234.74,235.94,9800558
8/12/2021 16:00:00,235.45,240.93,233.13,240.75,17681686
8/13/2021 16:00:00,241.24,243.3,238.11,239.06,16731467
8/16/2021 16:00:00,235.02,236.5,225.47,228.72,23103303
8/17/2021 16:00:00,224.22,224.86,216.28,221.9,23721279
8/18/2021 16:00:00,223.25,231.92,223.12,229.66,20349375
8/19/2021 16:00:00,226.07,228.85,222.53,224.49,14313486
8/20/2021 16:00:00,227.62,230.71,224.57,226.75,14841865
8/23/2021 16:00:00,228.48,237.38,226.92,235.43,20264859
8/24/2021 16:00:00,236.89,238.41,234.21,236.16,13083071
8/25/2021 16:00:00,235.68,238.99,234.67,237.07,12645562
8/26/2021 16:00:00,236.1,238.47,232.54,233.72,13214292
8/27/2021 16:00:00,235,238.33,234.03,237.31,13833763
8/30/2021 16:00:00,238.24,243.67,237.58,243.64,18604220
8/31/2021 16:00:00,244.33,246.8,242.15,245.24,20855436
9/1/2021 16:00:00,244.69,247.33,243.76,244.7,13204335
9/2/2021 16:00:00,244.83,246.99,243.51,244.13,12796739
9/3/2021 16:00:00,244.08,244.67,241.4,244.52,15271045
9/7/2021 16:00:00,246.67,253.4,246.42,250.97,20039825
9/8/2021 16:00:00,253.86,254.82,246.92,251.29,18793036
9/9/2021 16:00:00,251.14,254.03,250.54,251.62,14077731
9/10/2021 16:00:00,253.2,254.2,244.84,245.42,15184170
9/13/2021 16:00:00,246.74,248.26,236.28,247.67,22952482
9/14/2021 16:00:00,247.52,251.49,245.47,248.16,18524881
9/15/2021 16:00:00,248.33,252.29,246.12,251.94,15357685
9/16/2021 16:00:00,250.94,252.97,249.2,252.33,13923393
9/17/2021 16:00:00,252.38,253.68,250,253.16,28204176
9/20/2021 16:00:00,244.85,247.33,239.54,243.39,24757652
9/21/2021 16:00:00,244.93,248.25,243.48,246.46,16330723
9/22/2021 16:00:00,247.84,251.22,246.37,250.65,15126272
9/23/2021 16:00:00,251.67,252.73,249.31,251.21,11947527
9/24/2021 16:00:00,248.63,258.27,248.19,258.13,21373022
9/27/2021 16:00:00,257.71,266.33,256.44,263.79,28070657
9/28/2021 16:00:00,262.4,265.21,255.39,259.19,25381422
9/29/2021 16:00:00,259.93,264.5,256.89,260.44,20942877
9/30/2021 16:00:00,260.33,263.04,258.33,258.49,17955961
10/1/2021 16:00:00,259.47,260.26,254.53,258.41,17031414
10/4/2021 16:00:00,265.5,268.99,258.71,260.51,30483341
10/5/2021 16:00:00,261.6,265.77,258.07,260.2,18432625
10/6/2021 16:00:00,258.73,262.22,257.74,260.92,14632768
10/7/2021 16:00:00,261.82,268.33,261.13,264.54,19195782
10/8/2021 16:00:00,265.4,265.46,260.3,261.83,16738604
10/11/2021 16:00:00,262.55,267.08,261.83,263.98,14200322
10/12/2021 16:00:00,266.98,270.77,265.52,268.57,22020040
10/13/2021 16:00:00,270.16,271.8,268.59,270.36,14120075
10/14/2021 16:00:00,271.83,273.42,271.12,272.77,12247170
10/15/2021 16:00:00,274.58,281.07,274.12,281.01,18924567
10/18/2021 16:00:00,283.93,291.75,283.82,290.04,24207244
10/19/2021 16:00:00,292.51,292.65,287.5,288.09,17381128
10/20/2021 16:00:00,288.45,289.83,285.79,288.6,14032052
10/21/2021 16:00:00,285.33,300,285.17,298,31481454
10/22/2021 16:00:00,298.5,303.33,296.99,303.23,22880835
10/25/2021 16:00:00,316.84,348.34,314.73,341.62,62852099
10/26/2021 16:00:00,341.56,364.98,333.81,339.48,62414968
10/27/2021 16:00:00,346.55,356.96,343.59,345.95,38526459
10/28/2021 16:00:00,356.1,360.33,351.4,359.01,27213173
10/29/2021 16:00:00,360.62,371.74,357.74,371.33,29918417
11/1/2021 16:00:00,381.67,403.25,372.89,402.86,56048716
11/2/2021 16:00:00,386.45,402.86,382,390.67,42737797
11/3/2021 16:00:00,392.44,405.13,384.21,404.62,34628519
11/4/2021 16:00:00,411.47,414.5,405.67,409.97,25397410
11/5/2021 16:00:00,409.33,413.29,402.67,407.36,21628812
11/8/2021 16:00:00,383.26,399,377.67,387.65,33445715
11/9/2021 16:00:00,391.2,391.5,337.17,341.17,59105836
11/10/2021 16:00:00,336.8,359.37,329.1,355.98,42802722
11/11/2021 16:00:00,367.59,368.32,351.56,354.5,22396568
11/12/2021 16:00:00,349.17,351.5,339.73,344.47,25573148
11/15/2021 16:00:00,339.21,343.99,326.2,337.8,34775649
11/16/2021 16:00:00,334.44,352.4,334.06,351.58,26542359
11/17/2021 16:00:00,354.5,373.21,351.83,363,31445365
11/18/2021 16:00:00,368.85,370.67,358.34,365.46,20898930
11/19/2021 16:00:00,366.29,379.57,364.23,379.02,21642258
11/22/2021 16:00:00,387.44,400.65,377.48,385.62,33072509
11/23/2021 16:00:00,389.17,393.5,354.23,369.68,36171700
11/24/2021 16:00:00,360.13,377.59,354,372,22560238
11/26/2021 13:00:00,366.49,369.59,360.33,360.64,11680890
11/29/2021 16:00:00,367,380.89,366.73,379,19464467
11/30/2021 16:00:00,381.46,389.33,372.67,381.59,27092038
12/1/2021 16:00:00,386.9,390.95,363.59,365,22934698
12/2/2021 16:00:00,366.35,371,352.22,361.53,24371623
12/3/2021 16:00:00,361.6,363.53,333.4,338.32,30773995
12/6/2021 16:00:00,333.84,340.55,316.83,336.34,27221037
12/7/2021 16:00:00,348.07,352.56,342.27,350.58,18694857
12/8/2021 16:00:00,350.9,357.46,344.33,356.32,13968790
12/9/2021 16:00:00,353.55,354.16,334.12,334.6,19812832
12/10/2021 16:00:00,336.25,340.33,327.51,339.01,19888122
12/13/2021 16:00:00,333.7,335,317.14,322.14,26198502
12/14/2021 16:00:00,315,322.14,310,319.5,23602090
12/15/2021 16:00:00,317.74,326.25,309.42,325.33,25056410
12/16/2021 16:00:00,331.5,331.66,307.28,308.97,27590483
12/17/2021 16:00:00,304.92,320.22,303.01,310.86,33626754
12/20/2021 16:00:00,303.57,307.23,297.8,299.98,18826671
12/21/2021 16:00:00,305.62,313.17,295.37,312.84,23839305
12/22/2021 16:00:00,321.89,338.55,319.02,336.29,31211362
12/23/2021 16:00:00,335.6,357.66,332.52,355.67,30904429
12/27/2021 16:00:00,357.89,372.33,356.91,364.65,23715273
12/28/2021 16:00:00,369.83,373,359.47,362.82,20107969
12/29/2021 16:00:00,366.21,368,354.71,362.06,18718015
12/30/2021 16:00:00,353.78,365.18,351.05,356.78,15680313
12/31/2021 16:00:00,357.81,360.67,351.53,352.26,13577875
1/3/2022 16:00:00,382.58,400.36,378.68,399.93,34895349
1/4/2022 16:00:00,396.52,402.67,374.35,383.2,33416086
1/5/2022 16:00:00,382.22,390.11,360.34,362.71,26706599
1/6/2022 16:00:00,359,362.67,340.17,354.9,30112158
1/7/2022 16:00:00,360.12,360.31,336.67,342.32,28054916
1/10/2022 16:00:00,333.33,353.03,326.67,352.71,30604959
1/11/2022 16:00:00,351.22,358.62,346.27,354.8,22021070
1/12/2022 16:00:00,359.62,371.61,357.53,368.74,27913005
1/13/2022 16:00:00,369.69,371.87,342.18,343.85,32403264
1/14/2022 16:00:00,339.96,350.67,337.79,349.87,24308137
1/18/2022 16:00:00,342.2,356.93,338.69,343.5,22329803
1/19/2022 16:00:00,347.24,351.56,331.67,331.88,25147496
1/20/2022 16:00:00,336.58,347.22,331.33,332.09,23496248
1/21/2022 16:00:00,332.11,334.85,313.5,314.63,34472009
1/24/2022 16:00:00,301.59,311.17,283.82,310,50791714
1/25/2022 16:00:00,304.73,317.09,301.07,306.13,28865302
1/26/2022 16:00:00,317.48,329.23,302,312.47,34955761
1/27/2022 16:00:00,311.12,311.8,276.33,276.37,49036523
1/28/2022 16:00:00,277.19,285.83,264,282.12,44929650
1/31/2022 16:00:00,290.9,312.66,287.35,312.24,34812032
2/1/2022 16:00:00,311.74,314.57,301.67,310.42,24379446
2/2/2022 16:00:00,309.39,310.5,296.47,301.89,22264345
2/3/2022 16:00:00,294,312.33,293.51,297.05,26285186
2/4/2022 16:00:00,299.07,312.17,293.72,307.77,24541822
2/7/2022 16:00:00,307.93,315.92,300.9,302.45,20331488
2/8/2022 16:00:00,301.84,308.76,298.27,307.33,16909671
2/9/2022 16:00:00,311.67,315.42,306.67,310.67,17419848
2/10/2022 16:00:00,302.79,314.6,298.9,301.52,22042277
2/11/2022 16:00:00,303.21,305.32,283.57,286.67,26548623
2/14/2022 16:00:00,287.19,299.63,284.38,291.92,22585472
2/15/2022 16:00:00,300,307.67,297.79,307.48,19216514
2/16/2022 16:00:00,304.68,308.81,300.4,307.8,17098132
2/17/2022 16:00:00,304.42,306.17,291.37,292.12,18392806
2/18/2022 16:00:00,295.33,295.62,279.2,285.66,22833947
2/22/2022 16:00:00,278.04,285.58,267.03,273.84,27762734
2/23/2022 16:00:00,276.81,278.43,253.52,254.68,31752336
2/24/2022 16:00:00,233.46,267.49,233.33,266.92,45107425
2/25/2022 16:00:00,269.74,273.17,260.8,269.96,25355921
2/28/2022 16:00:00,271.67,292.29,271.57,290.14,33002289
3/1/2022 16:00:00,289.89,296.63,284.59,288.12,24922287
3/2/2022 16:00:00,290.71,295.49,281.42,293.3,24881146
3/3/2022 16:00:00,292.92,295.48,277.53,279.76,20541169
3/4/2022 16:00:00,283.03,285.22,275.05,279.43,22393287
3/7/2022 16:00:00,285.43,288.71,268.19,268.19,24164724
3/8/2022 16:00:00,265.18,283.33,260.72,274.8,26799702
3/9/2022 16:00:00,279.83,286.85,277.34,286.32,19727993
3/10/2022 16:00:00,283.82,284.82,270.12,279.43,19549548
3/11/2022 16:00:00,280.07,281.27,264.59,265.12,22345722
3/14/2022 16:00:00,260.2,266.9,252.01,255.46,23717421
3/15/2022 16:00:00,258.42,268.52,252.19,267.3,22280381
3/16/2022 16:00:00,269.67,280.67,267.42,280.08,28009607
3/17/2022 16:00:00,277,291.67,275.24,290.53,22194324
3/18/2022 16:00:00,291.5,302.62,289.13,301.8,33471397
3/21/2022 16:00:00,304.99,314.28,302.36,307.05,27327216
3/22/2022 16:00:00,310,332.62,307.25,331.33,35289519
3/23/2022 16:00:00,326.65,346.9,325.47,333.04,40225383
3/24/2022 16:00:00,336.58,341.5,329.6,337.97,22973626
3/25/2022 16:00:00,336,340.6,332.44,336.88,20677182
3/28/2022 16:00:00,355.03,365.96,351.2,363.95,34168693
3/29/2022 16:00:00,369.33,371.59,357.7,366.52,24538273
3/30/2022 16:00:00,363.72,371.32,361.33,364.66,19955002
3/31/2022 16:00:00,364.86,367.71,358.88,359.2,16330919
4/1/2022 16:00:00,360.38,364.92,355.55,361.53,18087741
4/4/2022 16:00:00,363.13,383.3,357.51,381.82,27392567
4/5/2022 16:00:00,378.77,384.29,362.43,363.75,26691673
4/6/2022 16:00:00,357.82,359.67,342.57,348.59,29782845
4/7/2022 16:00:00,350.8,358.86,340.51,352.42,26482353
4/8/2022 16:00:00,347.74,349.48,340.81,341.83,18337896
4/11/2022 16:00:00,326.8,336.16,324.88,325.31,19785735
4/12/2022 16:00:00,332.55,340.4,325.53,328.98,21992032
4/13/2022 16:00:00,327.02,342.08,324.37,340.79,18373737
4/14/2022 16:00:00,333.1,337.57,327.4,328.33,19474135
4/18/2022 16:00:00,329.68,338.31,324.47,334.76,17238407
4/19/2022 16:00:00,335.02,344.98,331.78,342.72,16615944
4/20/2022 16:00:00,343.33,344.67,325.08,325.73,23570442
4/21/2022 16:00:00,358.24,364.07,332.14,336.26,35138779
4/22/2022 16:00:00,338.3,344.95,331.33,335.02,23232186
4/25/2022 16:00:00,326.32,336.21,325.1,332.67,22780445
4/26/2022 16:00:00,331.81,333.33,291.67,292.14,45377889
4/27/2022 16:00:00,299.53,306,292.45,293.84,25652132
4/28/2022 16:00:00,299.99,300,273.9,292.5,41649509
4/29/2022 16:00:00,300.75,311.47,290,290.25,29377665
5/2/2022 16:00:00,286.92,302.12,282.68,300.98,25260457
5/3/2022 16:00:00,301.06,308.03,296.2,303.08,21236525
5/4/2022 16:00:00,301.31,318.5,295.09,317.54,27214568
5/5/2022 16:00:00,313.07,315.2,285.9,291.09,30839731
5/6/2022 16:00:00,295.67,296,281.04,288.55,24301037
5/9/2022 16:00:00,278.82,281.88,260.38,262.37,30270074
5/10/2022 16:00:00,273.1,275.12,258.08,266.68,28133877
5/11/2022 16:00:00,265,269.92,242.4,244.67,32408153
5/12/2022 16:00:00,233.67,253.22,226.67,242.67,46770954
5/13/2022 16:00:00,257.83,262.45,250.52,256.53,30716908
5/16/2022 16:00:00,255.72,256.59,239.7,241.46,28699513
5/17/2022 16:00:00,249.12,254.83,242.95,253.87,26745370
5/18/2022 16:00:00,248.17,253.5,233.6,236.6,29270604
5/19/2022 16:00:00,235.67,244.67,231.37,236.47,30098891
5/20/2022 16:00:00,238,240.53,211,221.3,48324435
5/23/2022 16:00:00,218.34,226.65,212.69,224.97,29634546
5/24/2022 16:00:00,217.84,217.97,206.86,209.39,29697505
5/25/2022 16:00:00,207.95,223.11,207.67,219.6,30713108
5/26/2022 16:00:00,220.47,239.56,217.89,235.91,35334448
5/27/2022 16:00:00,241.08,253.27,240.18,253.21,29764994
5/31/2022 16:00:00,257.95,259.6,244.74,252.75,33971457
6/1/2022 16:00:00,251.72,257.33,243.64,246.79,25749321
6/2/2022 16:00:00,244.16,264.21,242.07,258.33,31157706
6/3/2022 16:00:00,243.23,247.8,233.42,234.52,37464579
6/6/2022 16:00:00,244.35,244.87,234.35,238.28,28068174
6/7/2022 16:00:00,234,240,230.09,238.89,24269534
6/8/2022 16:00:00,240.09,249.96,239.18,241.87,25403540
6/9/2022 16:00:00,249.34,255.55,239.33,239.71,32163769
6/10/2022 16:00:00,235.16,239.5,227.91,232.23,32696966
6/13/2022 16:00:00,223.17,226.63,214.68,215.74,34255754
6/14/2022 16:00:00,218.29,226.33,211.74,220.89,32662932
6/15/2022 16:00:00,220.92,235.66,218.15,233,39710645
6/16/2022 16:00:00,222.74,225.17,208.69,213.1,35796900
6/17/2022 16:00:00,213.43,220.97,213.2,216.76,30880590
6/21/2022 16:00:00,224.6,243.58,224.33,237.04,40930985
6/22/2022 16:00:00,234.5,246.83,233.83,236.09,33842420
6/23/2022 16:00:00,237.91,239.32,228.64,235.07,34734226
6/24/2022 16:00:00,237.47,246.07,236.09,245.71,31923565
6/27/2022 16:00:00,249.37,252.07,242.57,244.92,29726104
6/28/2022 16:00:00,244.48,249.97,232.34,232.66,30222167
6/29/2022 16:00:00,230.5,231.17,222.27,228.49,27632418
6/30/2022 16:00:00,224.51,229.46,218.86,224.47,31533484
7/1/2022 16:00:00,227,230.23,222.12,227.26,24820148
7/5/2022 16:00:00,223,233.15,216.17,233.07,28259704
7/6/2022 16:00:00,230.78,234.56,227.19,231.73,23951210
7/7/2022 16:00:00,233.92,245.36,232.21,244.54,27310230
7/8/2022 16:00:00,242.33,254.98,241.16,250.76,33951362
7/11/2022 16:00:00,252.1,253.06,233.63,234.34,33169740
7/12/2022 16:00:00,236.85,239.77,228.37,233.07,29310320
7/13/2022 16:00:00,225.5,242.06,225.03,237.04,32651499
7/14/2022 16:00:00,234.9,238.65,229.33,238.31,26185833
7/15/2022 16:00:00,240,243.62,236.89,240.07,23227673
7/18/2022 16:00:00,244.94,250.52,239.6,240.55,27512476
7/19/2022 16:00:00,245,247.14,236.98,245.53,26963370
7/20/2022 16:00:00,246.78,250.66,243.48,247.5,29621363
7/21/2022 16:00:00,255.11,273.27,254.87,271.71,47344059
7/22/2022 16:00:00,276.22,280.79,270.71,272.24,34490949
7/25/2022 16:00:00,272.22,274.15,267.4,268.43,21357835
7/26/2022 16:00:00,266.51,267.31,256.26,258.86,22273586
7/27/2022 16:00:00,263.81,275.93,261.79,274.82,29369996
7/28/2022 16:00:00,280.07,283.3,272.8,280.9,28240997
7/29/2022 16:00:00,280.7,298.32,279.1,297.15,31770961
8/1/2022 16:00:00,301.27,311.88,295,297.28,39014296
8/2/2022 16:00:00,294,307.83,292.67,300.59,31859156
8/3/2022 16:00:00,305,309.55,301.15,307.4,26697035
8/4/2022 16:00:00,311,313.61,305,308.63,24085439
8/5/2022 16:00:00,302.67,304.61,285.54,288.17,37724299
8/8/2022 16:00:00,295,305.2,289.09,290.42,33121758
8/9/2022 16:00:00,290.29,292.4,279.35,283.33,28748227
8/10/2022 16:00:00,297.07,297.51,283.37,294.36,31639624
8/11/2022 16:00:00,296.51,298.24,285.83,286.63,23385015
8/12/2022 16:00:00,289.42,300.16,285.03,300.03,26552429
8/15/2022 16:00:00,301.79,313.13,301.23,309.32,29786389
8/16/2022 16:00:00,311.67,314.67,302.88,306.56,29378774
8/17/2022 16:00:00,303.4,309.66,300.03,304,22921990
8/18/2022 16:00:00,306,306.5,301.85,302.87,15833512
8/19/2022 16:00:00,299,300.36,292.5,296.67,20465129
8/22/2022 16:00:00,291.91,292.4,286.3,289.91,18614449
8/23/2022 16:00:00,291.45,298.83,287.92,296.45,21328348
8/24/2022 16:00:00,297.56,303.65,296.5,297.1,19086572
8/25/2022 16:00:00,302.36,302.96,291.6,296.07,53230013
8/26/2022 16:00:00,297.43,302,287.47,288.09,57163947
8/29/2022 16:00:00,282.83,287.74,280.7,284.82,41864742
8/30/2022 16:00:00,287.87,288.48,272.65,277.7,50541759
8/31/2022 16:00:00,280.62,281.25,271.81,275.61,52107337
9/1/2022 16:00:00,272.58,277.58,266.15,277.16,54287024
9/2/2022 16:00:00,281.07,282.35,269.08,270.21,50890090
9/6/2022 16:00:00,272.68,275.99,265.74,274.42,55859984
9/7/2022 16:00:00,273.1,283.84,272.27,283.7,50028916
9/8/2022 16:00:00,281.3,289.5,279.76,289.26,53713124
9/9/2022 16:00:00,291.67,299.85,291.25,299.68,54470854
9/12/2022 16:00:00,300.72,305.49,300.4,304.42,48674604
9/13/2022 16:00:00,292.9,297.4,290.4,292.13,68229619
9/14/2022 16:00:00,292.24,306,291.64,302.61,72628653
9/15/2022 16:00:00,301.83,309.12,300.72,303.75,64795523
9/16/2022 16:00:00,299.61,303.71,295.6,303.35,87087786
9/19/2022 16:00:00,300.09,309.84,297.8,309.07,60231156
9/20/2022 16:00:00,306.91,313.33,305.58,308.73,61642783
9/21/2022 16:00:00,308.29,313.8,300.63,300.8,62555656
9/22/2022 16:00:00,299.86,301.29,285.82,288.59,70545413
9/23/2022 16:00:00,283.09,284.5,272.82,275.33,63748362
9/26/2022 16:00:00,271.83,284.09,270.31,276.01,58076913
9/27/2022 16:00:00,283.84,288.67,277.51,282.94,61925185
9/28/2022 16:00:00,283.08,289,277.57,287.81,54664809
9/29/2022 16:00:00,282.76,283.65,265.78,268.21,77620642
9/30/2022 16:00:00,266.15,275.57,262.47,265.25,67726598
10/3/2022 16:00:00,254.5,255.16,241.01,242.4,98363541
10/4/2022 16:00:00,250.52,257.5,242.01,249.44,109578535
10/5/2022 16:00:00,245.01,246.67,233.27,240.81,86982673
10/6/2022 16:00:00,239.44,244.58,235.35,238.13,69298437
10/7/2022 16:00:00,233.94,234.57,222.02,223.07,83916800
10/10/2022 16:00:00,223.93,226.99,218.36,222.96,67925018
10/11/2022 16:00:00,220.95,225.75,215,216.5,77013202
10/12/2022 16:00:00,215.33,219.3,211.51,217.24,66860699
10/13/2022 16:00:00,208.3,222.99,206.22,221.72,91483045
10/14/2022 16:00:00,224.01,226.26,204.16,204.99,94124511
10/17/2022 16:00:00,210.04,221.86,209.45,219.35,79428810
10/18/2022 16:00:00,229.5,229.82,217.25,220.19,75891905
10/19/2022 16:00:00,219.8,222.93,217.78,222.04,66571479
10/20/2022 16:00:00,208.28,215.55,202,207.28,117798062
10/21/2022 16:00:00,206.42,214.66,203.8,214.44,75713754
10/24/2022 16:00:00,205.82,213.5,198.59,211.25,100446765
10/25/2022 16:00:00,210.1,224.35,210,222.42,96507870
10/26/2022 16:00:00,219.4,230.6,218.2,224.64,85327078
10/27/2022 16:00:00,229.77,233.81,222.85,225.09,61638824
10/28/2022 16:00:00,225.4,228.86,216.35,228.52,69152386
10/31/2022 16:00:00,226.19,229.85,221.94,227.54,61554341
11/1/2022 16:00:00,234.05,237.4,227.28,227.82,62688822
11/2/2022 16:00:00,226.04,227.87,214.82,214.98,63070293
11/3/2022 16:00:00,211.36,221.2,210.14,215.31,56538848
11/4/2022 16:00:00,222.6,223.8,203.08,207.47,98622212
11/7/2022 16:00:00,208.65,208.9,196.66,197.08,93916520
11/8/2022 16:00:00,194.02,195.2,186.75,191.3,128803404
11/9/2022 16:00:00,190.78,195.89,177.12,177.59,127062659
11/10/2022 16:00:00,189.9,191,180.03,190.72,132703015
11/11/2022 16:00:00,186,196.52,182.59,195.97,114403575
11/14/2022 16:00:00,192.77,195.73,186.34,190.95,92226649
11/15/2022 16:00:00,195.88,200.82,192.06,194.42,91293785
11/16/2022 16:00:00,191.51,192.57,185.66,186.92,66567599
11/17/2022 16:00:00,183.96,186.16,180.9,183.17,64335970
11/18/2022 16:00:00,185.05,185.19,176.55,180.19,76048866
11/21/2022 16:00:00,175.85,176.77,167.54,167.87,92882712
11/22/2022 16:00:00,168.63,170.92,166.19,169.91,78452327
11/23/2022 16:00:00,173.57,183.62,172.5,183.2,109536709
11/25/2022 13:05:00,185.06,185.2,180.63,182.86,50672739
11/28/2022 16:00:00,179.96,188.5,179,182.92,93038148
11/29/2022 16:00:00,184.99,186.38,178.75,180.83,83357111
11/30/2022 16:00:00,182.43,194.76,180.63,194.7,109186404
12/1/2022 16:00:00,197.08,198.92,191.8,194.7,80046213
12/2/2022 16:00:00,191.78,196.25,191.11,194.86,73645922
12/5/2022 16:00:00,189.44,191.27,180.55,182.45,93122667
12/6/2022 16:00:00,181.22,183.65,175.33,179.82,92150823
12/7/2022 16:00:00,175.03,179.38,172.22,174.04,84213284
12/8/2022 16:00:00,172.2,175.2,169.06,173.44,97624491
12/9/2022 16:00:00,173.84,182.5,173.36,179.05,104872336
12/12/2022 16:00:00,176.1,177.37,167.52,167.82,109794471
12/13/2022 16:00:00,174.87,175.05,156.91,160.95,175862722
12/14/2022 16:00:00,159.25,161.62,155.31,156.8,140682338
12/15/2022 16:00:00,153.44,160.93,153.28,157.67,122334459
12/16/2022 16:00:00,159.64,160.99,150.04,150.23,139032175
12/19/2022 16:00:00,154,155.25,145.82,149.87,139390634
12/20/2022 16:00:00,146.05,148.47,137.66,137.8,159563267
12/21/2022 16:00:00,139.34,141.26,135.89,137.57,145417412
12/22/2022 16:00:00,136,136.63,122.26,125.35,210090250
12/23/2022 16:00:00,126.37,128.62,121.02,123.15,166989688
12/27/2022 16:00:00,117.5,119.67,108.76,109.1,208643444
12/28/2022 16:00:00,110.35,116.27,108.24,112.71,221070537
12/29/2022 16:00:00,120.39,123.57,117.5,121.82,221923313
12/30/2022 16:00:00,119.95,124.48,119.75,123.18,157777339
1/3/2023 16:00:00,118.47,118.8,104.64,108.1,231402818
1/4/2023 16:00:00,109.11,114.59,107.52,113.64,180388976
1/5/2023 16:00:00,110.51,111.75,107.16,110.34,157986324
1/6/2023 16:00:00,103,114.39,101.81,113.06,220911051
1/9/2023 16:00:00,118.96,123.52,117.11,119.77,190283951
1/10/2023 16:00:00,121.07,122.76,114.92,118.85,167642485
1/11/2023 16:00:00,122.09,125.95,120.51,123.22,183810771
1/12/2023 16:00:00,122.56,124.13,117,123.56,169400913
1/13/2023 16:00:00,116.55,122.63,115.6,122.4,180714119
1/17/2023 16:00:00,125.7,131.7,125.02,131.49,186476985
1/18/2023 16:00:00,136.56,136.68,127.01,128.78,195680318
1/19/2023 16:00:00,127.26,129.99,124.31,127.17,170291880
1/20/2023 16:00:00,128.68,133.51,127.35,133.42,138858136
1/23/2023 16:00:00,135.87,145.38,134.27,143.75,203119211
1/24/2023 16:00:00,143,146.5,141.1,143.89,158699056
1/25/2023 16:00:00,141.91,146.41,138.07,144.43,192734347
1/26/2023 16:00:00,159.97,161.42,154.76,160.27,234815090
1/27/2023 16:00:00,162.43,180.68,161.17,177.9,306590613
1/30/2023 16:00:00,178.05,179.77,166.5,166.66,230878807
1/31/2023 16:00:00,164.57,174.3,162.78,173.22,196813541
2/1/2023 16:00:00,173.89,183.81,169.93,181.41,213806323
2/2/2023 16:00:00,187.33,196.75,182.61,188.27,217448287
2/3/2023 16:00:00,183.95,199,183.69,189.98,232662023
2/6/2023 16:00:00,193.01,198.17,189.92,194.76,186188131
2/7/2023 16:00:00,196.43,197.5,189.55,196.81,186010325
2/8/2023 16:00:00,196.1,203,194.31,201.29,180673644
2/9/2023 16:00:00,207.78,214,204.77,207.32,215431442
2/10/2023 16:00:00,202.23,206.2,192.89,196.89,204754129
2/13/2023 16:00:00,194.42,196.3,187.61,194.64,172475452
2/14/2023 16:00:00,191.94,209.82,189.44,209.25,216455708
2/15/2023 16:00:00,211.76,214.66,206.11,214.24,182108581
2/16/2023 16:00:00,210.78,217.65,201.84,202.04,229586538
2/17/2023 16:00:00,199.99,208.44,197.5,208.31,213738549
2/21/2023 16:00:00,204.99,209.71,197.22,197.37,180018588
2/22/2023 16:00:00,197.93,201.99,191.78,200.86,191828457
2/23/2023 16:00:00,203.91,205.14,196.33,202.07,146359950
2/24/2023 16:00:00,196.33,197.67,192.8,196.88,142228105
2/27/2023 16:00:00,202.03,209.42,201.26,207.63,161028315
2/28/2023 16:00:00,210.59,211.23,203.75,205.71,153144912
3/1/2023 16:00:00,206.21,207.2,198.52,202.77,156852790
3/2/2023 16:00:00,186.74,193.75,186.01,190.9,181979154
3/3/2023 16:00:00,194.8,200.48,192.88,197.79,154193277
3/6/2023 16:00:00,198.54,198.6,192.3,193.81,128100106
3/7/2023 16:00:00,191.38,194.2,186.1,187.71,148125790
3/8/2023 16:00:00,185.04,186.5,180,182,151897763
3/9/2023 16:00:00,180.25,185.18,172.51,172.92,170023794
3/10/2023 16:00:00,175.13,178.29,168.44,173.44,191488872
3/13/2023 16:00:00,167.46,177.35,163.91,174.48,167790256
3/14/2023 16:00:00,177.31,183.8,177.14,183.26,143717897
3/15/2023 16:00:00,180.8,182.34,176.03,180.45,145995583
3/16/2023 16:00:00,180.37,185.81,178.84,184.13,121374453
3/17/2023 16:00:00,184.52,186.22,177.33,180.13,133197140
3/20/2023 16:00:00,178.08,186.44,176.35,183.25,129684359
3/21/2023 16:00:00,188.28,198,188.04,197.58,153391444
3/22/2023 16:00:00,199.3,200.66,190.95,191.15,150376373
3/23/2023 16:00:00,195.26,199.31,188.65,192.22,144193876
3/24/2023 16:00:00,191.65,192.36,187.15,190.41,116531584
3/27/2023 16:00:00,194.42,197.39,189.94,191.81,120851587
3/28/2023 16:00:00,192,192.35,185.43,189.19,98654635
3/29/2023 16:00:00,193.13,195.29,189.44,193.88,123660026
3/30/2023 16:00:00,195.58,197.33,194.42,195.28,110252238
3/31/2023 16:00:00,197.53,207.79,197.2,207.46,170222118
4/3/2023 16:00:00,199.91,202.69,192.2,194.77,169545900
4/4/2023 16:00:00,197.32,198.74,190.32,192.58,126463845
4/5/2023 16:00:00,190.52,190.68,183.76,185.52,133882493
4/6/2023 16:00:00,183.08,186.39,179.74,185.06,123857932
4/10/2023 16:00:00,179.94,185.1,176.11,184.51,142154637
4/11/2023 16:00:00,186.69,189.19,185.65,186.79,115770892
4/12/2023 16:00:00,190.74,191.58,180.31,180.54,150256278
4/13/2023 16:00:00,182.96,186.5,180.94,185.9,112932985
4/14/2023 16:00:00,183.95,186.28,182.01,185,96438664
4/17/2023 16:00:00,186.32,189.69,182.69,187.04,116662189
4/18/2023 16:00:00,187.15,187.69,183.58,184.31,92067016
4/19/2023 16:00:00,179.1,183.5,177.65,180.59,125732687
4/20/2023 16:00:00,166.17,169.7,160.56,162.99,210970819
4/21/2023 16:00:00,164.8,166,161.32,165.08,123538954
4/24/2023 16:00:00,164.65,165.65,158.61,162.55,140006559
4/25/2023 16:00:00,159.82,163.47,158.75,160.67,121999312
4/26/2023 16:00:00,160.29,160.67,153.14,153.75,153364142
4/27/2023 16:00:00,152.64,160.48,152.37,160.19,127015177
4/28/2023 16:00:00,160.9,165,157.32,164.31,122515812
5/1/2023 16:00:00,163.17,163.28,158.83,161.83,109015048
5/2/2023 16:00:00,161.88,165.49,158.93,160.31,128259744
5/3/2023 16:00:00,160.01,165,159.91,160.61,119727972
5/4/2023 16:00:00,162.71,162.95,159.65,161.2,95108492
5/5/2023 16:00:00,163.97,170.79,163.51,170.06,107607259
5/8/2023 16:00:00,173.72,173.8,169.19,171.79,112249449
5/9/2023 16:00:00,168.95,169.82,166.56,169.15,88965043
5/10/2023 16:00:00,172.55,174.43,166.68,168.54,119840693
5/11/2023 16:00:00,168.7,173.57,166.79,172.08,103889930
5/12/2023 16:00:00,176.07,177.38,167.23,167.98,157849625
5/15/2023 16:00:00,167.66,169.76,164.55,166.35,105592510
5/16/2023 16:00:00,165.65,169.52,164.35,166.52,98288792
5/17/2023 16:00:00,168.41,174.5,167.19,173.86,125473558
5/18/2023 16:00:00,174.22,177.06,172.45,176.89,109520332
5/19/2023 16:00:00,177.17,181.95,176.31,180.14,136196668
5/22/2023 16:00:00,180.7,189.32,180.11,188.87,132001430
5/23/2023 16:00:00,186.2,192.96,185.26,185.77,156952130
5/24/2023 16:00:00,182.23,184.22,178.22,182.9,137605054
5/25/2023 16:00:00,186.54,186.78,180.58,184.47,96870719
5/26/2023 16:00:00,184.62,198.6,184.53,193.17,162061496
5/30/2023 16:00:00,200.1,204.48,197.53,201.16,128818746
5/31/2023 16:00:00,199.78,203.95,195.12,203.93,150711736
6/1/2023 16:00:00,202.59,209.8,199.37,207.52,148029931
6/2/2023 16:00:00,210.15,217.25,209.75,213.97,164398372
6/5/2023 16:00:00,217.8,221.29,214.52,217.61,151143052
6/6/2023 16:00:00,216.14,221.91,212.53,221.31,146911576
6/7/2023 16:00:00,228,230.83,223.2,224.57,185710777
6/8/2023 16:00:00,224.22,235.23,223.01,234.86,164489739
6/9/2023 16:00:00,249.07,252.42,242.02,244.4,200242371
6/12/2023 16:00:00,247.94,250.97,244.59,249.83,150740523
6/13/2023 16:00:00,253.51,259.68,251.34,258.71,162384343
6/14/2023 16:00:00,260.17,261.57,250.5,256.79,170575536
6/15/2023 16:00:00,248.4,258.95,247.29,255.9,160171238
6/16/2023 16:00:00,258.92,263.6,257.21,260.54,167915649
6/20/2023 16:00:00,261.5,274.75,261.12,274.45,165611217
6/21/2023 16:00:00,275.13,276.99,257.78,259.46,211797109
6/22/2023 16:00:00,250.77,265,248.25,264.61,166875944
6/23/2023 16:00:00,259.29,262.45,252.8,256.6,177460803
6/26/2023 16:00:00,250.07,258.37,240.7,241.05,179990552
6/27/2023 16:00:00,243.24,250.39,240.85,250.21,164968214
6/28/2023 16:00:00,249.7,259.88,248.89,256.24,159770797
6/29/2023 16:00:00,258.03,260.74,253.61,257.5,131283360
6/30/2023 16:00:00,260.6,264.45,259.89,261.77,112620784
7/3/2023 13:05:00,276.49,284.25,275.11,279.82,119685891
7/5/2023 16:00:00,278.82,283.85,277.6,282.48,131530862
7/6/2023 16:00:00,278.09,279.97,272.88,276.54,120707419
7/7/2023 16:00:00,278.43,280.78,273.77,274.43,113879174
7/10/2023 16:00:00,276.47,277.52,265.1,269.61,119425405
7/11/2023 16:00:00,268.65,270.9,266.37,269.79,91972358
7/12/2023 16:00:00,276.33,276.52,271.46,271.99,95672139
7/13/2023 16:00:00,274.59,279.45,270.6,277.9,112681458
7/14/2023 16:00:00,277.01,285.3,276.31,281.38,120062369
7/17/2023 16:00:00,286.63,292.23,283.57,290.38,131569593
7/18/2023 16:00:00,290.15,295.26,286.01,293.34,112434713
7/19/2023 16:00:00,296.04,299.29,289.52,291.26,142355353
7/20/2023 16:00:00,279.56,280.93,261.2,262.9,175158273
7/21/2023 16:00:00,268,268,255.8,260.02,161796073
7/24/2023 16:00:00,255.85,269.85,254.12,269.06,137005037
7/25/2023 16:00:00,272.38,272.9,265,265.28,112757327
7/26/2023 16:00:00,263.25,268.04,261.75,264.35,95856177
7/27/2023 16:00:00,268.31,269.13,255.3,255.71,103697263
7/28/2023 16:00:00,259.86,267.25,258.23,266.44,111446026
7/31/2023 16:00:00,267.48,269.08,263.78,267.43,84582172
8/1/2023 16:00:00,266.26,266.47,260.25,261.07,83645720
8/2/2023 16:00:00,255.57,259.52,250.49,254.11,101752865
8/3/2023 16:00:00,252.04,260.49,252,259.32,97829545
8/4/2023 16:00:00,260.97,264.77,253.11,253.86,99539907
8/7/2023 16:00:00,251.45,253.65,242.76,251.45,111097943
8/8/2023 16:00:00,247.45,250.92,245.01,249.7,96642183
8/9/2023 16:00:00,250.87,251.1,241.9,242.19,101596324
8/10/2023 16:00:00,245.4,251.8,243,245.34,109498608
8/11/2023 16:00:00,241.77,243.79,238.02,242.65,99038642
8/14/2023 16:00:00,235.7,240.66,233.75,239.76,98595331
8/15/2023 16:00:00,238.73,240.5,232.61,232.96,88197599
8/16/2023 16:00:00,228.02,233.97,225.38,225.6,112484520
8/17/2023 16:00:00,226.06,226.74,218.83,219.22,120718417
8/18/2023 16:00:00,214.12,217.58,212.36,215.49,136276584
8/21/2023 16:00:00,221.55,232.13,220.58,231.28,135702671
8/22/2023 16:00:00,240.25,240.82,229.55,233.19,130597886
8/23/2023 16:00:00,229.34,238.98,229.29,236.86,101077635
8/24/2023 16:00:00,238.66,238.92,228.18,230.04,99777432
8/25/2023 16:00:00,231.31,239,230.35,238.59,106612231
8/28/2023 16:00:00,242.58,244.38,235.35,238.82,107673727
8/29/2023 16:00:00,238.58,257.48,237.77,257.18,134047603
8/30/2023 16:00:00,254.2,260.51,250.59,256.9,121988437
8/31/2023 16:00:00,255.98,261.18,255.05,258.08,108861698
9/1/2023 16:00:00,257.26,259.08,242.01,245.01,132541640
9/5/2023 16:00:00,245,258,244.86,256.49,129469565
9/6/2023 16:00:00,255.14,255.39,245.06,251.92,116959759
9/7/2023 16:00:00,245.07,252.81,243.27,251.49,115312886
9/8/2023 16:00:00,251.22,256.52,246.67,248.5,118559635
9/11/2023 16:00:00,264.27,274.85,260.61,273.58,174667852
9/12/2023 16:00:00,270.76,278.39,266.6,267.48,135999866
9/13/2023 16:00:00,270.07,274.98,268.1,271.3,111673737
9/14/2023 16:00:00,271.32,276.71,270.42,276.04,107709842
9/15/2023 16:00:00,277.55,278.98,271,274.39,133692313
9/18/2023 16:00:00,271.16,271.44,263.76,265.28,101543305
9/19/2023 16:00:00,264.35,267.85,261.2,266.5,103704040
9/20/2023 16:00:00,267.04,273.93,262.46,262.59,122514643
9/21/2023 16:00:00,257.85,260.86,254.21,255.7,119951516
9/22/2023 16:00:00,257.4,257.79,244.48,244.88,127524083
9/25/2023 16:00:00,243.38,247.1,238.31,246.99,104636557
9/26/2023 16:00:00,242.98,249.55,241.66,244.12,101993631
9/27/2023 16:00:00,244.26,245.33,234.58,240.5,136597184
9/28/2023 16:00:00,240.02,247.55,238.65,246.38,117058870
9/29/2023 16:00:00,250,254.77,246.35,250.22,128522729
10/2/2023 16:00:00,244.81,254.28,242.62,251.6,123810402
10/3/2023 16:00:00,248.61,250.02,244.45,246.53,101985305
10/4/2023 16:00:00,248.14,261.86,247.6,261.16,129721567
10/5/2023 16:00:00,260,263.6,256.25,260.05,119159214
10/6/2023 16:00:00,253.98,261.65,250.65,260.53,118121812
10/9/2023 16:00:00,255.31,261.36,252.05,259.67,101377947
10/10/2023 16:00:00,257.75,268.94,257.65,263.62,122656030
10/11/2023 16:00:00,266.2,268.6,260.9,262.99,103706266
10/12/2023 16:00:00,262.92,265.41,256.63,258.87,111508114
10/13/2023 16:00:00,258.9,259.6,250.22,251.12,102296786
10/16/2023 16:00:00,250.05,255.4,248.48,253.92,88917176
10/17/2023 16:00:00,250.1,257.18,247.08,254.85,93562909
10/18/2023 16:00:00,252.7,254.63,242.08,242.68,125147846
10/19/2023 16:00:00,225.95,230.61,216.78,220.11,170772713
10/20/2023 16:00:00,217.01,218.86,210.42,211.99,138010095
10/23/2023 16:00:00,210,216.98,202.51,212.08,150683368
10/24/2023 16:00:00,216.5,222.05,214.11,216.52,118231113
10/25/2023 16:00:00,215.88,220.1,212.2,212.42,107065087
10/26/2023 16:00:00,211.32,214.8,204.88,205.76,115112635
10/27/2023 16:00:00,210.6,212.41,205.77,207.3,94881173
10/30/2023 16:00:00,209.28,210.88,194.67,197.36,136448167
10/31/2023 16:00:00,196.12,202.8,194.07,200.84,118068273
11/1/2023 16:00:00,204.04,205.99,197.85,205.66,121661656
11/2/2023 16:00:00,212.97,219.2,211.45,218.51,125987621
11/3/2023 16:00:00,221.15,226.37,218.4,219.96,119534790
11/6/2023 16:00:00,223.98,226.32,215,219.27,117335820
11/7/2023 16:00:00,219.98,223.12,215.72,222.18,116900130
11/8/2023 16:00:00,223.15,224.15,217.64,222.11,106584841
11/9/2023 16:00:00,219.75,220.8,206.68,209.98,142110454
11/10/2023 16:00:00,210.03,215.38,205.69,214.65,131310128
11/13/2023 16:00:00,215.6,225.4,211.61,223.71,140447569
11/14/2023 16:00:00,235.03,238.14,230.72,237.41,149771642
11/15/2023 16:00:00,239.29,246.7,236.45,242.84,150353975
11/16/2023 16:00:00,239.49,240.88,230.96,233.59,136816819
11/17/2023 16:00:00,232,237.39,226.54,234.3,142766234
11/20/2023 16:00:00,234.04,237.1,231.02,235.6,116562402
11/21/2023 16:00:00,235.04,243.62,233.34,241.2,122288000
11/22/2023 16:00:00,242.04,244.01,231.4,234.21,118117078
11/24/2023 13:05:00,233.75,238.75,232.33,235.45,65125203
11/27/2023 16:00:00,236.89,238.33,232.1,236.08,112031763
11/28/2023 16:00:00,236.68,247,234.01,246.72,148549913
11/29/2023 16:00:00,249.21,252.75,242.76,244.14,135401335
11/30/2023 16:00:00,245.14,245.22,236.91,240.08,132353196
12/1/2023 16:00:00,233.14,240.19,231.9,238.83,121331709
12/4/2023 16:00:00,235.75,239.37,233.29,235.58,104099817
12/5/2023 16:00:00,233.87,246.66,233.7,238.72,137971115
12/6/2023 16:00:00,242.92,246.57,239.17,239.37,126436179
12/7/2023 16:00:00,241.55,244.08,236.98,242.64,107142262
12/8/2023 16:00:00,240.27,245.27,239.27,243.84,103126829
12/11/2023 16:00:00,242.74,243.44,237.45,239.74,97913888
12/12/2023 16:00:00,238.55,238.99,233.87,237.01,95328313
12/13/2023 16:00:00,234.19,240.3,228.2,239.29,146286348
12/14/2023 16:00:00,241.22,253.88,240.79,251.05,160829239
12/15/2023 16:00:00,251.21,254.13,248.3,253.5,135932762
12/18/2023 16:00:00,253.78,258.74,251.36,252.08,116416490
12/19/2023 16:00:00,253.48,258.34,253.01,257.22,106737369
12/20/2023 16:00:00,256.41,259.84,247,247.14,125096987
12/21/2023 16:00:00,251.9,254.8,248.55,254.5,109594227
12/22/2023 16:00:00,256.76,258.22,251.37,252.54,93370094
12/26/2023 16:00:00,254.49,257.97,252.91,256.61,86892382
12/27/2023 16:00:00,258.35,263.34,257.52,261.44,106494359
12/28/2023 16:00:00,263.66,265.13,252.71,253.18,113619943
12/29/2023 16:00:00,255.1,255.19,247.43,248.48,100891578
1/2/2024 16:00:00,250.08,251.25,244.41,248.42,104654163
1/3/2024 16:00:00,244.98,245.68,236.32,238.45,121082599
1/4/2024 16:00:00,239.25,242.7,237.73,237.93,102629283
1/5/2024 16:00:00,236.86,240.12,234.9,237.49,92488939
1/8/2024 16:00:00,236.14,241.25,235.3,240.45,85166580
1/9/2024 16:00:00,238.11,238.96,232.04,234.96,96705664
1/10/2024 16:00:00,235.1,235.5,231.29,233.94,91628502
1/11/2024 16:00:00,230.57,230.93,225.37,227.22,105873612
1/12/2024 16:00:00,220.08,225.34,217.15,218.89,123043812
1/16/2024 16:00:00,215.1,223.49,212.18,219.91,115355046
1/17/2024 16:00:00,214.86,215.67,212.01,215.55,103164400
1/18/2024 16:00:00,216.88,217.45,208.74,211.88,108595431
1/19/2024 16:00:00,209.99,213.19,207.56,212.19,102260343
1/22/2024 16:00:00,212.26,217.8,206.27,208.8,117952527
1/23/2024 16:00:00,211.3,215.65,207.75,209.14,106605946
1/24/2024 16:00:00,211.88,212.73,206.77,207.83,123369932
1/25/2024 16:00:00,189.7,193,180.06,182.63,198076787
1/26/2024 16:00:00,185.5,186.78,182.1,183.25,107343231
1/29/2024 16:00:00,185.63,191.48,183.67,190.93,125013148
1/30/2024 16:00:00,195.33,196.36,190.61,191.59,109982327
1/31/2024 16:00:00,187,193.97,185.85,187.29,103221430
2/1/2024 16:00:00,188.5,189.88,184.28,188.86,91843275
2/2/2024 16:00:00,185.04,188.69,182,187.91,110612672
2/5/2024 16:00:00,184.26,184.68,175.01,181.06,134294447
2/6/2024 16:00:00,177.21,186.49,177.11,185.1,122675954
2/7/2024 16:00:00,188.18,189.79,182.68,187.58,111535217
2/8/2024 16:00:00,189,191.62,185.58,189.56,83034043
2/9/2024 16:00:00,190.18,194.12,189.48,193.57,84476347
2/12/2024 16:00:00,192.11,194.73,187.28,188.13,95498597
2/13/2024 16:00:00,183.99,187.26,182.11,184.02,86759478
2/14/2024 16:00:00,185.3,188.89,183.35,188.71,81202987
2/15/2024 16:00:00,189.16,200.88,188.86,200.45,120831762
2/16/2024 16:00:00,202.06,203.17,197.4,199.95,111346705
2/20/2024 16:00:00,196.13,198.6,189.13,193.76,104545762
2/21/2024 16:00:00,193.36,199.44,191.95,194.77,103844008
2/22/2024 16:00:00,194,198.32,191.36,197.41,92739461
2/23/2024 16:00:00,195.31,197.57,191.5,191.97,78841917
2/26/2024 16:00:00,192.29,201.78,192,199.4,111747116
2/27/2024 16:00:00,204.04,205.6,198.26,199.73,108645412
2/28/2024 16:00:00,200.42,205.3,198.44,202.04,99806173
2/29/2024 16:00:00,204.18,205.28,198.45,201.88,85906974
3/1/2024 16:00:00,200.52,204.52,198.5,202.64,82243119
3/4/2024 16:00:00,198.73,199.75,186.72,188.14,134334869
3/5/2024 16:00:00,183.05,184.59,177.57,180.74,119660758
3/6/2024 16:00:00,179.99,181.58,173.7,176.54,107920944
3/7/2024 16:00:00,174.35,180.04,173.7,178.65,102129004
3/8/2024 16:00:00,181.5,182.73,174.7,175.34,85544644
3/11/2024 16:00:00,175.45,182.87,174.8,177.77,85391528
3/12/2024 16:00:00,177.77,179.43,172.41,177.54,87391684
3/13/2024 16:00:00,173.05,176.05,169.15,169.48,106524518
3/14/2024 16:00:00,167.77,171.17,160.51,162.5,126325696
3/15/2024 16:00:00,163.16,165.18,160.76,163.57,97146832
3/18/2024 16:00:00,170.02,174.72,165.9,173.8,108214358
3/19/2024 16:00:00,172.36,172.82,167.42,171.32,77271428
3/20/2024 16:00:00,173,176.25,170.82,175.66,83846726
3/21/2024 16:00:00,176.39,178.18,171.8,172.82,73178014
3/22/2024 16:00:00,166.69,171.2,166.3,170.83,75580637
3/25/2024 16:00:00,168.76,175.24,168.73,172.63,74228615
3/26/2024 16:00:00,178.58,184.25,177.38,177.67,113186227
3/27/2024 16:00:00,181.41,181.91,176,179.83,81804043
3/28/2024 16:00:00,177.45,179.57,175.3,175.79,77654838
4/1/2024 16:00:00,176.17,176.75,170.21,175.22,81562127
4/2/2024 16:00:00,164.75,167.69,163.43,166.63,116650594
4/3/2024 16:00:00,164.02,168.82,163.28,168.38,82950141
4/4/2024 16:00:00,170.07,177.19,168.01,171.11,123161960
4/5/2024 16:00:00,169.08,170.86,160.51,164.9,143157603
4/8/2024 16:00:00,169.34,174.5,167.79,172.98,104423320
4/9/2024 16:00:00,172.91,179.22,171.92,176.88,103232675
4/10/2024 16:00:00,173.04,174.93,170.01,171.76,84532407
4/11/2024 16:00:00,172.55,175.88,168.51,174.6,94515987
4/12/2024 16:00:00,172.34,173.81,170.36,171.05,64722669
4/15/2024 16:00:00,170.24,170.69,161.38,161.48,100245310
4/16/2024 16:00:00,156.74,158.19,153.75,157.11,96999956
4/17/2024 16:00:00,157.64,158.33,153.78,155.45,82439718
4/18/2024 16:00:00,151.25,152.2,148.7,149.93,96098830
4/19/2024 16:00:00,148.97,150.94,146.22,147.05,87074500
4/22/2024 16:00:00,140.56,144.44,138.8,142.05,107097564
4/23/2024 16:00:00,143.33,147.26,141.11,144.68,124545104
4/24/2024 16:00:00,162.84,167.97,157.51,162.13,181178020
4/25/2024 16:00:00,158.96,170.88,158.36,170.18,126427521
4/26/2024 16:00:00,168.85,172.12,166.37,168.29,109815725
4/29/2024 16:00:00,188.42,198.87,184.54,194.05,243869678
4/30/2024 16:00:00,186.98,190.95,182.84,183.28,127031787
5/1/2024 16:00:00,182,185.86,179.01,179.99,92829719
5/2/2024 16:00:00,182.86,184.6,176.02,180.01,89148041
5/3/2024 16:00:00,182.1,184.78,178.42,181.19,75491539
5/6/2024 16:00:00,183.8,187.56,182.2,184.76,84390253
5/7/2024 16:00:00,182.4,183.26,177.4,177.81,75045854
5/8/2024 16:00:00,171.59,176.06,170.15,174.72,79969488
5/9/2024 16:00:00,175.01,175.62,171.37,171.97,65950292
5/10/2024 16:00:00,173.05,173.06,167.75,168.47,72627178
5/13/2024 16:00:00,170,175.4,169,171.89,67018903
5/14/2024 16:00:00,174.5,179.49,174.07,177.55,86407422
5/15/2024 16:00:00,179.9,180,173.11,173.99,79662993
5/16/2024 16:00:00,174.1,175.79,171.43,174.84,59812220
5/17/2024 16:00:00,173.55,179.63,172.75,177.46,77445845
5/20/2024 16:00:00,177.56,177.75,173.52,174.95,61727425
5/21/2024 16:00:00,175.51,186.88,174.71,186.6,115266512
5/22/2024 16:00:00,182.85,183.8,178.12,180.11,88313477
5/23/2024 16:00:00,181.8,181.9,173.26,173.74,71975496
5/24/2024 16:00:00,174.84,180.08,173.73,179.24,65584478
5/28/2024 16:00:00,176.4,178.25,173.16,176.75,59736620
5/29/2024 16:00:00,174.19,178.15,173.93,176.19,54782649
5/30/2024 16:00:00,178.58,182.67,175.38,178.79,77784755
5/31/2024 16:00:00,178.5,180.32,173.82,178.08,67314602
6/3/2024 16:00:00,178.13,182.64,174.49,176.29,68568920
6/4/2024 16:00:00,174.78,177.76,174,174.77,60056340
6/5/2024 16:00:00,175.35,176.15,172.13,175,57953756
6/6/2024 16:00:00,174.6,179.73,172.73,177.94,69887024
6/7/2024 16:00:00,176.13,179.35,175.58,177.48,56244932
6/10/2024 16:00:00,176.06,178.57,173.17,173.79,50869682
6/11/2024 16:00:00,173.92,174.75,167.41,170.66,64761928
6/12/2024 16:00:00,171.12,180.55,169.8,177.29,90389446
6/13/2024 16:00:00,188.39,191.08,181.23,182.47,118984122
6/14/2024 16:00:00,185.8,186,176.92,178.01,82038194
6/17/2024 16:00:00,177.92,188.81,177,187.44,109786083
6/18/2024 16:00:00,186.56,187.2,182.37,184.86,68982265
6/20/2024 16:00:00,184.68,185.21,179.66,181.57,55893139
6/21/2024 16:00:00,182.3,183.95,180.69,183.01,63029482
6/24/2024 16:00:00,184.97,188.8,182.55,182.58,61992070
6/25/2024 16:00:00,184.4,187.97,182.01,187.35,63678265
6/26/2024 16:00:00,186.54,197.76,186.36,196.37,95737066
6/27/2024 16:00:00,195.17,198.72,194.05,197.42,72746521
6/28/2024 16:00:00,199.55,203.2,195.26,197.88,95438068
7/1/2024 16:00:00,201.02,213.23,200.85,209.86,135691395
7/2/2024 16:00:00,218.89,231.3,218.06,231.26,205047920
7/3/2024 13:05:00,234.56,248.35,234.25,246.39,166561471
7/5/2024 16:00:00,249.81,252.37,242.46,251.52,154501152
7/8/2024 16:00:00,247.71,259.44,244.57,252.94,157219580
7/9/2024 16:00:00,251,265.61,250.3,262.33,160742516
7/10/2024 16:00:00,262.8,267.59,257.86,263.26,128519430
7/11/2024 16:00:00,263.3,271,239.65,241.03,221707273
7/12/2024 16:00:00,235.8,251.84,233.09,248.23,155955773
7/15/2024 16:00:00,255.97,265.6,251.73,252.64,146912920
7/16/2024 16:00:00,255.31,258.62,245.8,256.56,126332470
7/17/2024 16:00:00,252.73,258.47,246.18,248.5,115584810
7/18/2024 16:00:00,251.09,257.14,247.2,249.23,110869037
7/19/2024 16:00:00,247.79,249.44,236.83,239.2,87403903
7/22/2024 16:00:00,244.21,253.21,243.75,251.51,101225430
7/23/2024 16:00:00,253.6,255.76,245.63,246.38,111928192
7/24/2024 16:00:00,225.42,225.99,214.71,215.99,167942939
7/25/2024 16:00:00,216.8,226,216.23,220.25,100636466
7/26/2024 16:00:00,221.19,222.28,215.33,219.8,94604145
7/29/2024 16:00:00,224.9,234.27,224.7,232.1,129201789
7/30/2024 16:00:00,232.25,232.41,220,222.62,100560334
7/31/2024 16:00:00,227.9,234.68,226.79,232.07,67497011
8/1/2024 16:00:00,227.69,231.87,214.33,216.86,83861898
8/2/2024 16:00:00,214.88,216.13,205.78,207.67,82880120
8/5/2024 16:00:00,185.22,203.88,182,198.88,100308836
8/6/2024 16:00:00,200.75,202.9,192.67,200.64,73783942
8/7/2024 16:00:00,200.77,203.49,191.48,191.76,71159778
8/8/2024 16:00:00,195.7,200.7,192.04,198.84,65033874
8/9/2024 16:00:00,197.05,200.88,195.11,200,58648274
8/12/2024 16:00:00,199.02,199.26,194.67,197.49,64044903
8/13/2024 16:00:00,198.47,208.49,197.06,207.83,76247387
8/14/2024 16:00:00,207.39,208.44,198.75,201.38,70250014
8/15/2024 16:00:00,205.02,215.88,204.82,214.14,89848530
8/16/2024 16:00:00,211.15,219.8,210.8,216.12,88765122
8/19/2024 16:00:00,217.07,222.98,214.09,222.72,76435222
8/20/2024 16:00:00,224.88,228.22,219.56,221.1,74001182
8/21/2024 16:00:00,222.67,224.66,218.86,223.27,70145964
8/22/2024 16:00:00,223.82,224.8,210.32,210.66,79514482
8/23/2024 16:00:00,214.46,221.48,214.21,220.32,81525207
8/26/2024 16:00:00,218.75,219.09,211.01,213.21,59301187
8/27/2024 16:00:00,213.25,215.66,206.94,209.21,62821390
8/28/2024 16:00:00,209.72,211.84,202.59,205.75,64116350
8/29/2024 16:00:00,209.8,214.89,205.97,206.28,62308818
8/30/2024 16:00:00,208.63,214.57,207.03,214.11,63370608
9/3/2024 16:00:00,215.26,219.9,209.64,210.6,76714222
9/4/2024 16:00:00,210.59,222.22,210.57,219.41,80651767
9/5/2024 16:00:00,223.49,235,222.25,230.17,119355013
9/6/2024 16:00:00,232.6,233.6,210.51,210.73,112177004
9/9/2024 16:00:00,216.2,219.87,213.67,216.27,67443518
9/10/2024 16:00:00,220.07,226.4,218.64,226.17,78891136
9/11/2024 16:00:00,224.55,228.47,216.8,228.13,83548633
9/12/2024 16:00:00,224.66,231.45,223.83,229.81,72020042
9/13/2024 16:00:00,228,232.67,226.32,230.29,59515114
9/16/2024 16:00:00,229.3,229.96,223.53,226.78,54322995
9/17/2024 16:00:00,229.45,234.57,226.55,227.87,66761636
9/18/2024 16:00:00,230.09,235.68,226.88,227.2,78010204
9/19/2024 16:00:00,234,244.24,232.13,243.92,102694576
9/20/2024 16:00:00,241.52,243.99,235.92,238.25,99879070
9/23/2024 16:00:00,242.61,250,241.92,250,86927194
9/24/2024 16:00:00,254.08,257.19,249.05,254.27,88490999
9/25/2024 16:00:00,252.54,257.05,252.28,257.02,65034318
9/26/2024 16:00:00,260.6,261.75,251.53,254.22,67142193
9/27/2024 16:00:00,257.38,260.7,254.12,260.46,70988067
9/30/2024 16:00:00,259.04,264.86,255.77,261.63,80873381
10/1/2024 16:00:00,262.67,263.98,248.53,258.02,87397613
10/2/2024 16:00:00,247.55,251.16,241.5,249.02,93983930
10/3/2024 16:00:00,244.48,249.79,237.81,240.66,80729240
10/4/2024 16:00:00,246.69,250.96,244.58,250.08,86726285
10/7/2024 16:00:00,249,249.83,240.7,240.83,68113270
10/8/2024 16:00:00,243.56,246.21,240.56,244.5,56303160
10/9/2024 16:00:00,243.82,247.43,239.51,241.05,66289529
10/10/2024 16:00:00,241.81,242.79,232.34,238.77,83087063
10/11/2024 16:00:00,220.13,223.34,214.38,217.8,142628874
10/14/2024 16:00:00,220.13,221.91,213.74,219.16,86291923
10/15/2024 16:00:00,220.01,224.26,217.12,219.57,62988787
10/16/2024 16:00:00,221.4,222.82,218.93,221.33,49632824
10/17/2024 16:00:00,221.59,222.08,217.9,220.89,50791784
10/18/2024 16:00:00,220.71,222.28,219.23,220.7,49611867
10/21/2024 16:00:00,218.9,220.48,215.73,218.85,47328988
10/22/2024 16:00:00,217.31,218.22,215.26,217.97,43268741
10/23/2024 16:00:00,217.13,218.72,212.11,213.65,80938892
10/24/2024 16:00:00,244.68,262.12,242.65,260.48,204491903
10/25/2024 16:00:00,256.01,269.49,255.32,269.19,161611931
10/28/2024 16:00:00,270,273.54,262.24,262.51,107653603
10/29/2024 16:00:00,264.51,264.98,255.51,259.52,80521751
10/30/2024 16:00:00,258.04,263.35,255.82,257.55,53993576
10/31/2024 16:00:00,257.99,259.75,249.25,249.85,66575292
11/1/2024 16:00:00,252.04,254,246.63,248.98,57544757
11/4/2024 16:00:00,244.56,248.9,238.88,242.84,68802354
11/5/2024 16:00:00,247.34,255.28,246.21,251.44,69282505
11/6/2024 16:00:00,284.67,289.59,275.62,288.53,165228710
11/7/2024 16:00:00,288.89,299.75,285.52,296.91,117309232
11/8/2024 16:00:00,299.14,328.71,297.66,321.22,204782763
11/11/2024 16:00:00,346.3,358.64,336,350,210521625
11/12/2024 16:00:00,342.74,345.84,323.31,328.49,155726016
11/13/2024 16:00:00,335.85,344.6,322.5,330.24,125405599
11/14/2024 16:00:00,327.69,329.98,310.37,311.18,120726109
11/15/2024 16:00:00,310.57,324.68,309.22,320.72,114440286
11/18/2024 16:00:00,340.73,348.55,330.01,338.74,126547455
11/19/2024 16:00:00,335.76,347.38,332.75,346,88852452
11/20/2024 16:00:00,345,346.6,334.3,342.03,66340650
11/21/2024 16:00:00,343.81,347.99,335.28,339.64,58011719
11/22/2024 16:00:00,341.09,361.53,337.7,352.56,89140722
11/25/2024 16:00:00,360.14,361.93,338.2,338.59,95890899
11/26/2024 16:00:00,341,346.96,335.66,338.23,62295857
11/27/2024 16:00:00,341.8,342.55,326.59,332.89,57896439
11/29/2024 13:05:00,336.08,345.45,334.65,345.16,37167621
12/2/2024 16:00:00,352.38,360,351.15,357.09,77986478
12/3/2024 16:00:00,351.8,355.69,348.2,351.42,58267196
12/4/2024 16:00:00,353,358.1,348.6,357.93,50810874
12/5/2024 16:00:00,359.87,375.43,359.5,369.49,81403569
12/6/2024 16:00:00,377.42,389.49,370.8,389.22,81455834
12/9/2024 16:00:00,397.61,404.8,378.01,389.79,96359173
12/10/2024 16:00:00,392.68,409.73,390.85,400.99,97563578
12/11/2024 16:00:00,409.7,424.88,402.38,424.77,104287559
12/12/2024 16:00:00,424.84,429.3,415,418.1,87752225
12/13/2024 16:00:00,420,436.3,415.71,436.23,89000158
12/16/2024 16:00:00,441.09,463.19,436.15,463.02,114083811
12/17/2024 16:00:00,475.9,483.99,457.51,479.86,131222978
12/18/2024 16:00:00,466.5,488.54,427.01,440.13,149340788
12/19/2024 16:00:00,451.88,456.36,420.02,436.17,118566146
12/20/2024 16:00:00,425.51,447.08,417.64,421.06,132216176
12/23/2024 16:00:00,431,434.51,415.41,430.6,72698055
12/24/2024 13:05:00,435.9,462.78,435.14,462.28,59551750
12/26/2024 16:00:00,465.16,465.33,451.02,454.13,76651210
12/27/2024 16:00:00,449.52,450,426.5,431.66,82666821
12/30/2024 16:00:00,419.4,427,415.75,417.41,64941012
12/31/2024 16:00:00,423.79,427.93,402.54,403.84,76825121
1/2/2025 16:00:00,390.1,392.73,373.04,379.28,109710749
1/3/2025 16:00:00,381.48,411.88,379.45,410.44,95423329
1/6/2025 16:00:00,423.2,426.43,401.7,411.05,85516534
1/7/2025 16:00:00,405.83,414.33,390,394.36,75699525
1/8/2025 16:00:00,392.95,402.5,387.4,394.94,73038805
1/10/2025 16:00:00,391.4,399.28,377.29,394.74,62287333
1/13/2025 16:00:00,383.21,403.79,380.07,403.31,67580494
1/14/2025 16:00:00,414.34,422.64,394.54,396.36,84565022
1/15/2025 16:00:00,409.9,429.8,405.66,428.22,81375460
1/16/2025 16:00:00,423.49,424,409.13,413.82,68335151
1/17/2025 16:00:00,421.5,439.74,419.75,426.5,94991429
1/21/2025 16:00:00,432.64,433.2,406.31,424.07,87320894
1/22/2025 16:00:00,416.81,428,414.59,415.11,60963342
1/23/2025 16:00:00,416.06,420.73,408.95,412.38,50690592
1/24/2025 16:00:00,414.45,418.88,405.78,406.58,56427149
1/27/2025 16:00:00,394.8,406.69,389,397.15,58125510
1/28/2025 16:00:00,396.91,400.59,386.5,398.09,48910676
1/29/2025 16:00:00,395.21,398.59,384.48,389.1,68033648
1/30/2025 16:00:00,410.78,412.5,384.41,400.28,98092879
1/31/2025 16:00:00,401.53,419.99,401.34,404.6,83568219
2/3/2025 16:00:00,386.68,389.17,374.36,383.68,93732122
2/4/2025 16:00:00,382.63,394,381.4,392.21,57072235
2/5/2025 16:00:00,387.51,388.39,375.53,378.17,57614721
2/6/2025 16:00:00,373.03,375.4,363.18,374.32,77918230
2/7/2025 16:00:00,370.19,380.55,360.34,361.62,70298258
2/10/2025 16:00:00,356.21,362.7,350.51,350.73,77514903
2/11/2025 16:00:00,345.8,349.37,325.1,328.5,118543400
2/12/2025 16:00:00,329.94,346.4,329.12,336.51,105382729
2/13/2025 16:00:00,345,358.69,342.85,355.94,89441519
2/14/2025 16:00:00,360.62,362,347.5,355.84,68277279
2/18/2025 16:00:00,355.01,359.1,350.02,354.11,51631702
2/19/2025 16:00:00,354,367.34,353.67,360.56,67094374
2/20/2025 16:00:00,361.51,362.3,348,354.4,45965354
2/21/2025 16:00:00,353.44,354.98,334.42,337.8,74058648
2/24/2025 16:00:00,338.14,342.4,324.7,330.53,76052321
2/25/2025 16:00:00,327.02,328.89,297.25,302.8,134228777
2/26/2025 16:00:00,303.71,309,288.04,290.8,100118276
2/27/2025 16:00:00,291.16,297.23,280.88,281.95,101748197
2/28/2025 16:00:00,279.5,293.88,273.6,292.98,115696968
3/3/2025 16:00:00,300.34,303.94,277.3,284.65,115551414
3/4/2025 16:00:00,270.93,284.35,261.84,272.04,126706623
3/5/2025 16:00:00,272.92,279.55,267.71,279.1,94042913
3/6/2025 16:00:00,272.06,272.65,260.02,263.45,98451566
3/7/2025 16:00:00,259.32,266.25,250.73,262.67,102369640
3/10/2025 16:00:00,252.54,253.37,220,222.15,189076948
3/11/2025 16:00:00,225.31,237.06,217.02,230.58,174896415
3/12/2025 16:00:00,247.22,251.84,241.1,248.09,142215681
3/13/2025 16:00:00,248.13,248.29,232.6,240.68,114813525
3/14/2025 16:00:00,247.31,251.58,240.73,249.98,100242264
3/17/2025 16:00:00,245.06,245.4,232.8,238.01,111900565
3/18/2025 16:00:00,228.16,230.1,222.28,225.31,111477636
3/19/2025 16:00:00,231.61,241.41,229.2,235.86,111993753
3/20/2025 16:00:00,233.35,238,230.05,236.26,99028270
3/21/2025 16:00:00,234.99,249.52,234.55,248.71,132728684
3/24/2025 16:00:00,258.08,278.64,256.33,278.39,169079865
3/25/2025 16:00:00,283.6,288.2,271.28,288.14,150361538
3/26/2025 16:00:00,282.66,284.9,266.51,272.06,156254441
3/27/2025 16:00:00,272.48,291.85,271.82,273.13,162572146
3/28/2025 16:00:00,275.58,276.1,260.57,263.55,123809389
3/31/2025 16:00:00,249.31,260.56,243.36,259.16,134008936
4/1/2025 16:00:00,263.8,277.45,259.25,268.46,146486911
4/2/2025 16:00:00,254.6,284.99,251.27,282.76,212787817
4/3/2025 16:00:00,265.29,276.3,261.51,267.28,136174291
4/4/2025 16:00:00,255.38,261,236,239.43,181229353
4/7/2025 16:00:00,223.78,252,214.25,233.29,183453776
4/8/2025 16:00:00,245,250.44,217.8,221.86,171603472
4/9/2025 16:00:00,224.69,274.69,223.88,272.2,219433373
4/10/2025 16:00:00,260,262.49,239.33,252.4,181722604
4/11/2025 16:00:00,251.84,257.74,241.36,252.31,128948085
4/14/2025 16:00:00,258.36,261.8,245.93,252.35,100135241
4/15/2025 16:00:00,249.91,258.75,247.54,254.11,79594318
4/16/2025 16:00:00,247.61,251.97,233.89,241.55,112378737
4/17/2025 16:00:00,243.47,244.34,237.68,241.37,83404775
4/21/2025 16:00:00,230.26,232.21,222.79,227.5,97768007
4/22/2025 16:00:00,230.96,242.79,229.85,237.97,120858452
4/23/2025 16:00:00,254.86,259.45,244.43,250.74,150381903
4/24/2025 16:00:00,250.5,259.54,249.2,259.51,94464195
4/25/2025 16:00:00,261.69,286.85,259.63,284.95,167560688
4/28/2025 16:00:00,288.98,294.86,272.42,285.88,151731771
4/29/2025 16:00:00,285.5,293.32,279.47,292.03,108906553
4/30/2025 16:00:00,279.9,284.45,270.78,282.16,128961057
5/1/2025 16:00:00,280.01,290.87,279.81,280.52,99658974
5/2/2025 16:00:00,284.9,294.78,279.81,287.21,114454683
5/5/2025 16:00:00,284.57,284.85,274.4,280.26,94618882
5/6/2025 16:00:00,273.11,277.73,271.35,275.35,76715792
5/7/2025 16:00:00,276.88,277.92,271,276.22,71882408
5/8/2025 16:00:00,279.63,289.8,279.41,284.82,97539448
5/9/2025 16:00:00,290.21,307.04,290,298.26,132387835
5/12/2025 16:00:00,321.99,322.21,311.5,318.38,112826661
5/13/2025 16:00:00,320,337.59,316.8,334.07,136992574
5/14/2025 16:00:00,342.5,350,337,347.68,136997264
5/15/2025 16:00:00,340.34,346.14,334.72,342.82,97882596
5/16/2025 16:00:00,346.24,351.62,342.33,349.98,95895665
5/19/2025 16:00:00,336.3,343,333.37,342.09,88869853
5/20/2025 16:00:00,347.87,354.99,341.63,343.82,131715548
5/21/2025 16:00:00,344.43,347.35,332.2,334.62,102354844
5/22/2025 16:00:00,344.43,347.35,332.2,334.62,5462213
5/23/2025 16:00:00,337.92,343.18,333.21,339.34,84654818
5/27/2025 16:00:00,347.35,363.79,347.32,362.89,120146414
5/28/2025 16:00:00,364.84,365,355.91,356.9,91404309
5/29/2025 16:00:00,365.29,367.71,356,358.43,88545666
5/30/2025 16:00:00,355.52,363.68,345.29,346.46,123474938
6/2/2025 16:00:00,343.5,348.02,333.33,342.69,81873829
6/3/2025 16:00:00,346.6,355.4,343.04,344.27,99324544
6/4/2025 16:00:00,345.1,345.6,327.33,332.05,98912075
6/5/2025 16:00:00,322.49,324.55,273.21,284.7,292818655
6/6/2025 16:00:00,298.83,305.5,291.14,295.14,164747685
6/9/2025 16:00:00,285.96,309.83,281.85,308.58,140908876
6/10/2025 16:00:00,314.94,327.83,310.67,326.09,151256520
6/11/2025 16:00:00,334.4,335.5,322.5,326.43,122611360
6/12/2025 16:00:00,323.08,332.56,316.86,319.11,105127536
6/13/2025 16:00:00,313.97,332.99,313.3,325.31,128964279
6/16/2025 16:00:00,331.29,332.05,326.41,329.13,83925858
6/17/2025 16:00:00,326.09,327.26,314.74,316.35,88282669
6/18/2025 16:00:00,317.31,329.32,315.45,322.05,95137686
6/20/2025 16:00:00,327.95,332.36,317.78,322.16,108688008
6/23/2025 16:00:00,327.54,357.54,327.48,348.68,190716815
6/24/2025 16:00:00,356.17,356.26,340.44,340.47,114736245
6/25/2025 16:00:00,342.7,343,320.4,327.55,119845050
6/26/2025 16:00:00,324.61,331.05,323.61,325.78,80440907
6/27/2025 16:00:00,324.51,329.34,317.5,323.63,89067049
6/30/2025 16:00:00,319.9,325.58,316.6,317.66,76695081
7/1/2025 16:00:00,298.46,305.89,293.21,300.71,145085665
7/2/2025 16:00:00,312.63,316.83,303.82,315.65,119483730
7/3/2025 13:05:00,317.99,318.45,312.76,315.35,58042302
7/7/2025 16:00:00,291.37,296.15,288.77,293.94,131177949
7/8/2025 16:00:00,297,304.05,294.35,297.81,103246742
7/9/2025 16:00:00,297.55,300.15,293.55,295.88,75586771
7/10/2025 16:00:00,300.05,310.48,300,309.87,104365271
7/11/2025 16:00:00,307.89,314.09,305.65,313.51,79236442
7/14/2025 16:00:00,317.73,322.6,312.67,316.9,78043430
7/15/2025 16:00:00,319.68,321.2,310.5,310.78,77556346
7/16/2025 16:00:00,312.8,323.5,312.62,321.67,97284786
7/17/2025 16:00:00,323.15,324.34,317.06,319.41,73922870
7/18/2025 16:00:00,321.66,330.9,321.42,329.65,94254993
7/21/2025 16:00:00,334.4,338,326.88,328.49,75768797
7/22/2025 16:00:00,329.74,335.41,321.55,332.11,77370371
7/23/2025 16:00:00,330.9,336.2,328.67,332.56,92553756
7/24/2025 16:00:00,310,310.15,300.41,305.3,156966023
7/25/2025 16:00:00,308.74,323.63,308.01,316.06,148227027
7/28/2025 16:00:00,318.45,330.49,315.69,325.59,112673755
7/29/2025 16:00:00,325.55,326.25,318.25,321.2,87358861
7/30/2025 16:00:00,322.18,324.45,311.62,319.04,83931942
7/31/2025 16:00:00,319.61,321.37,306.1,308.27,85270919
8/1/2025 16:00:00,306.21,309.31,297.82,302.63,89121446
8/4/2025 16:00:00,309.08,312.12,303,309.26,78683905
8/5/2025 16:00:00,308.95,312.45,305.5,308.72,57961278
8/6/2025 16:00:00,307.89,320.47,306.93,319.91,78523579
8/7/2025 16:00:00,319.79,322.4,316.16,322.27,66658672
8/8/2025 16:00:00,321.43,335.15,320.98,329.65,91200319
8/11/2025 16:00:00,335,346.64,334.15,339.03,105320174
8/12/2025 16:00:00,345,345.26,332.94,340.84,80690111
8/13/2025 16:00:00,341.5,348.98,338.2,339.38,67838892
8/14/2025 16:00:00,335.76,340.47,330.4,335.58,75000662
8/15/2025 16:00:00,337.66,339.3,327.02,330.56,74319792
8/18/2025 16:00:00,329.62,336.27,329.59,335.16,56956552
8/19/2025 16:00:00,335.79,340.55,327.85,329.31,75956002
8/20/2025 16:00:00,329.22,331.37,314.6,323.9,77481768
8/21/2025 16:00:00,322.08,324.9,318.68,320.11,55744445
8/22/2025 16:00:00,321.66,340.25,319.69,340.01,94016347
8/25/2025 16:00:00,338.9,349.53,335.03,346.6,86670037
8/26/2025 16:00:00,344.93,351.9,343.72,351.67,76651550
8/27/2025 16:00:00,351.94,355.39,349.16,349.6,65519012
8/28/2025 16:00:00,350.91,353.55,340.26,345.98,67903224
8/29/2025 16:00:00,347.23,348.75,331.7,333.87,81145660
9/2/2025 16:00:00,328.23,333.33,325.6,329.36,58391952
9/3/2025 16:00:00,335.2,343.33,328.51,334.09,88733288
9/4/2025 16:00:00,336.15,338.89,331.48,338.53,60711033
9/5/2025 16:00:00,348,355.87,344.68,350.84,108989785
9/8/2025 16:00:00,354.64,358.44,344.84,346.4,75208290
9/9/2025 16:00:00,348.44,350.77,343.82,346.97,53815991
9/10/2025 16:00:00,350.55,356.33,346.07,347.79,72121679
9/11/2025 16:00:00,350.17,368.99,347.6,368.81,103756010
9/12/2025 16:00:00,370.94,396.69,370.24,395.94,168156391
9/15/2025 16:00:00,423.13,425.7,402.43,410.04,163823667
9/16/2025 16:00:00,414.5,423.25,411.43,421.62,104285721
9/17/2025 16:00:00,415.75,428.31,409.67,425.86,106133532
9/18/2025 16:00:00,428.87,432.22,416.56,416.85,90454509
9/19/2025 16:00:00,421.82,429.47,421.72,426.07,93131034
9/22/2025 16:00:00,431.11,444.98,429.13,434.21,97108777
9/23/2025 16:00:00,439.88,440.97,423.72,425.85,83422691
9/24/2025 16:00:00,429.83,444.21,429.03,442.79,93133570
9/25/2025 16:00:00,435.24,435.35,419.08,423.39,96746426
9/26/2025 16:00:00,428.3,440.47,421.02,440.4,101628160
9/29/2025 16:00:00,444.35,450.98,439.5,443.21,79491510
9/30/2025 16:00:00,441.52,445,433.12,444.72,74357960
10/1/2025 16:00:00,443.8,462.29,440.75,459.46,98122285
10/2/2025 16:00:00,470.54,470.75,435.57,436,137008950
10/3/2025 16:00:00,443.29,446.77,416.58,429.83,133188180
10/6/2025 16:00:00,440.75,453.55,436.69,453.25,85324878
10/7/2025 16:00:00,447.82,452.68,432.45,433.09,102296082
10/8/2025 16:00:00,437.57,441.33,425.23,438.69,71192128
10/9/2025 16:00:00,431.81,436.35,426.18,435.54,69339928
10/10/2025 16:00:00,436.54,443.13,411.45,413.49,112107870
10/13/2025 16:00:00,423.53,436.89,419.7,435.9,79552785
10/14/2025 16:00:00,426.79,434.2,417.86,429.24,72669438
10/15/2025 16:00:00,434.9,440.51,426.33,435.15,71558185
10/16/2025 16:00:00,434.73,439.35,421.31,428.75,77189889
10/17/2025 16:00:00,425.5,441.46,423.6,439.31,89331578
10/20/2025 16:00:00,443.87,449.8,440.61,447.43,63718971
10/21/2025 16:00:00,445.76,449.3,442.05,442.6,54412169
10/22/2025 16:00:00,443.45,445.54,429,438.97,84023458
10/23/2025 16:00:00,420,449.4,413.9,448.98,126709833
10/24/2025 16:00:00,446.83,451.68,430.17,433.72,94727774
10/27/2025 16:00:00,439.98,460.16,438.69,452.42,105867547
10/28/2025 16:00:00,454.78,467,451.6,460.55,80185667
10/29/2025 16:00:00,462.5,465.7,452.65,461.51,67983544
10/30/2025 16:00:00,451.05,455.06,439.61,440.1,72447938
10/31/2025 16:00:00,446.75,458,443.69,456.56,83135787
11/3/2025 16:00:00,455.99,474.07,453.8,468.37,84595244
11/4/2025 16:00:00,454.46,460.22,443.6,444.26,87756644
11/5/2025 16:00:00,452.05,466.33,440.71,462.07,85573015
11/6/2025 16:00:00,461.96,467.45,435.09,445.91,109622907
11/7/2025 16:00:00,437.92,439.36,421.88,429.52,103471495
11/10/2025 16:00:00,439.6,449.67,433.36,445.23,76515907
11/11/2025 16:00:00,439.4,442.49,432.36,439.62,60533237
11/12/2025 16:00:00,442.15,442.33,426.56,430.6,58513520
11/13/2025 16:00:00,423.13,424.5,396.34,401.99,118948032
11/14/2025 16:00:00,386.3,412.19,382.78,404.35,105506682
11/17/2025 16:00:00,398.74,423.96,398.74,408.92,102214259
11/18/2025 16:00:00,405.38,408.9,393.71,401.25,80688637
11/19/2025 16:00:00,406.18,411.78,398.5,403.99,72047704
11/20/2025 16:00:00,414.63,428.94,394.74,395.23,113548827
11/21/2025 16:00:00,402.32,402.8,383.76,391.09,100460633
11/24/2025 16:00:00,402.17,421.72,401.09,417.78,96806374
11/25/2025 16:00:00,414.42,420.48,405.95,419.4,71915624
11/26/2025 16:00:00,423.95,426.94,416.89,426.58,63462996
11/28/2025 13:05:00,426.59,432.93,426.2,430.17,36252861
12/1/2025 16:00:00,425.32,433.66,425.29,430.14,57463552
12/2/2025 16:00:00,430.81,436.8,422.12,429.24,69336626
12/3/2025 16:00:00,432.1,447.92,431.11,446.74,87482964
12/4/2025 16:00:00,449.94,454.63,445.39,454.53,71906488
12/5/2025 16:00:00,453.03,458.87,451.66,455,56427522
12/8/2025 16:00:00,447.45,449.75,435.25,439.58,69165753
12/9/2025 16:00:00,437.54,452.39,435.7,445.17,62367442
12/10/2025 16:00:00,446.07,456.88,443.61,451.45,63257475
12/11/2025 16:00:00,448.95,449.27,440.33,446.89,55979492
12/12/2025 16:00:00,448.09,463.01,441.67,458.96,95656749
12/15/2025 16:00:00,469.44,481.77,467.66,475.31,114542204
12/16/2025 16:00:00,472.21,491.5,465.83,489.88,107608075
12/17/2025 16:00:00,488.22,495.28,466.2,467.26,106490405
12/18/2025 16:00:00,478.16,490.86,473.12,483.37,95168446
12/19/2025 16:00:00,488.12,490.49,474.72,481.2,103305424
12/22/2025 16:00:00,489.88,498.83,485.33,488.73,86916066
12/23/2025 16:00:00,489.4,491.97,482.84,485.56,58223633
12/24/2025 13:05:00,488.48,490.9,476.8,485.4,41285429
12/26/2025 16:00:00,485.23,489.09,473.82,475.19,58780659
12/29/2025 16:00:00,469,469.4,459,459.64,66263033
12/30/2025 16:00:00,461.09,463.12,453.83,454.43,59238464
12/31/2025 16:00:00,456.1,456.55,449.3,449.72,49077961
1/2/2026 16:00:00,457.8,458.34,435.3,438.07,85535406
1/5/2026 16:00:00,447.99,457.55,444.57,451.67,67940839
1/6/2026 16:00:00,446.38,448.25,428.78,432.96,89093758
1/7/2026 16:00:00,435.9,438.37,431.29,431.41,59828790
1/8/2026 16:00:00,427.89,436.89,424.37,435.8,57041094
1/9/2026 16:00:00,435.95,449.05,430.39,445.01,67331456
1/12/2026 16:00:00,441.23,454.3,438,448.96,61649627
1/13/2026 16:00:00,450.2,451.81,443.95,447.2,53719214
1/14/2026 16:00:00,442.81,443.91,434.22,439.2,57259500
1/15/2026 16:00:00,441.13,445.36,437.65,438.57,49465813
1/16/2026 16:00:00,439.5,447.25,435.26,437.5,60220551
1/20/2026 16:00:00,429.36,430.73,417.44,419.25,63187336
1/21/2026 16:00:00,421.66,438.2,419.62,431.44,68123987
1/22/2026 16:00:00,435.16,449.5,432.63,449.36,71546729
1/23/2026 16:00:00,447.43,452.43,444.04,449.06,56771364
1/26/2026 16:00:00,445,445.04,434.28,435.2,49397415
1/27/2026 16:00:00,437.41,437.52,430.69,430.9,37733077
1/28/2026 16:00:00,431.91,438.26,430.1,431.46,54857403
1/29/2026 16:00:00,437.8,440.23,414.62,416.56,81686127
1/30/2026 16:00:00,425.35,439.88,422.7,430.41,82626066
2/2/2026 16:00:00,421.29,427.15,414.5,421.81,58739455
2/3/2026 16:00:00,424.27,428.56,413.69,421.96,56886549
2/4/2026 16:00:00,420.46,423.9,399.18,406.01,74606873
2/5/2026 16:00:00,397.02,402.1,387.53,397.21,72819838
2/6/2026 16:00:00,400.87,414.55,397.75,411.11,62677144
2/9/2026 16:00:00,409.91,421.25,407.29,417.32,54484258
2/10/2026 16:00:00,418.08,427.25,417,425.21,64450233
2/11/2026 16:00:00,427.96,436.35,420.03,428.27,57361989
2/12/2026 16:00:00,430.3,436.23,414,417.07,61933359
2/13/2026 16:00:00,414.31,424.06,410.88,417.44,51434147
2/17/2026 16:00:00,412.36,413.72,400.51,410.63,59678789
2/18/2026 16:00:00,411.11,416.9,409.58,411.32,45921402
2/19/2026 16:00:00,407.25,415.25,404.11,411.71,51019638
2/20/2026 16:00:00,408.3,414.7,405.5,411.82,57912225
2/23/2026 16:00:00,407.29,407.7,394.04,399.83,69118036
2/24/2026 16:00:00,399.5,410.82,397.64,409.38,57626011
2/25/2026 16:00:00,412.15,420.34,412.15,417.4,53766486
2/26/2026 16:00:00,414.42,416.81,403.66,408.58,53208786
2/27/2026 16:00:00,402.94,407.12,398.11,402.51,56512409
3/2/2026 16:00:00,390.6,404.54,388.25,403.32,54451656
3/3/2026 16:00:00,395.09,396.34,385.39,392.43,62111287
3/4/2026 16:00:00,397.85,408.33,394.58,405.94,67195416
3/5/2026 16:00:00,401.57,408.62,399.42,405.55,51515619
3/6/2026 16:00:00,398.09,402.35,394.21,396.73,63542719
3/9/2026 16:00:00,390.05,401.59,381.4,398.68,66460628
3/10/2026 16:00:00,402.22,406.59,398.19,399.24,59007038
3/11/2026 16:00:00,402.28,416.38,402.15,407.82,62559930
3/12/2026 16:00:00,405.18,406.5,394.65,395.01,60973793
3/13/2026 16:00:00,399.17,400.2,389.95,391.2,58504091
3/16/2026 16:00:00,396.22,403.73,394.42,395.56,58068344
3/17/2026 16:00:00,395.69,400.12,393,399.27,46890468
3/18/2026 16:00:00,399,403.07,392.31,392.78,50853150
3/19/2026 16:00:00,387.27,387.27,378.73,380.3,67078260
3/20/2026 16:00:00,379.85,379.89,364.46,367.96,78628604
3/23/2026 16:00:00,373.09,385.33,372.73,380.85,74606049
3/24/2026 16:00:00,376.56,387.48,376.31,383.03,60004909
3/25/2026 16:00:00,389.99,396.23,385.01,385.95,55157266
3/26/2026 16:00:00,381.6,384.44,371.87,372.11,55522880
3/27/2026 16:00:00,369.69,369.86,359.47,361.83,62065659
3/30/2026 16:00:00,365.86,367.29,352.14,355.28,67954406
3/31/2026 16:00:00,361.51,373.33,361,371.75,75534935
4/1/2026 16:00:00,378.63,383.14,374.08,381.26,58683753
4/2/2026 16:00:00,364.2,370.28,359.03,360.59,83031226
4/6/2026 16:00:00,362.59,367.72,346.64,352.82,77697643
4/7/2026 16:00:00,346.44,348.02,337.24,346.65,74515356
4/8/2026 16:00:00,363.79,364.5,339.67,343.25,78838617
4/9/2026 16:00:00,343.15,348.88,337.25,345.62,62164017
4/10/2026 16:00:00,346.29,350.36,342.74,348.95,51336035
4/13/2026 16:00:00,350.07,356.35,348.57,352.42,53617478
4/14/2026 16:00:00,357.67,367.63,354.77,364.2,59979607
4/15/2026 16:00:00,366.83,394.65,362.5,391.95,113810356
4/16/2026 16:00:00,393.81,394.06,381.8,388.9,63515136
4/17/2026 16:00:00,395.92,409.28,391.65,400.62,90640032
4/20/2026 16:00:00,402.58,406.8,388.33,392.5,64603869
4/21/2026 16:00:00,393,393.95,385.22,386.42,50530612
4/22/2026 16:00:00,387.57,393.01,385.3,387.51,62362786
4/23/2026 16:00:00,375.28,386,368.39,373.72,93969510
4/24/2026 16:00:00,373.5,382.76,370.73,376.3,62893307
4/27/2026 16:00:00,372.09,380.78,364.02,378.67,66735817
4/28/2026 16:00:00,374.68,382.29,372.54,376.02,50864357
4/29/2026 16:00:00,375.4,376.4,370.04,372.8,45384836
4/30/2026 16:00:00,372.75,384.75,368.17,381.63,51076041
5/1/2026 16:00:00,382.49,397.82,378.8,390.82,65338257
5/4/2026 16:00:00,390.23,394.64,384.8,392.51,48765144
5/5/2026 16:00:00,395.19,402.12,389,389.37,47780632
5/6/2026 16:00:00,386.25,401.68,384.02,398.73,53465366
5/7/2026 16:00:00,407.48,415.83,402.12,411.79,64294225
5/8/2026 16:00:00,416.48,431.2,416.39,428.35,65049970
5/11/2026 16:00:00,422.16,449.16,416.8,445,78376127
5/12/2026 16:00:00,441.41,447.8,422.26,433.45,60569303
5/13/2026 16:00:00,436.67,453.4,430.21,445.27,68283230
5/14/2026 16:00:00,446.49,451.98,441.16,443.3,46070362
5/15/2026 16:00:00,433.98,434.66,422,422.24,52688743
5/18/2026 16:00:00,419.27,421.13,405.33,409.99,52474189
5/19/2026 16:00:00,403.16,405.63,393.63,404.11,46500552
5/20/2026 16:00:00,407.6,417.46,406.39,417.26,45294746
5/21/2026 16:00:00,422.18,426.95,412.9,417.85,42636855
5/22/2026 16:00:00,422.67,431.51,420.51,426.01,46104710
5/26/2026 16:00:00,430.26,435.2,426.12,433.59,45658898
5/27/2026 16:00:00,442.89,445.6,435.52,440.36,44656505
5/28/2026 16:00:00,437.62,443.96,436.3,442.1,32434996
5/29/2026 16:00:00,439.85,441.07,428.14,435.79,45176821
6/1/2026 16:00:00,427.49,429.6,415.43,415.88,44937852
6/2/2026 16:00:00,418.22,424.42,413.65,423.74,37596045
6/3/2026 16:00:00,418.7,433.6,416,423.7,44500734
6/4/2026 16:00:00,419.84,426.35,417.16,418.45,35323260
6/5/2026 16:00:00,420.5,424.68,388.59,391,63420178